city,timestamp,aqi,pm25,pm10,no2,so2,o3,co,temp,humidity,wind_speed,hour,day,month,day_of_week,is_weekend,pollutant_sum,temp_humidity_index,wind_temp_ratio,aqi_change_rate,target_aqi
Karachi,2025-01-01 00:00:00+00:00,5,274.78,381.43,111.04,43.87,0.07,4592.9,0.0,0,0.0,0,1,1,2,False,5404.09,0.0,0.0,0.0,5.0
Karachi,2025-01-03 15:00:00+00:00,5,221.1,278.78,50.72,45.78,214.58,1922.61,0.0,0,0.0,15,3,1,4,False,2733.5699999999997,0.0,0.0,0.0,5.0
Karachi,2025-01-02 07:00:00+00:00,5,171.36,228.2,39.76,22.89,65.8,1762.39,0.0,0,0.0,7,2,1,3,False,2290.4,0.0,0.0,0.0,5.0
Karachi,2025-01-04 12:00:00+00:00,3,37.51,66.66,15.42,20.74,91.55,694.27,0.0,0,0.0,12,4,1,5,True,926.15,0.0,0.0,-2.0,3.0
Karachi,2025-01-02 11:00:00+00:00,5,275.44,369.52,108.3,49.11,42.56,4219.06,0.0,0,0.0,11,2,1,3,False,5063.990000000001,0.0,0.0,0.0,5.0
Karachi,2025-01-01 07:00:00+00:00,5,128.43,174.78,33.59,22.65,72.96,1482.01,0.0,0,0.0,7,1,1,2,False,1914.42,0.0,0.0,0.0,5.0
Karachi,2025-01-01 21:00:00+00:00,5,219.42,331.2,127.49,53.41,17.34,3845.21,0.0,0,0.0,21,1,1,2,False,4594.07,0.0,0.0,0.0,5.0
Karachi,2025-01-02 01:00:00+00:00,5,159.49,240.54,44.55,25.03,64.37,1842.5,0.0,0,0.0,1,2,1,3,False,2376.48,0.0,0.0,0.0,5.0
Karachi,2025-01-01 17:00:00+00:00,5,120.93,198.26,65.8,85.83,120.16,1682.28,0.0,0,0.0,17,1,1,2,False,2273.26,0.0,0.0,0.0,5.0
Karachi,2025-01-04 15:00:00+00:00,3,17.22,32.04,7.54,10.49,123.02,423.91,0.0,0,0.0,15,4,1,5,True,614.22,0.0,0.0,0.0,3.0
Karachi,2025-01-03 01:00:00+00:00,5,518.26,640.77,175.48,41.96,0.0,8224.49,0.0,0,0.0,1,3,1,4,False,9600.96,0.0,0.0,0.0,5.0
Karachi,2025-01-02 18:00:00+00:00,5,418.72,544.56,260.47,79.15,2.7,6301.88,0.0,0,0.0,18,2,1,3,False,7607.4800000000005,0.0,0.0,0.0,5.0
Karachi,2025-01-03 12:00:00+00:00,5,215.92,287.33,78.14,51.02,124.45,2643.59,0.0,0,0.0,12,3,1,4,False,3400.4500000000003,0.0,0.0,0.0,5.0
Karachi,2025-01-04 05:00:00+00:00,3,37.82,53.38,11.82,5.54,95.84,620.84,0.0,0,0.0,5,4,1,5,True,825.24,0.0,0.0,-1.0,3.0
Karachi,2025-01-02 21:00:00+00:00,5,578.6,687.81,276.92,61.99,0.03,8651.73,0.0,0,0.0,21,2,1,3,False,10257.08,0.0,0.0,0.0,5.0
Karachi,2025-01-03 22:00:00+00:00,5,164.64,208.87,39.41,16.93,120.16,1508.71,0.0,0,0.0,22,3,1,4,False,2058.7200000000003,0.0,0.0,0.0,5.0
Karachi,2025-01-02 00:00:00+00:00,5,182.52,278.93,56.21,30.52,53.64,2323.15,0.0,0,0.0,0,2,1,3,False,2924.9700000000003,0.0,0.0,0.0,5.0
Karachi,2025-01-03 11:00:00+00:00,5,505.13,646.24,189.19,59.6,32.9,8010.86,0.0,0,0.0,11,3,1,4,False,9443.92,0.0,0.0,0.0,5.0
Karachi,2025-01-04 18:00:00+00:00,3,11.74,21.61,18.34,10.49,101.57,560.76,0.0,0,0.0,18,4,1,5,True,724.51,0.0,0.0,0.0,2.0
Karachi,2025-01-03 08:00:00+00:00,5,317.14,414.02,108.3,34.81,16.09,3952.03,0.0,0,0.0,8,3,1,4,False,4842.39,0.0,0.0,0.0,5.0
Karachi,2025-01-01 03:00:00+00:00,5,130.58,190.21,34.27,20.03,59.37,1602.17,0.0,0,0.0,3,1,1,2,False,2036.63,0.0,0.0,0.0,5.0
Karachi,2025-01-04 22:00:00+00:00,3,39.21,59.26,34.62,9.78,65.8,1081.47,0.0,0,0.0,22,4,1,5,True,1290.14,0.0,0.0,0.0,3.0
Karachi,2025-01-03 05:00:00+00:00,5,219.11,313.66,42.16,22.89,49.35,2109.53,0.0,0,0.0,5,3,1,4,False,2756.7000000000003,0.0,0.0,0.0,5.0
Karachi,2025-01-04 09:00:00+00:00,5,101.25,137.14,56.21,18.36,44.7,1815.8,0.0,0,0.0,9,4,1,5,True,2173.46,0.0,0.0,1.0,5.0
Karachi,2025-01-01 11:00:00+00:00,5,184.2,267.1,70.6,42.44,78.68,2696.99,0.0,0,0.0,11,1,1,2,False,3340.0099999999998,0.0,0.0,0.0,5.0
Karachi,2025-01-02 12:00:00+00:00,5,233.85,322.35,84.31,55.31,90.12,2990.72,0.0,0,0.0,12,2,1,3,False,3776.66,0.0,0.0,0.0,5.0
Karachi,2025-01-02 15:00:00+00:00,5,253.92,348.93,109.67,83.92,115.87,3150.94,0.0,0,0.0,15,2,1,3,False,4063.25,0.0,0.0,0.0,5.0
Karachi,2025-01-04 02:00:00+00:00,5,125.0,156.83,31.87,9.66,97.27,1308.44,0.0,0,0.0,2,4,1,5,True,1729.0700000000002,0.0,0.0,0.0,5.0
Karachi,2025-01-02 22:00:00+00:00,5,707.94,829.21,290.63,64.85,0.0,11001.59,0.0,0,0.0,22,2,1,3,False,12894.220000000001,0.0,0.0,0.0,5.0
Karachi,2025-01-03 19:00:00+00:00,5,119.7,152.15,23.65,13.59,155.93,961.3,0.0,0,0.0,19,3,1,4,False,1426.32,0.0,0.0,0.0,5.0
Karachi,2025-01-04 19:00:00+00:00,2,15.7,28.35,26.05,8.94,82.97,700.95,0.0,0,0.0,19,4,1,5,True,862.96,0.0,0.0,-1.0,2.0
Karachi,2025-01-03 09:00:00+00:00,5,397.58,510.29,138.46,44.82,6.71,5928.04,0.0,0,0.0,9,3,1,4,False,7025.9,0.0,0.0,0.0,5.0
Karachi,2025-01-01 04:00:00+00:00,5,124.79,177.9,27.08,19.31,69.38,1415.25,0.0,0,0.0,4,1,1,2,False,1833.71,0.0,0.0,0.0,5.0
Karachi,2025-01-01 18:00:00+00:00,5,133.4,215.62,94.59,87.74,82.25,2243.04,0.0,0,0.0,18,1,1,2,False,2856.64,0.0,0.0,0.0,5.0
Karachi,2025-01-03 23:00:00+00:00,5,176.99,223.61,43.87,16.93,107.29,1682.28,0.0,0,0.0,23,3,1,4,False,2250.9700000000003,0.0,0.0,0.0,5.0
Karachi,2025-01-02 08:00:00+00:00,5,218.3,284.69,81.57,29.8,34.33,2883.91,0.0,0,0.0,8,2,1,3,False,3532.6,0.0,0.0,0.0,5.0
Karachi,2025-01-04 13:00:00+00:00,3,26.39,48.78,9.77,15.5,110.15,520.71,0.0,0,0.0,13,4,1,5,True,731.3000000000001,0.0,0.0,0.0,3.0
Karachi,2025-01-01 22:00:00+00:00,5,216.98,331.08,97.33,42.92,28.97,3364.56,0.0,0,0.0,22,1,1,2,False,4081.84,0.0,0.0,0.0,5.0
Karachi,2025-01-03 02:00:00+00:00,5,332.48,445.66,122.01,30.99,0.03,4859.92,0.0,0,0.0,2,3,1,4,False,5791.09,0.0,0.0,0.0,5.0
Karachi,2025-01-02 04:00:00+00:00,5,154.01,211.54,24.68,20.03,81.54,1348.5,0.0,0,0.0,4,2,1,3,False,1840.3,0.0,0.0,0.0,5.0
Karachi,2025-01-01 08:00:00+00:00,5,158.69,214.13,61.69,29.09,54.36,2189.64,0.0,0,0.0,8,1,1,2,False,2707.6,0.0,0.0,0.0,5.0
Karachi,2025-01-01 14:00:00+00:00,5,135.98,213.3,41.13,68.66,150.2,1455.31,0.0,0,0.0,14,1,1,2,False,2064.58,0.0,0.0,0.0,5.0
Karachi,2025-01-04 06:00:00+00:00,3,30.48,47.55,10.97,6.5,92.98,547.41,0.0,0,0.0,6,4,1,5,True,735.89,0.0,0.0,0.0,3.0
Karachi,2025-01-04 10:00:00+00:00,5,109.24,151.08,51.41,22.89,46.49,1922.61,0.0,0,0.0,10,4,1,5,True,2303.72,0.0,0.0,0.0,5.0
Karachi,2025-01-02 05:00:00+00:00,5,158.2,214.34,24.68,20.27,79.39,1388.55,0.0,0,0.0,5,2,1,3,False,1885.4299999999998,0.0,0.0,0.0,5.0
Karachi,2025-01-04 14:00:00+00:00,3,22.89,41.9,8.48,12.64,120.16,473.98,0.0,0,0.0,14,4,1,5,True,680.05,0.0,0.0,0.0,3.0
Karachi,2025-01-03 06:00:00+00:00,5,227.36,317.72,42.16,23.37,54.36,2162.93,0.0,0,0.0,6,3,1,4,False,2827.8999999999996,0.0,0.0,0.0,5.0
Karachi,2025-01-02 16:00:00+00:00,5,330.27,442.06,178.22,85.83,70.1,4646.3,0.0,0,0.0,16,2,1,3,False,5752.78,0.0,0.0,0.0,5.0
Karachi,2025-01-01 12:00:00+00:00,5,163.51,242.92,53.47,47.21,115.87,2056.12,0.0,0,0.0,12,1,1,2,False,2679.1,0.0,0.0,0.0,5.0
Karachi,2025-01-03 20:00:00+00:00,5,117.6,149.55,18.16,12.4,154.5,894.55,0.0,0,0.0,20,3,1,4,False,1346.76,0.0,0.0,0.0,5.0
Karachi,2025-01-03 13:00:00+00:00,5,194.21,253.39,55.52,46.25,163.08,2002.72,0.0,0,0.0,13,3,1,4,False,2715.17,0.0,0.0,0.0,5.0
Karachi,2025-01-02 23:00:00+00:00,5,798.38,930.29,274.18,63.9,0.0,12390.14,0.0,0,0.0,23,2,1,3,False,14456.89,0.0,0.0,0.0,5.0
Karachi,2025-01-01 15:00:00+00:00,5,121.73,197.42,40.44,73.43,150.2,1295.09,0.0,0,0.0,15,1,1,2,False,1878.31,0.0,0.0,0.0,5.0
Karachi,2025-01-04 23:00:00+00:00,3,47.45,69.34,37.01,10.49,64.37,1214.98,0.0,0,0.0,23,4,1,5,True,1443.64,0.0,0.0,0.0,4.0
Karachi,2025-01-04 16:00:00+00:00,3,12.38,23.24,7.63,10.73,124.45,397.21,0.0,0,0.0,16,4,1,5,True,575.64,0.0,0.0,0.0,3.0
Karachi,2025-01-01 19:00:00+00:00,5,161.8,254.03,127.49,79.15,43.27,3097.53,0.0,0,0.0,19,1,1,2,False,3763.2700000000004,0.0,0.0,0.0,5.0
Karachi,2025-01-03 16:00:00+00:00,5,200.48,250.38,40.44,35.29,214.58,1588.82,0.0,0,0.0,16,3,1,4,False,2329.99,0.0,0.0,0.0,5.0
Karachi,2025-01-02 09:00:00+00:00,5,263.07,343.19,113.79,36.72,12.7,4165.65,0.0,0,0.0,9,2,1,3,False,4935.12,0.0,0.0,0.0,5.0
Karachi,2025-01-02 19:00:00+00:00,5,477.05,599.69,268.7,70.57,0.0,7476.81,0.0,0,0.0,19,2,1,3,False,8892.82,0.0,0.0,0.0,5.0
Karachi,2025-01-04 00:00:00+00:00,5,168.41,212.82,44.55,15.14,98.71,1642.23,0.0,0,0.0,0,4,1,5,True,2181.86,0.0,0.0,0.0,5.0
Karachi,2025-01-04 03:00:00+00:00,5,90.39,113.14,23.31,7.21,95.84,1094.82,0.0,0,0.0,3,4,1,5,True,1424.71,0.0,0.0,0.0,4.0
Karachi,2025-01-01 01:00:00+00:00,5,190.55,278.59,85.0,30.28,8.14,2964.02,0.0,0,0.0,1,1,1,2,False,3556.58,0.0,0.0,0.0,5.0
Karachi,2025-01-01 05:00:00+00:00,5,121.64,170.55,24.33,19.31,73.67,1321.79,0.0,0,0.0,5,1,1,2,False,1731.29,0.0,0.0,0.0,5.0
Karachi,2025-01-02 13:00:00+00:00,5,215.35,301.52,69.92,61.99,121.59,2456.67,0.0,0,0.0,13,2,1,3,False,3227.04,0.0,0.0,0.0,5.0
Karachi,2025-01-01 23:00:00+00:00,5,203.57,312.09,72.66,36.24,42.92,2830.51,0.0,0,0.0,23,1,1,2,False,3497.9900000000002,0.0,0.0,0.0,5.0
Karachi,2025-01-01 02:00:00+00:00,5,147.5,218.77,51.41,22.89,38.27,2056.12,0.0,0,0.0,2,1,1,2,False,2534.96,0.0,0.0,0.0,5.0
Karachi,2025-01-03 21:00:00+00:00,5,139.41,176.87,28.1,14.9,140.19,1174.93,0.0,0,0.0,21,3,1,4,False,1674.4,0.0,0.0,0.0,5.0
Karachi,2025-01-04 20:00:00+00:00,2,18.54,33.28,24.33,7.75,78.68,707.63,0.0,0,0.0,20,4,1,5,True,870.21,0.0,0.0,0.0,3.0
Karachi,2025-01-01 09:00:00+00:00,5,178.27,247.68,82.25,34.33,43.27,2777.1,0.0,0,0.0,9,1,1,2,False,3362.9,0.0,0.0,0.0,5.0
Karachi,2025-01-03 17:00:00+00:00,5,164.31,206.44,29.82,23.84,197.41,1241.68,0.0,0,0.0,17,3,1,4,False,1863.5,0.0,0.0,0.0,5.0
Karachi,2025-01-03 07:00:00+00:00,5,249.46,338.89,57.58,26.46,48.64,2563.48,0.0,0,0.0,7,3,1,4,False,3284.51,0.0,0.0,0.0,5.0
Karachi,2025-01-03 10:00:00+00:00,5,452.7,581.24,153.54,52.45,15.56,7370.0,0.0,0,0.0,10,3,1,4,False,8625.49,0.0,0.0,0.0,5.0
Karachi,2025-01-01 16:00:00+00:00,5,120.54,196.7,51.41,80.11,140.19,1455.31,0.0,0,0.0,16,1,1,2,False,2044.26,0.0,0.0,0.0,5.0
Karachi,2025-01-05 00:00:00+00:00,4,53.56,77.19,43.18,10.85,58.65,1361.85,0.0,0,0.0,0,5,1,6,True,1605.28,0.0,0.0,1.0,
Karachi,2025-01-02 20:00:00+00:00,5,520.49,633.88,268.7,61.99,0.02,7690.43,0.0,0,0.0,20,2,1,3,False,9175.51,0.0,0.0,0.0,5.0
Karachi,2025-01-04 07:00:00+00:00,3,36.54,56.86,17.48,8.82,82.97,714.3,0.0,0,0.0,7,4,1,5,True,916.97,0.0,0.0,0.0,4.0
Karachi,2025-01-02 03:00:00+00:00,5,146.7,207.26,26.39,20.27,80.82,1335.14,0.0,0,0.0,3,2,1,3,False,1816.58,0.0,0.0,0.0,5.0
Karachi,2025-01-04 11:00:00+00:00,5,95.6,138.29,41.13,26.7,59.37,1655.58,0.0,0,0.0,11,4,1,5,True,2016.6699999999998,0.0,0.0,0.0,3.0
Karachi,2025-01-02 06:00:00+00:00,5,160.47,215.91,27.42,20.5,75.82,1455.31,0.0,0,0.0,6,2,1,3,False,1955.4299999999998,0.0,0.0,0.0,5.0
Karachi,2025-01-03 03:00:00+00:00,5,242.77,348.49,84.31,25.27,7.33,2990.72,0.0,0,0.0,3,3,1,4,False,3698.89,0.0,0.0,0.0,5.0
Karachi,2025-01-03 14:00:00+00:00,5,212.01,272.16,54.15,48.64,191.69,2029.42,0.0,0,0.0,14,3,1,4,False,2808.07,0.0,0.0,0.0,5.0
Karachi,2025-01-02 02:00:00+00:00,5,145.42,213.2,32.9,21.22,75.1,1468.66,0.0,0,0.0,2,2,1,3,False,1956.5,0.0,0.0,0.0,5.0
Karachi,2025-01-04 17:00:00+00:00,3,9.57,18.22,8.48,10.61,120.16,390.53,0.0,0,0.0,17,4,1,5,True,557.5699999999999,0.0,0.0,0.0,3.0
Karachi,2025-01-01 06:00:00+00:00,5,120.37,166.26,25.02,19.79,75.82,1295.09,0.0,0,0.0,6,1,1,2,False,1702.35,0.0,0.0,0.0,5.0
Karachi,2025-01-03 04:00:00+00:00,5,219.75,318.95,54.15,23.37,32.54,2323.15,0.0,0,0.0,4,3,1,4,False,2971.91,0.0,0.0,0.0,5.0
Karachi,2025-01-01 10:00:00+00:00,5,183.25,262.43,80.2,37.67,52.93,2937.32,0.0,0,0.0,10,1,1,2,False,3553.8,0.0,0.0,0.0,5.0
Karachi,2025-01-03 00:00:00+00:00,5,724.47,857.26,230.31,55.31,0.0,11428.83,0.0,0,0.0,0,3,1,4,False,13296.18,0.0,0.0,0.0,5.0
Karachi,2025-01-04 08:00:00+00:00,4,64.41,91.49,36.67,12.87,62.94,1214.98,0.0,0,0.0,8,4,1,5,True,1483.3600000000001,0.0,0.0,1.0,5.0
Karachi,2025-01-01 20:00:00+00:00,5,195.22,298.16,142.57,65.8,21.28,3738.4,0.0,0,0.0,20,1,1,2,False,4461.43,0.0,0.0,0.0,5.0
Karachi,2025-01-02 17:00:00+00:00,5,375.07,497.6,227.57,82.97,30.76,5393.98,0.0,0,0.0,17,2,1,3,False,6607.95,0.0,0.0,0.0,5.0
Karachi,2025-01-04 04:00:00+00:00,4,56.39,73.1,16.28,5.9,97.27,821.11,0.0,0,0.0,4,4,1,5,True,1070.05,0.0,0.0,-1.0,3.0
Karachi,2025-01-02 10:00:00+00:00,5,274.52,364.42,113.79,42.44,19.49,4592.9,0.0,0,0.0,10,2,1,3,False,5407.5599999999995,0.0,0.0,0.0,5.0
Karachi,2025-01-01 13:00:00+00:00,5,149.43,226.28,45.24,57.22,138.76,1708.98,0.0,0,0.0,13,1,1,2,False,2325.91,0.0,0.0,0.0,5.0
Karachi,2025-01-04 21:00:00+00:00,3,27.8,45.4,29.13,8.58,72.24,881.2,0.0,0,0.0,21,4,1,5,True,1064.35,0.0,0.0,1.0,3.0
Karachi,2025-01-03 18:00:00+00:00,5,133.97,169.36,26.39,16.69,171.66,1054.76,0.0,0,0.0,18,3,1,4,False,1572.83,0.0,0.0,0.0,5.0
Karachi,2025-01-02 14:00:00+00:00,5,212.91,299.07,67.86,73.43,138.76,2269.74,0.0,0,0.0,14,2,1,3,False,3061.7699999999995,0.0,0.0,0.0,5.0
Karachi,2025-01-04 01:00:00+00:00,5,147.55,185.93,40.1,12.28,97.27,1482.01,0.0,0,0.0,1,4,1,5,True,1965.1399999999999,0.0,0.0,0.0,5.0
Karachi,2026-04-24 18:00:00+00:00,3,33.11,67.46,0.09,0.29,49.18,107.01,0.0,0,0.0,18,24,4,4,False,257.14,0.0,0.0,0.0,3.0
Karachi,2026-04-22 16:00:00+00:00,4,28.66,105.54,0.05,0.28,49.13,99.05,0.0,0,0.0,16,22,4,2,False,282.71000000000004,0.0,0.0,0.0,4.0
Karachi,2026-04-30 15:00:00+00:00,3,34.98,91.75,0.06,0.37,58.97,108.32,0.0,0,0.0,15,30,4,3,False,294.45,0.0,0.0,0.0,3.0
Karachi,2026-01-29 20:00:00+00:00,4,47.21,101.75,1.21,6.11,145.71,291.29,0.0,0,0.0,20,29,1,3,False,593.28,0.0,0.0,0.0,4.0
Karachi,2026-03-30 20:00:00+00:00,3,11.66,36.29,0.27,0.87,127.84,122.02,0.0,0,0.0,20,30,3,0,False,298.95,0.0,0.0,0.0,3.0
Karachi,2026-04-08 17:00:00+00:00,4,26.69,82.34,0.13,0.82,141.72,134.33,0.0,0,0.0,17,8,4,2,False,386.03,0.0,0.0,0.0,4.0
Karachi,2026-04-16 16:00:00+00:00,3,26.16,76.1,0.06,0.21,77.13,113.35,0.0,0,0.0,16,16,4,3,False,293.01,0.0,0.0,0.0,3.0
Karachi,2026-02-04 19:00:00+00:00,5,75.6,146.22,2.72,7.09,155.96,364.73,0.0,0,0.0,19,4,2,2,False,752.32,0.0,0.0,0.0,4.0
Karachi,2026-05-01 07:00:00+00:00,4,37.77,114.35,0.13,0.53,73.94,105.45,0.0,0,0.0,7,1,5,4,False,332.17,0.0,0.0,0.0,4.0
Karachi,2026-01-26 04:00:00+00:00,3,35.59,87.68,1.29,5.06,126.75,310.05,0.0,0,0.0,4,26,1,0,False,566.4200000000001,0.0,0.0,0.0,3.0
Karachi,2026-01-18 05:00:00+00:00,3,8.51,28.33,0.15,0.56,111.31,118.27,0.0,0,0.0,5,18,1,6,True,267.13,0.0,0.0,0.0,3.0
Karachi,2026-05-09 06:00:00+00:00,3,16.01,65.94,0.07,0.3,57.22,95.58,0.0,0,0.0,6,9,5,5,True,235.12,0.0,0.0,0.0,3.0
Karachi,2026-03-22 05:00:00+00:00,3,23.34,53.58,0.06,0.11,63.65,109.51,0.0,0,0.0,5,22,3,6,True,250.25,0.0,0.0,0.0,3.0
Karachi,2026-03-28 02:00:00+00:00,1,5.17,13.85,0.06,0.19,42.55,88.08,0.0,0,0.0,2,28,3,5,True,149.89999999999998,0.0,0.0,0.0,1.0
Karachi,2026-03-20 03:00:00+00:00,2,20.76,35.35,0.18,0.25,80.07,124.88,0.0,0,0.0,3,20,3,4,False,261.49,0.0,0.0,0.0,2.0
Karachi,2026-01-27 02:00:00+00:00,3,46.38,99.45,1.72,9.14,135.04,345.32,0.0,0,0.0,2,27,1,1,False,637.05,0.0,0.0,-1.0,3.0
Karachi,2026-01-04 06:00:00+00:00,3,25.21,44.46,0.24,1.95,115.75,181.25,0.0,0,0.0,6,4,1,6,True,368.86,0.0,0.0,0.0,3.0
Karachi,2026-03-06 04:00:00+00:00,3,25.08,54.62,0.07,0.34,79.92,112.95,0.0,0,0.0,4,6,3,4,False,272.97999999999996,0.0,0.0,0.0,3.0
Karachi,2026-05-01 04:00:00+00:00,4,37.22,110.11,0.11,0.49,72.69,106.61,0.0,0,0.0,4,1,5,4,False,327.23,0.0,0.0,0.0,4.0
Karachi,2026-03-14 03:00:00+00:00,4,54.34,157.37,0.17,0.35,99.47,125.68,0.0,0,0.0,3,14,3,5,True,437.38,0.0,0.0,0.0,4.0
Karachi,2026-05-06 06:00:00+00:00,3,19.99,89.6,0.07,0.26,55.32,114.39,0.0,0,0.0,6,6,5,2,False,279.63,0.0,0.0,0.0,3.0
Karachi,2026-01-07 12:00:00+00:00,4,58.79,137.3,1.58,6.17,124.75,276.92,0.0,0,0.0,12,7,1,2,False,605.51,0.0,0.0,0.0,4.0
Karachi,2026-03-11 03:00:00+00:00,3,26.73,57.31,0.07,0.18,72.03,114.79,0.0,0,0.0,3,11,3,2,False,271.11,0.0,0.0,0.0,3.0
Karachi,2026-02-08 08:00:00+00:00,4,50.79,95.7,0.09,0.18,101.82,213.0,0.0,0,0.0,8,8,2,6,True,461.58000000000004,0.0,0.0,0.0,4.0
Karachi,2026-02-05 01:00:00+00:00,4,53.11,100.23,3.24,6.92,118.29,371.51,0.0,0,0.0,1,5,2,3,False,653.3,0.0,0.0,0.0,4.0
Karachi,2026-01-29 17:00:00+00:00,4,42.89,96.78,0.8,4.84,145.38,263.07,0.0,0,0.0,17,29,1,3,False,553.76,0.0,0.0,0.0,4.0
Karachi,2026-05-05 17:00:00+00:00,3,19.38,85.64,0.06,0.37,49.5,116.05,0.0,0,0.0,17,5,5,1,False,271.0,0.0,0.0,0.0,3.0
Karachi,2026-04-02 17:00:00+00:00,1,3.93,6.44,0.07,0.11,57.98,112.47,0.0,0,0.0,17,2,4,3,False,181.0,0.0,0.0,-1.0,1.0
Karachi,2026-01-23 07:00:00+00:00,3,4.16,22.13,0.27,0.32,106.84,153.28,0.0,0,0.0,7,23,1,4,False,287.0,0.0,0.0,0.0,3.0
Karachi,2026-01-15 14:00:00+00:00,2,12.91,29.23,0.05,0.13,95.7,131.01,0.0,0,0.0,14,15,1,3,False,269.03,0.0,0.0,0.0,2.0
Karachi,2026-05-06 15:00:00+00:00,3,18.01,78.54,0.03,0.29,52.54,109.27,0.0,0,0.0,15,6,5,2,False,258.68,0.0,0.0,0.0,3.0
Karachi,2026-01-21 11:00:00+00:00,3,14.6,39.58,0.09,0.32,102.81,121.65,0.0,0,0.0,11,21,1,2,False,279.05,0.0,0.0,0.0,3.0
Karachi,2026-05-12 12:00:00+00:00,3,21.5,76.28,0.06,0.34,65.84,92.52,0.0,0,0.0,12,12,5,1,False,256.54,0.0,0.0,0.0,3.0
Karachi,2026-04-11 17:00:00+00:00,3,27.17,77.9,0.08,0.27,92.0,136.75,0.0,0,0.0,17,11,4,5,True,334.17,0.0,0.0,0.0,3.0
Karachi,2026-04-27 15:00:00+00:00,3,29.78,74.04,0.06,0.32,65.53,106.41,0.0,0,0.0,15,27,4,0,False,276.14,0.0,0.0,0.0,3.0
Karachi,2026-03-10 14:00:00+00:00,3,25.28,69.52,0.05,0.29,83.77,121.25,0.0,0,0.0,14,10,3,1,False,300.15999999999997,0.0,0.0,0.0,3.0
Karachi,2026-01-15 05:00:00+00:00,2,12.59,34.09,0.09,0.11,97.03,135.44,0.0,0,0.0,5,15,1,3,False,279.35,0.0,0.0,0.0,2.0
Karachi,2026-02-11 14:00:00+00:00,5,109.13,222.5,1.55,8.23,177.0,523.75,0.0,0,0.0,14,11,2,2,False,1042.16,0.0,0.0,0.0,5.0
Karachi,2026-01-03 23:00:00+00:00,3,41.47,67.6,0.29,2.99,123.14,231.23,0.0,0,0.0,23,3,1,5,True,466.72,0.0,0.0,0.0,3.0
Karachi,2026-02-27 22:00:00+00:00,4,44.91,170.63,0.16,1.28,119.35,136.82,0.0,0,0.0,22,27,2,4,False,473.15,0.0,0.0,0.0,4.0
Karachi,2026-03-25 05:00:00+00:00,2,13.78,28.76,0.07,0.15,48.95,104.5,0.0,0,0.0,5,25,3,2,False,196.21,0.0,0.0,0.0,2.0
Karachi,2026-04-22 22:00:00+00:00,4,31.91,100.09,0.1,0.32,54.36,102.32,0.0,0,0.0,22,22,4,2,False,289.09999999999997,0.0,0.0,0.0,3.0
Karachi,2026-04-08 01:00:00+00:00,3,28.56,90.7,0.21,0.95,115.18,131.74,0.0,0,0.0,1,8,4,2,False,367.34000000000003,0.0,0.0,0.0,3.0
Karachi,2026-02-11 01:00:00+00:00,3,33.08,66.31,0.13,0.36,90.8,158.9,0.0,0,0.0,1,11,2,2,False,349.58000000000004,0.0,0.0,0.0,3.0
Karachi,2026-04-24 09:00:00+00:00,3,33.21,74.07,0.08,0.29,47.4,105.83,0.0,0,0.0,9,24,4,4,False,260.88,0.0,0.0,0.0,3.0
Karachi,2026-02-27 09:00:00+00:00,3,26.52,93.92,0.1,0.54,92.3,123.53,0.0,0,0.0,9,27,2,4,False,336.90999999999997,0.0,0.0,0.0,3.0
Karachi,2026-03-11 06:00:00+00:00,2,24.82,48.0,0.06,0.21,75.47,114.01,0.0,0,0.0,6,11,3,2,False,262.57,0.0,0.0,-1.0,2.0
Karachi,2026-04-22 07:00:00+00:00,3,23.45,87.14,0.08,0.22,51.7,98.78,0.0,0,0.0,7,22,4,2,False,261.37,0.0,0.0,0.0,3.0
Karachi,2026-04-08 23:00:00+00:00,4,27.18,83.94,0.17,0.81,143.23,137.93,0.0,0,0.0,23,8,4,2,False,393.26,0.0,0.0,0.0,4.0
Karachi,2026-03-25 02:00:00+00:00,2,11.76,22.14,0.08,0.16,47.41,105.57,0.0,0,0.0,2,25,3,2,False,187.11999999999998,0.0,0.0,0.0,2.0
Karachi,2026-01-18 11:00:00+00:00,3,12.34,44.63,0.16,0.38,111.12,120.21,0.0,0,0.0,11,18,1,6,True,288.84,0.0,0.0,0.0,3.0
Karachi,2026-03-27 20:00:00+00:00,1,4.05,10.72,0.05,0.13,40.5,92.88,0.0,0,0.0,20,27,3,4,False,148.32999999999998,0.0,0.0,0.0,1.0
Karachi,2026-03-14 12:00:00+00:00,4,48.08,125.11,0.06,0.33,82.52,121.55,0.0,0,0.0,12,14,3,5,True,377.65000000000003,0.0,0.0,0.0,4.0
Karachi,2026-01-26 20:00:00+00:00,4,56.89,119.66,0.94,5.37,151.64,317.96,0.0,0,0.0,20,26,1,0,False,652.46,0.0,0.0,0.0,4.0
Karachi,2026-03-22 11:00:00+00:00,2,21.75,46.77,0.04,0.09,63.68,109.64,0.0,0,0.0,11,22,3,6,True,241.97000000000003,0.0,0.0,0.0,2.0
Karachi,2026-02-02 08:00:00+00:00,4,44.48,112.09,2.17,8.35,109.45,311.7,0.0,0,0.0,8,2,2,0,False,588.24,0.0,0.0,1.0,4.0
Karachi,2026-02-27 15:00:00+00:00,4,32.85,130.53,0.05,0.7,99.59,125.99,0.0,0,0.0,15,27,2,4,False,389.71000000000004,0.0,0.0,0.0,4.0
Karachi,2026-01-04 12:00:00+00:00,3,31.51,55.95,0.55,5.59,119.23,219.65,0.0,0,0.0,12,4,1,6,True,432.48,0.0,0.0,0.0,3.0
Karachi,2026-03-13 21:00:00+00:00,4,53.49,159.75,0.18,0.31,89.67,122.06,0.0,0,0.0,21,13,3,4,False,425.46000000000004,0.0,0.0,0.0,4.0
Karachi,2026-04-08 04:00:00+00:00,3,32.53,95.41,0.21,1.01,138.62,139.02,0.0,0,0.0,4,8,4,2,False,406.79999999999995,0.0,0.0,0.0,4.0
Karachi,2026-03-08 12:00:00+00:00,3,20.25,43.98,0.05,0.42,111.13,147.87,0.0,0,0.0,12,8,3,6,True,323.7,0.0,0.0,0.0,3.0
Karachi,2026-03-24 20:00:00+00:00,2,10.48,20.51,0.1,0.09,49.04,108.52,0.0,0,0.0,20,24,3,1,False,188.74,0.0,0.0,0.0,2.0
Karachi,2026-04-05 17:00:00+00:00,3,19.57,58.63,0.06,0.18,107.55,124.27,0.0,0,0.0,17,5,4,6,True,310.26,0.0,0.0,0.0,3.0
Karachi,2026-03-02 06:00:00+00:00,3,26.76,63.81,0.08,0.36,130.05,157.44,0.0,0,0.0,6,2,3,0,False,378.5,0.0,0.0,-1.0,3.0
Karachi,2026-01-06 21:00:00+00:00,3,39.47,89.66,1.41,6.72,124.11,215.57,0.0,0,0.0,21,6,1,1,False,476.94,0.0,0.0,0.0,3.0
Karachi,2026-05-09 15:00:00+00:00,3,14.59,58.25,0.04,0.26,54.67,93.17,0.0,0,0.0,15,9,5,5,True,220.98000000000002,0.0,0.0,0.0,3.0
Karachi,2026-03-10 21:00:00+00:00,3,27.21,68.91,0.11,0.21,74.44,118.68,0.0,0,0.0,21,10,3,1,False,289.56,0.0,0.0,0.0,3.0
Karachi,2026-04-05 04:00:00+00:00,3,10.25,31.48,0.12,0.27,121.12,125.68,0.0,0,0.0,4,5,4,6,True,288.92,0.0,0.0,0.0,3.0
Karachi,2026-02-16 07:00:00+00:00,2,18.49,29.64,0.05,0.09,92.3,129.73,0.0,0,0.0,7,16,2,0,False,270.29999999999995,0.0,0.0,0.0,2.0
Karachi,2026-03-28 11:00:00+00:00,1,5.56,17.64,0.13,0.28,47.8,100.11,0.0,0,0.0,11,28,3,5,True,171.51999999999998,0.0,0.0,0.0,1.0
Karachi,2026-03-13 14:00:00+00:00,4,51.77,154.31,0.13,0.29,84.32,125.58,0.0,0,0.0,14,13,3,4,False,416.4,0.0,0.0,0.0,4.0
Karachi,2026-02-02 02:00:00+00:00,2,8.75,30.13,0.15,0.25,97.13,134.13,0.0,0,0.0,2,2,2,0,False,270.53999999999996,0.0,0.0,0.0,2.0
Karachi,2026-02-08 14:00:00+00:00,4,51.38,99.47,0.07,0.22,96.45,214.15,0.0,0,0.0,14,8,2,6,True,461.74,0.0,0.0,0.0,4.0
Karachi,2026-04-08 08:00:00+00:00,4,27.56,77.55,0.25,0.81,148.47,135.81,0.0,0,0.0,8,8,4,2,False,390.45,0.0,0.0,0.0,4.0
Karachi,2026-05-05 23:00:00+00:00,3,20.99,89.31,0.09,0.34,57.67,115.21,0.0,0,0.0,23,5,5,1,False,283.61,0.0,0.0,0.0,3.0
Karachi,2026-05-03 15:00:00+00:00,3,32.29,80.6,0.08,1.13,95.1,118.99,0.0,0,0.0,15,3,5,6,True,328.19,0.0,0.0,0.0,3.0
Karachi,2026-03-31 15:00:00+00:00,3,9.24,26.73,0.12,0.63,114.76,117.67,0.0,0,0.0,15,31,3,1,False,269.15000000000003,0.0,0.0,0.0,3.0
Karachi,2026-02-25 04:00:00+00:00,3,31.68,89.41,0.07,0.31,91.95,149.56,0.0,0,0.0,4,25,2,2,False,362.98,0.0,0.0,0.0,3.0
Karachi,2026-05-12 06:00:00+00:00,3,19.81,83.63,0.1,0.4,63.37,89.56,0.0,0,0.0,6,12,5,1,False,256.87,0.0,0.0,0.0,3.0
Karachi,2026-05-04 13:00:00+00:00,4,31.97,102.55,0.12,0.34,108.0,119.46,0.0,0,0.0,13,4,5,0,False,362.44,0.0,0.0,1.0,4.0
Karachi,2026-04-19 16:00:00+00:00,3,32.48,86.79,0.07,0.48,104.53,124.44,0.0,0,0.0,16,19,4,6,True,348.79,0.0,0.0,0.0,3.0
Karachi,2026-03-25 09:00:00+00:00,2,18.54,43.26,0.07,0.13,52.46,106.83,0.0,0,0.0,9,25,3,2,False,221.29000000000002,0.0,0.0,0.0,2.0
Karachi,2026-04-11 23:00:00+00:00,3,26.18,67.41,0.15,0.29,95.11,134.25,0.0,0,0.0,23,11,4,5,True,323.39,0.0,0.0,0.0,3.0
Karachi,2026-02-02 04:00:00+00:00,2,10.02,31.62,0.26,0.88,99.72,143.4,0.0,0,0.0,4,2,2,0,False,285.9,0.0,0.0,0.0,3.0
Karachi,2026-05-06 00:00:00+00:00,3,20.97,89.63,0.09,0.33,57.8,115.08,0.0,0,0.0,0,6,5,2,False,283.9,0.0,0.0,0.0,3.0
Karachi,2026-02-11 05:00:00+00:00,3,32.27,66.63,0.14,0.38,91.57,154.77,0.0,0,0.0,5,11,2,2,False,345.76,0.0,0.0,0.0,3.0
Karachi,2026-04-28 07:00:00+00:00,3,32.82,88.57,0.14,0.6,85.74,116.4,0.0,0,0.0,7,28,4,1,False,324.27,0.0,0.0,0.0,3.0
Karachi,2026-04-05 08:00:00+00:00,3,15.05,47.61,0.11,0.26,117.32,124.83,0.0,0,0.0,8,5,4,6,True,305.18,0.0,0.0,0.0,3.0
Karachi,2026-01-17 23:00:00+00:00,3,10.6,33.03,0.19,0.64,114.04,122.57,0.0,0,0.0,23,17,1,5,True,281.07,0.0,0.0,0.0,3.0
Karachi,2026-03-13 12:00:00+00:00,4,58.52,171.9,0.17,0.29,85.48,131.07,0.0,0,0.0,12,13,3,4,False,447.43,0.0,0.0,0.0,4.0
Karachi,2026-01-12 12:00:00+00:00,3,49.1,90.49,1.3,7.95,135.4,259.69,0.0,0,0.0,12,12,1,0,False,543.9300000000001,0.0,0.0,0.0,3.0
Karachi,2026-03-17 12:00:00+00:00,3,27.97,83.2,0.06,0.31,71.15,115.33,0.0,0,0.0,12,17,3,1,False,298.02,0.0,0.0,0.0,3.0
Karachi,2026-04-02 10:00:00+00:00,2,9.38,18.07,0.11,0.14,96.24,115.38,0.0,0,0.0,10,2,4,3,False,239.32,0.0,0.0,0.0,2.0
Karachi,2026-02-05 10:00:00+00:00,4,57.64,133.92,2.58,6.05,112.27,308.48,0.0,0,0.0,10,5,2,3,False,620.94,0.0,0.0,0.0,4.0
Karachi,2026-05-14 21:00:00+00:00,2,7.67,43.62,0.07,0.33,34.27,74.82,0.0,0,0.0,21,14,5,3,False,160.78,0.0,0.0,0.0,2.0
Karachi,2026-02-19 14:00:00+00:00,5,75.17,147.71,1.93,9.31,163.26,425.84,0.0,0,0.0,14,19,2,3,False,823.22,0.0,0.0,1.0,5.0
Karachi,2026-05-04 00:00:00+00:00,4,37.43,105.69,0.14,0.93,106.72,125.78,0.0,0,0.0,0,4,5,0,False,376.69,0.0,0.0,0.0,4.0
Karachi,2026-04-25 01:00:00+00:00,3,34.43,71.0,0.12,0.24,49.8,106.8,0.0,0,0.0,1,25,4,5,True,262.39,0.0,0.0,0.0,3.0
Karachi,2026-01-11 23:00:00+00:00,3,41.41,85.5,1.6,8.04,130.85,241.91,0.0,0,0.0,23,11,1,6,True,509.30999999999995,0.0,0.0,0.0,3.0
Karachi,2026-01-01 02:00:00+00:00,3,11.93,52.24,0.28,0.47,103.59,124.38,0.0,0,0.0,2,1,1,3,False,292.89,0.0,0.0,0.0,3.0
Karachi,2026-01-17 20:00:00+00:00,3,11.09,33.78,0.21,0.59,115.06,123.97,0.0,0,0.0,20,17,1,5,True,284.70000000000005,0.0,0.0,0.0,3.0
Karachi,2026-04-27 09:00:00+00:00,4,36.1,101.39,0.12,0.37,73.46,109.62,0.0,0,0.0,9,27,4,0,False,321.06,0.0,0.0,0.0,3.0
Karachi,2026-03-05 21:00:00+00:00,3,26.47,55.42,0.08,0.23,74.88,114.75,0.0,0,0.0,21,5,3,3,False,271.83,0.0,0.0,0.0,3.0
Karachi,2026-03-13 20:00:00+00:00,4,52.04,158.3,0.18,0.3,89.79,122.32,0.0,0,0.0,20,13,3,4,False,422.93,0.0,0.0,0.0,4.0
Karachi,2026-04-16 12:00:00+00:00,3,28.74,96.91,0.06,0.26,75.9,113.87,0.0,0,0.0,12,16,4,3,False,315.74,0.0,0.0,-1.0,3.0
Karachi,2026-04-05 11:00:00+00:00,3,16.86,52.2,0.05,0.23,114.68,124.72,0.0,0,0.0,11,5,4,6,True,308.74,0.0,0.0,0.0,3.0
Karachi,2026-04-11 08:00:00+00:00,3,26.29,79.99,0.1,0.35,113.68,144.32,0.0,0,0.0,8,11,4,5,True,364.73,0.0,0.0,0.0,3.0
Karachi,2026-03-19 12:00:00+00:00,2,23.02,40.72,0.25,0.51,96.38,133.25,0.0,0,0.0,12,19,3,3,False,294.13,0.0,0.0,-1.0,2.0
Karachi,2026-01-18 12:00:00+00:00,3,12.95,46.85,0.14,0.35,110.46,120.14,0.0,0,0.0,12,18,1,6,True,290.89,0.0,0.0,0.0,3.0
Karachi,2026-04-08 10:00:00+00:00,4,24.41,69.72,0.16,0.78,149.49,132.67,0.0,0,0.0,10,8,4,2,False,377.23,0.0,0.0,0.0,4.0
Karachi,2026-02-02 10:00:00+00:00,5,79.65,197.83,3.82,10.48,114.36,438.24,0.0,0,0.0,10,2,2,0,False,844.3800000000001,0.0,0.0,1.0,5.0
Karachi,2026-05-03 22:00:00+00:00,3,36.38,96.12,0.17,1.09,106.09,126.14,0.0,0,0.0,22,3,5,6,True,365.99,0.0,0.0,0.0,4.0
Karachi,2026-02-01 19:00:00+00:00,3,19.91,52.96,0.39,1.77,113.29,176.27,0.0,0,0.0,19,1,2,6,True,364.59000000000003,0.0,0.0,0.0,3.0
Karachi,2026-04-01 19:00:00+00:00,2,12.35,36.36,0.13,0.25,99.06,118.04,0.0,0,0.0,19,1,4,2,False,266.19,0.0,0.0,0.0,2.0
Karachi,2026-01-21 12:00:00+00:00,3,14.59,39.09,0.08,0.36,102.16,121.57,0.0,0,0.0,12,21,1,2,False,277.85,0.0,0.0,0.0,3.0
Karachi,2026-02-08 07:00:00+00:00,4,50.29,92.88,0.08,0.19,102.29,212.67,0.0,0,0.0,7,8,2,6,True,458.4,0.0,0.0,1.0,4.0
Karachi,2026-01-23 20:00:00+00:00,3,5.17,24.18,0.24,0.09,105.33,125.26,0.0,0,0.0,20,23,1,4,False,260.27,0.0,0.0,0.0,3.0
Karachi,2026-03-21 22:00:00+00:00,3,25.85,67.36,0.07,0.13,64.27,109.05,0.0,0,0.0,22,21,3,5,True,266.73,0.0,0.0,0.0,3.0
Karachi,2026-03-10 15:00:00+00:00,3,25.88,70.64,0.05,0.28,81.71,121.47,0.0,0,0.0,15,10,3,1,False,300.03,0.0,0.0,0.0,3.0
Karachi,2026-02-16 22:00:00+00:00,2,17.52,25.97,0.07,0.13,91.86,132.18,0.0,0,0.0,22,16,2,0,False,267.73,0.0,0.0,0.0,2.0
Karachi,2026-03-02 22:00:00+00:00,3,22.5,55.63,0.1,0.24,113.69,144.83,0.0,0,0.0,22,2,3,0,False,336.99,0.0,0.0,0.0,3.0
Karachi,2026-02-01 10:00:00+00:00,3,16.97,48.0,0.66,1.79,106.03,172.86,0.0,0,0.0,10,1,2,6,True,346.31,0.0,0.0,0.0,3.0
Karachi,2026-01-23 11:00:00+00:00,3,4.55,22.86,0.33,0.5,105.48,144.4,0.0,0,0.0,11,23,1,4,False,278.12,0.0,0.0,0.0,3.0
Karachi,2026-02-21 22:00:00+00:00,4,62.61,119.69,0.69,5.09,163.19,318.78,0.0,0,0.0,22,21,2,5,True,670.05,0.0,0.0,0.0,4.0
Karachi,2026-01-12 14:00:00+00:00,4,49.56,88.77,0.83,7.96,143.41,250.88,0.0,0,0.0,14,12,1,0,False,541.41,0.0,0.0,1.0,4.0
Karachi,2026-03-17 09:00:00+00:00,3,28.13,83.05,0.11,0.35,74.62,116.06,0.0,0,0.0,9,17,3,1,False,302.32,0.0,0.0,0.0,3.0
Karachi,2026-05-08 21:00:00+00:00,3,15.01,58.1,0.1,0.35,51.16,95.26,0.0,0,0.0,21,8,5,4,False,219.98,0.0,0.0,0.0,3.0
Karachi,2026-04-08 02:00:00+00:00,3,30.15,93.04,0.21,0.98,123.38,134.28,0.0,0,0.0,2,8,4,2,False,382.03999999999996,0.0,0.0,0.0,3.0
Karachi,2026-03-31 09:00:00+00:00,3,8.37,26.23,0.25,0.69,120.68,118.08,0.0,0,0.0,9,31,3,1,False,274.3,0.0,0.0,0.0,3.0
Karachi,2026-04-28 00:00:00+00:00,3,30.96,81.27,0.14,0.64,82.99,111.32,0.0,0,0.0,0,28,4,1,False,307.32,0.0,0.0,0.0,3.0
Karachi,2026-02-11 08:00:00+00:00,3,39.2,86.73,2.08,4.54,92.23,239.57,0.0,0,0.0,8,11,2,2,False,464.35,0.0,0.0,0.0,4.0
Karachi,2026-02-24 22:00:00+00:00,3,32.12,90.44,0.08,0.28,88.99,153.95,0.0,0,0.0,22,24,2,1,False,365.86,0.0,0.0,0.0,3.0
Karachi,2026-02-27 06:00:00+00:00,3,26.63,85.21,0.08,0.51,91.29,124.37,0.0,0,0.0,6,27,2,4,False,328.09000000000003,0.0,0.0,0.0,3.0
Karachi,2026-03-10 23:00:00+00:00,3,27.42,66.58,0.1,0.19,72.83,117.22,0.0,0,0.0,23,10,3,1,False,284.34000000000003,0.0,0.0,0.0,3.0
Karachi,2026-04-20 07:00:00+00:00,3,30.22,80.57,0.1,0.65,106.94,119.1,0.0,0,0.0,7,20,4,0,False,337.58,0.0,0.0,0.0,3.0
Karachi,2026-03-16 20:00:00+00:00,3,27.33,89.48,0.11,0.37,77.67,121.35,0.0,0,0.0,20,16,3,0,False,316.31,0.0,0.0,0.0,3.0
Karachi,2026-03-31 00:00:00+00:00,3,9.51,29.03,0.21,0.71,127.47,118.42,0.0,0,0.0,0,31,3,1,False,285.35,0.0,0.0,0.0,3.0
Karachi,2026-05-11 15:00:00+00:00,3,15.54,64.1,0.04,0.34,55.29,88.2,0.0,0,0.0,15,11,5,0,False,223.51,0.0,0.0,0.0,3.0
Karachi,2026-01-26 22:00:00+00:00,4,54.04,112.53,1.22,6.37,149.28,320.3,0.0,0,0.0,22,26,1,0,False,643.74,0.0,0.0,0.0,4.0
Karachi,2026-04-19 22:00:00+00:00,3,29.49,78.14,0.12,0.6,109.93,122.04,0.0,0,0.0,22,19,4,6,True,340.32,0.0,0.0,0.0,3.0
Karachi,2026-02-07 16:00:00+00:00,3,48.3,72.57,0.08,0.6,110.86,215.17,0.0,0,0.0,16,7,2,5,True,447.5799999999999,0.0,0.0,0.0,3.0
Karachi,2026-03-31 17:00:00+00:00,3,9.29,26.79,0.16,0.6,113.39,116.99,0.0,0,0.0,17,31,3,1,False,267.21999999999997,0.0,0.0,0.0,3.0
Karachi,2026-04-17 01:00:00+00:00,3,32.77,83.09,0.11,0.22,82.65,114.97,0.0,0,0.0,1,17,4,4,False,313.81000000000006,0.0,0.0,0.0,3.0
Karachi,2026-05-12 08:00:00+00:00,3,20.49,85.18,0.12,0.4,62.79,90.17,0.0,0,0.0,8,12,5,1,False,259.15000000000003,0.0,0.0,0.0,3.0
Karachi,2026-03-05 19:00:00+00:00,3,26.51,56.71,0.08,0.22,75.14,114.6,0.0,0,0.0,19,5,3,3,False,273.26,0.0,0.0,0.0,3.0
Karachi,2026-03-31 02:00:00+00:00,3,8.84,27.26,0.2,0.65,126.05,117.46,0.0,0,0.0,2,31,3,1,False,280.46,0.0,0.0,0.0,3.0
Karachi,2026-01-30 02:00:00+00:00,4,50.97,109.97,2.02,8.37,130.76,350.55,0.0,0,0.0,2,30,1,4,False,652.6400000000001,0.0,0.0,0.0,4.0
Karachi,2026-03-22 03:00:00+00:00,3,23.66,55.13,0.06,0.13,64.03,109.65,0.0,0,0.0,3,22,3,6,True,252.66,0.0,0.0,0.0,3.0
Karachi,2026-04-16 10:00:00+00:00,4,28.85,105.87,0.08,0.31,79.72,114.59,0.0,0,0.0,10,16,4,3,False,329.42,0.0,0.0,0.0,4.0
Karachi,2026-03-25 17:00:00+00:00,3,27.36,72.04,0.05,0.08,52.59,107.76,0.0,0,0.0,17,25,3,2,False,259.88,0.0,0.0,0.0,3.0
Karachi,2026-05-06 08:00:00+00:00,3,19.93,89.01,0.07,0.25,56.0,114.54,0.0,0,0.0,8,6,5,2,False,279.8,0.0,0.0,0.0,3.0
Karachi,2026-01-09 15:00:00+00:00,3,39.22,74.95,0.76,7.21,135.54,235.98,0.0,0,0.0,15,9,1,4,False,493.65999999999997,0.0,0.0,0.0,3.0
Karachi,2026-03-05 06:00:00+00:00,2,20.32,41.8,0.05,0.21,93.0,117.79,0.0,0,0.0,6,5,3,3,False,273.17,0.0,0.0,-1.0,2.0
Karachi,2026-01-29 13:00:00+00:00,3,30.57,80.0,0.86,5.23,130.95,234.03,0.0,0,0.0,13,29,1,3,False,481.64,0.0,0.0,0.0,3.0
Karachi,2026-04-19 14:00:00+00:00,3,33.32,91.12,0.05,0.43,102.57,122.62,0.0,0,0.0,14,19,4,6,True,350.11,0.0,0.0,0.0,3.0
Karachi,2026-05-09 12:00:00+00:00,3,15.3,63.93,0.04,0.25,57.62,94.1,0.0,0,0.0,12,9,5,5,True,231.24,0.0,0.0,0.0,3.0
Karachi,2026-02-19 16:00:00+00:00,5,84.17,157.68,1.79,9.17,183.79,451.89,0.0,0,0.0,16,19,2,3,False,888.49,0.0,0.0,0.0,5.0
Karachi,2026-03-08 10:00:00+00:00,3,20.32,44.99,0.08,0.45,115.21,147.74,0.0,0,0.0,10,8,3,6,True,328.79,0.0,0.0,0.0,3.0
Karachi,2026-02-01 17:00:00+00:00,3,29.4,66.37,0.48,3.25,123.29,219.09,0.0,0,0.0,17,1,2,6,True,441.88,0.0,0.0,0.0,3.0
Karachi,2026-04-19 01:00:00+00:00,4,34.3,104.36,0.09,0.22,98.57,116.66,0.0,0,0.0,1,19,4,6,True,354.2,0.0,0.0,0.0,4.0
Karachi,2026-04-22 15:00:00+00:00,4,27.81,103.27,0.05,0.27,49.3,98.75,0.0,0,0.0,15,22,4,2,False,279.45,0.0,0.0,0.0,4.0
Karachi,2026-03-05 12:00:00+00:00,3,23.66,51.21,0.03,0.21,85.44,117.01,0.0,0,0.0,12,5,3,3,False,277.56,0.0,0.0,1.0,3.0
Karachi,2026-04-13 16:00:00+00:00,2,21.25,48.86,0.09,0.29,68.83,120.91,0.0,0,0.0,16,13,4,0,False,260.23,0.0,0.0,-1.0,2.0
Karachi,2026-05-12 21:00:00+00:00,4,28.09,106.71,0.11,0.45,75.97,96.47,0.0,0,0.0,21,12,5,1,False,307.79999999999995,0.0,0.0,0.0,4.0
Karachi,2026-05-08 23:00:00+00:00,3,15.37,59.77,0.09,0.35,50.55,95.59,0.0,0,0.0,23,8,5,4,False,221.72,0.0,0.0,0.0,3.0
Karachi,2026-03-21 20:00:00+00:00,3,27.05,73.93,0.08,0.13,62.94,108.94,0.0,0,0.0,20,21,3,5,True,273.07,0.0,0.0,0.0,3.0
Karachi,2026-02-01 02:00:00+00:00,3,30.7,62.02,0.29,1.37,122.29,208.14,0.0,0,0.0,2,1,2,6,True,424.81,0.0,0.0,0.0,3.0
Karachi,2026-03-28 03:00:00+00:00,1,5.6,14.97,0.07,0.19,41.96,88.83,0.0,0,0.0,3,28,3,5,True,151.62,0.0,0.0,0.0,1.0
Karachi,2026-03-20 05:00:00+00:00,2,19.6,33.26,0.15,0.21,80.39,124.33,0.0,0,0.0,5,20,3,4,False,257.94,0.0,0.0,0.0,2.0
Karachi,2026-01-12 07:00:00+00:00,4,50.36,97.59,1.52,8.72,123.18,273.03,0.0,0,0.0,7,12,1,0,False,554.4,0.0,0.0,0.0,3.0
Karachi,2026-01-01 00:00:00+00:00,3,9.21,33.94,0.22,0.44,102.51,118.14,0.0,0,0.0,0,1,1,3,False,264.46,0.0,0.0,0.0,3.0
Karachi,2026-01-26 07:00:00+00:00,4,42.24,107.19,1.16,5.32,128.58,322.11,0.0,0,0.0,7,26,1,0,False,606.6,0.0,0.0,1.0,4.0
Karachi,2026-04-11 14:00:00+00:00,3,27.75,77.52,0.06,0.27,97.6,139.79,0.0,0,0.0,14,11,4,5,True,342.99,0.0,0.0,0.0,3.0
Karachi,2026-01-18 14:00:00+00:00,3,13.98,50.43,0.12,0.31,108.2,119.6,0.0,0,0.0,14,18,1,6,True,292.64,0.0,0.0,0.0,3.0
Karachi,2026-04-27 22:00:00+00:00,3,29.15,76.98,0.14,0.53,77.19,107.78,0.0,0,0.0,22,27,4,0,False,291.77,0.0,0.0,0.0,3.0
Karachi,2026-03-24 11:00:00+00:00,2,13.73,28.86,0.07,0.18,50.29,109.81,0.0,0,0.0,11,24,3,1,False,202.94,0.0,0.0,0.0,2.0
Karachi,2026-02-28 00:00:00+00:00,4,45.03,177.75,0.14,1.26,118.92,137.74,0.0,0,0.0,0,28,2,5,True,480.84,0.0,0.0,0.0,4.0
Karachi,2026-03-16 18:00:00+00:00,3,26.18,85.91,0.09,0.35,78.4,123.14,0.0,0,0.0,18,16,3,0,False,314.07,0.0,0.0,0.0,3.0
Karachi,2026-04-02 02:00:00+00:00,3,13.99,41.35,0.1,0.23,100.84,118.56,0.0,0,0.0,2,2,4,3,False,275.07,0.0,0.0,0.0,3.0
Karachi,2026-01-03 15:00:00+00:00,4,62.09,105.18,0.52,8.54,137.49,314.56,0.0,0,0.0,15,3,1,5,True,628.3800000000001,0.0,0.0,0.0,4.0
Karachi,2026-01-07 05:00:00+00:00,3,39.44,97.56,1.31,5.96,111.55,227.01,0.0,0,0.0,5,7,1,2,False,482.83,0.0,0.0,0.0,4.0
Karachi,2026-01-21 05:00:00+00:00,3,14.89,42.27,0.08,0.22,103.07,120.87,0.0,0,0.0,5,21,1,2,False,281.4,0.0,0.0,0.0,3.0
Karachi,2026-01-23 13:00:00+00:00,3,4.66,20.96,0.23,0.45,106.68,136.77,0.0,0,0.0,13,23,1,4,False,269.75,0.0,0.0,0.0,3.0
Karachi,2026-04-13 19:00:00+00:00,2,14.26,33.93,0.15,0.32,67.96,116.64,0.0,0,0.0,19,13,4,0,False,233.26,0.0,0.0,0.0,2.0
Karachi,2026-04-30 13:00:00+00:00,3,36.35,96.12,0.07,0.38,63.31,110.99,0.0,0,0.0,13,30,4,3,False,307.21999999999997,0.0,0.0,0.0,3.0
Karachi,2026-02-10 17:00:00+00:00,3,33.8,65.81,0.12,0.43,92.35,164.1,0.0,0,0.0,17,10,2,1,False,356.61,0.0,0.0,0.0,3.0
Karachi,2026-04-22 20:00:00+00:00,4,31.26,103.88,0.1,0.31,53.32,101.25,0.0,0,0.0,20,22,4,2,False,290.12,0.0,0.0,0.0,4.0
Karachi,2026-02-16 15:00:00+00:00,2,14.71,21.53,0.03,0.1,90.72,123.46,0.0,0,0.0,15,16,2,0,False,250.55,0.0,0.0,0.0,2.0
Karachi,2026-02-05 08:00:00+00:00,4,57.81,138.06,2.06,5.79,108.47,308.79,0.0,0,0.0,8,5,2,3,False,620.98,0.0,0.0,0.0,4.0
Karachi,2026-03-02 15:00:00+00:00,3,22.37,54.98,0.04,0.27,120.55,149.97,0.0,0,0.0,15,2,3,0,False,348.17999999999995,0.0,0.0,0.0,3.0
Karachi,2026-03-03 06:00:00+00:00,3,22.78,57.02,0.07,0.24,110.71,139.67,0.0,0,0.0,6,3,3,1,False,330.49,0.0,0.0,0.0,3.0
Karachi,2026-03-11 05:00:00+00:00,3,25.45,50.71,0.06,0.2,73.87,114.14,0.0,0,0.0,5,11,3,2,False,264.43,0.0,0.0,0.0,2.0
Karachi,2026-01-15 16:00:00+00:00,2,13.06,28.42,0.06,0.14,95.69,130.08,0.0,0,0.0,16,15,1,3,False,267.45000000000005,0.0,0.0,0.0,2.0
Karachi,2026-04-10 17:00:00+00:00,3,22.77,63.98,0.05,0.26,89.12,128.57,0.0,0,0.0,17,10,4,4,False,304.75,0.0,0.0,0.0,3.0
Karachi,2026-04-13 17:00:00+00:00,2,18.03,40.71,0.1,0.29,67.92,118.7,0.0,0,0.0,17,13,4,0,False,245.75,0.0,0.0,0.0,2.0
Karachi,2026-04-19 18:00:00+00:00,3,31.5,83.09,0.11,0.53,107.61,124.96,0.0,0,0.0,18,19,4,6,True,347.8,0.0,0.0,0.0,3.0
Karachi,2026-03-02 17:00:00+00:00,3,21.94,54.08,0.06,0.26,117.24,147.6,0.0,0,0.0,17,2,3,0,False,341.17999999999995,0.0,0.0,0.0,3.0
Karachi,2026-04-04 17:00:00+00:00,3,5.55,18.2,0.16,0.24,127.46,129.77,0.0,0,0.0,17,4,4,5,True,281.38,0.0,0.0,0.0,3.0
Karachi,2026-01-07 14:00:00+00:00,4,61.22,132.03,1.0,6.32,135.91,279.13,0.0,0,0.0,14,7,1,2,False,615.61,0.0,0.0,0.0,4.0
Karachi,2026-01-15 13:00:00+00:00,2,12.88,29.58,0.05,0.13,96.53,131.55,0.0,0,0.0,13,15,1,3,False,270.72,0.0,0.0,0.0,2.0
Karachi,2026-04-13 18:00:00+00:00,2,15.69,35.93,0.12,0.3,67.82,117.4,0.0,0,0.0,18,13,4,0,False,237.26,0.0,0.0,0.0,2.0
Karachi,2026-03-10 06:00:00+00:00,3,21.0,57.46,0.08,0.31,94.05,121.17,0.0,0,0.0,6,10,3,1,False,294.07,0.0,0.0,0.0,3.0
Karachi,2026-03-02 07:00:00+00:00,3,25.49,60.02,0.08,0.35,132.13,157.6,0.0,0,0.0,7,2,3,0,False,375.66999999999996,0.0,0.0,0.0,3.0
Karachi,2026-04-30 23:00:00+00:00,4,37.0,101.79,0.13,0.54,70.55,109.52,0.0,0,0.0,23,30,4,3,False,319.53,0.0,0.0,0.0,4.0
Karachi,2026-01-07 04:00:00+00:00,3,38.46,94.43,1.34,6.08,111.96,226.48,0.0,0,0.0,4,7,1,2,False,478.75,0.0,0.0,0.0,3.0
Karachi,2026-03-08 04:00:00+00:00,3,19.3,46.4,0.12,0.49,113.82,138.84,0.0,0,0.0,4,8,3,6,True,318.97,0.0,0.0,0.0,3.0
Karachi,2026-01-15 03:00:00+00:00,2,12.91,37.65,0.1,0.1,96.36,137.08,0.0,0,0.0,3,15,1,3,False,284.20000000000005,0.0,0.0,0.0,2.0
Karachi,2026-04-17 00:00:00+00:00,3,31.4,81.61,0.12,0.22,83.37,115.72,0.0,0,0.0,0,17,4,4,False,312.44,0.0,0.0,0.0,3.0
Karachi,2026-01-16 05:00:00+00:00,3,18.14,36.19,0.12,0.28,104.71,134.47,0.0,0,0.0,5,16,1,4,False,293.90999999999997,0.0,0.0,0.0,3.0
Karachi,2026-03-17 05:00:00+00:00,3,30.46,92.73,0.1,0.41,76.59,117.81,0.0,0,0.0,5,17,3,1,False,318.1,0.0,0.0,0.0,3.0
Karachi,2026-04-12 19:00:00+00:00,4,48.11,148.47,0.17,0.21,82.94,138.65,0.0,0,0.0,19,12,4,6,True,418.54999999999995,0.0,0.0,0.0,4.0
Karachi,2026-01-19 05:00:00+00:00,3,21.91,74.26,0.16,0.3,106.79,127.33,0.0,0,0.0,5,19,1,0,False,330.75,0.0,0.0,0.0,3.0
Karachi,2026-01-04 08:00:00+00:00,3,24.42,44.08,0.4,2.72,114.76,184.23,0.0,0,0.0,8,4,1,6,True,370.61,0.0,0.0,0.0,3.0
Karachi,2026-04-23 13:00:00+00:00,3,32.88,83.33,0.05,0.32,51.77,105.02,0.0,0,0.0,13,23,4,3,False,273.37,0.0,0.0,0.0,3.0
Karachi,2026-04-08 06:00:00+00:00,4,31.08,88.1,0.2,0.91,145.46,138.97,0.0,0,0.0,6,8,4,2,False,404.72,0.0,0.0,0.0,4.0
Karachi,2026-01-15 06:00:00+00:00,2,12.56,32.83,0.09,0.12,97.51,134.71,0.0,0,0.0,6,15,1,3,False,277.82000000000005,0.0,0.0,0.0,2.0
Karachi,2026-03-06 12:00:00+00:00,4,36.56,110.09,0.07,0.65,81.0,116.03,0.0,0,0.0,12,6,3,4,False,344.4,0.0,0.0,0.0,4.0
Karachi,2026-01-21 03:00:00+00:00,3,15.17,43.43,0.09,0.22,103.08,121.49,0.0,0,0.0,3,21,1,2,False,283.48,0.0,0.0,0.0,3.0
Karachi,2026-04-01 20:00:00+00:00,2,12.81,37.74,0.13,0.25,98.8,118.33,0.0,0,0.0,20,1,4,2,False,268.06,0.0,0.0,0.0,2.0
Karachi,2026-04-17 03:00:00+00:00,3,34.84,84.19,0.1,0.22,81.82,113.59,0.0,0,0.0,3,17,4,4,False,314.76,0.0,0.0,0.0,3.0
Karachi,2026-04-17 07:00:00+00:00,3,34.89,80.56,0.11,0.22,82.6,113.0,0.0,0,0.0,7,17,4,4,False,311.38,0.0,0.0,0.0,3.0
Karachi,2026-02-28 06:00:00+00:00,4,32.3,146.62,0.09,0.53,89.72,125.95,0.0,0,0.0,6,28,2,5,True,395.21,0.0,0.0,0.0,4.0
Karachi,2026-03-29 02:00:00+00:00,1,4.71,14.01,0.17,0.25,36.86,117.31,0.0,0,0.0,2,29,3,6,True,173.31,0.0,0.0,0.0,1.0
Karachi,2026-01-03 09:00:00+00:00,4,60.3,112.34,1.34,11.99,129.07,350.64,0.0,0,0.0,9,3,1,5,True,665.68,0.0,0.0,0.0,4.0
Karachi,2026-04-11 16:00:00+00:00,3,27.34,78.07,0.07,0.27,93.21,137.89,0.0,0,0.0,16,11,4,5,True,336.84999999999997,0.0,0.0,0.0,3.0
Karachi,2026-02-09 01:00:00+00:00,3,40.69,89.33,0.09,0.1,97.7,175.12,0.0,0,0.0,1,9,2,0,False,403.03,0.0,0.0,0.0,3.0
Karachi,2026-01-11 14:00:00+00:00,3,29.65,62.37,0.84,5.64,139.85,193.85,0.0,0,0.0,14,11,1,6,True,432.2,0.0,0.0,0.0,4.0
Karachi,2026-04-16 17:00:00+00:00,3,25.65,73.64,0.08,0.21,79.77,113.97,0.0,0,0.0,17,16,4,3,False,293.31999999999994,0.0,0.0,0.0,3.0
Karachi,2026-04-22 14:00:00+00:00,4,26.92,100.21,0.04,0.26,49.62,98.28,0.0,0,0.0,14,22,4,2,False,275.33000000000004,0.0,0.0,1.0,4.0
Karachi,2026-05-01 15:00:00+00:00,4,42.63,114.55,0.07,0.66,76.87,106.15,0.0,0,0.0,15,1,5,4,False,340.93,0.0,0.0,0.0,4.0
Karachi,2026-04-16 08:00:00+00:00,4,27.62,105.7,0.14,0.36,86.17,116.04,0.0,0,0.0,8,16,4,3,False,336.03000000000003,0.0,0.0,0.0,4.0
Karachi,2026-03-14 14:00:00+00:00,4,45.94,117.03,0.05,0.32,77.45,119.89,0.0,0,0.0,14,14,3,5,True,360.68,0.0,0.0,0.0,4.0
Karachi,2026-02-27 07:00:00+00:00,3,26.48,87.7,0.08,0.53,91.72,123.94,0.0,0,0.0,7,27,2,4,False,330.45,0.0,0.0,0.0,3.0
Karachi,2026-04-13 01:00:00+00:00,4,37.07,105.01,0.13,0.29,86.3,132.18,0.0,0,0.0,1,13,4,0,False,360.98,0.0,0.0,0.0,3.0
Karachi,2026-01-07 21:00:00+00:00,3,32.16,67.72,1.05,5.06,126.0,204.13,0.0,0,0.0,21,7,1,2,False,436.12,0.0,0.0,0.0,3.0
Karachi,2026-02-21 20:00:00+00:00,4,66.35,129.68,0.96,5.62,171.97,341.77,0.0,0,0.0,20,21,2,5,True,716.35,0.0,0.0,0.0,4.0
Karachi,2026-04-04 11:00:00+00:00,3,4.97,16.95,0.2,0.29,133.83,131.92,0.0,0,0.0,11,4,4,5,True,288.15999999999997,0.0,0.0,0.0,3.0
Karachi,2026-02-01 09:00:00+00:00,3,16.58,46.37,0.54,1.27,106.66,167.36,0.0,0,0.0,9,1,2,6,True,338.78,0.0,0.0,0.0,3.0
Karachi,2026-01-07 08:00:00+00:00,4,43.1,109.07,1.37,5.46,112.45,228.9,0.0,0,0.0,8,7,1,2,False,500.35,0.0,0.0,0.0,4.0
Karachi,2026-01-11 17:00:00+00:00,4,30.94,63.26,1.03,6.11,141.43,195.92,0.0,0,0.0,17,11,1,6,True,438.69,0.0,0.0,0.0,4.0
Karachi,2026-03-20 01:00:00+00:00,2,21.65,36.99,0.21,0.31,79.59,125.12,0.0,0,0.0,1,20,3,4,False,263.87,0.0,0.0,0.0,2.0
Karachi,2026-04-05 09:00:00+00:00,3,15.8,49.79,0.08,0.25,116.63,124.69,0.0,0,0.0,9,5,4,6,True,307.24,0.0,0.0,0.0,3.0
Karachi,2026-04-30 16:00:00+00:00,3,34.65,91.36,0.07,0.38,58.83,107.3,0.0,0,0.0,16,30,4,3,False,292.59,0.0,0.0,0.0,3.0
Karachi,2026-05-12 05:00:00+00:00,3,19.29,80.69,0.09,0.39,63.76,89.06,0.0,0,0.0,5,12,5,1,False,253.28,0.0,0.0,0.0,3.0
Karachi,2026-03-07 22:00:00+00:00,3,20.17,55.75,0.15,0.49,107.62,133.57,0.0,0,0.0,22,7,3,5,True,317.75,0.0,0.0,0.0,3.0
Karachi,2026-01-06 22:00:00+00:00,3,37.56,86.99,1.49,6.63,121.19,214.93,0.0,0,0.0,22,6,1,1,False,468.78999999999996,0.0,0.0,0.0,3.0
Karachi,2026-02-05 12:00:00+00:00,4,61.77,136.09,1.95,6.22,125.66,317.89,0.0,0,0.0,12,5,2,3,False,649.5799999999999,0.0,0.0,0.0,4.0
Karachi,2026-03-06 03:00:00+00:00,3,24.72,51.96,0.07,0.31,78.88,113.34,0.0,0,0.0,3,6,3,4,False,269.28,0.0,0.0,0.0,3.0
Karachi,2026-03-31 10:00:00+00:00,3,8.42,26.01,0.23,0.69,120.39,118.24,0.0,0,0.0,10,31,3,1,False,273.98,0.0,0.0,0.0,3.0
Karachi,2026-01-30 10:00:00+00:00,4,54.87,139.06,2.29,5.32,122.56,306.5,0.0,0,0.0,10,30,1,4,False,630.6,0.0,0.0,0.0,4.0
Karachi,2026-04-08 19:00:00+00:00,4,27.37,84.9,0.21,0.82,143.02,136.3,0.0,0,0.0,19,8,4,2,False,392.62,0.0,0.0,0.0,4.0
Karachi,2026-05-11 19:00:00+00:00,3,15.94,61.87,0.08,0.35,56.79,87.22,0.0,0,0.0,19,11,5,0,False,222.25,0.0,0.0,0.0,3.0
Karachi,2026-04-16 18:00:00+00:00,3,25.47,72.77,0.1,0.21,83.06,115.21,0.0,0,0.0,18,16,4,3,False,296.82,0.0,0.0,0.0,3.0
Karachi,2026-02-21 23:00:00+00:00,4,61.16,115.37,0.61,4.73,158.75,309.24,0.0,0,0.0,23,21,2,5,True,649.86,0.0,0.0,0.0,4.0
Karachi,2026-01-26 05:00:00+00:00,3,37.64,93.36,1.23,5.15,127.77,313.04,0.0,0,0.0,5,26,1,0,False,578.19,0.0,0.0,0.0,3.0
Karachi,2026-03-17 11:00:00+00:00,3,27.88,82.23,0.07,0.32,72.75,115.63,0.0,0,0.0,11,17,3,1,False,298.88,0.0,0.0,0.0,3.0
Karachi,2026-04-02 19:00:00+00:00,1,3.05,6.0,0.09,0.14,46.4,116.2,0.0,0,0.0,19,2,4,3,False,171.88,0.0,0.0,0.0,1.0
Karachi,2026-02-05 09:00:00+00:00,4,57.48,135.61,2.53,5.88,109.3,306.33,0.0,0,0.0,9,5,2,3,False,617.13,0.0,0.0,0.0,4.0
Karachi,2026-04-28 02:00:00+00:00,3,32.18,84.3,0.14,0.67,86.72,113.97,0.0,0,0.0,2,28,4,1,False,317.98,0.0,0.0,0.0,3.0
Karachi,2026-05-01 21:00:00+00:00,4,41.44,104.84,0.14,0.7,83.85,108.17,0.0,0,0.0,21,1,5,4,False,339.14,0.0,0.0,0.0,4.0
Karachi,2026-02-27 13:00:00+00:00,4,30.55,119.25,0.05,0.66,99.31,125.22,0.0,0,0.0,13,27,2,4,False,375.04,0.0,0.0,0.0,4.0
Karachi,2026-02-25 05:00:00+00:00,3,31.77,89.36,0.07,0.31,92.69,149.2,0.0,0,0.0,5,25,2,2,False,363.4,0.0,0.0,0.0,3.0
Karachi,2026-01-04 04:00:00+00:00,3,27.28,47.17,0.2,1.61,116.97,184.98,0.0,0,0.0,4,4,1,6,True,378.21000000000004,0.0,0.0,0.0,3.0
Karachi,2026-01-29 11:00:00+00:00,3,28.25,73.08,1.71,6.45,119.94,248.63,0.0,0,0.0,11,29,1,3,False,478.06,0.0,0.0,0.0,3.0
Karachi,2026-02-04 23:00:00+00:00,4,61.43,112.01,3.24,7.13,132.73,385.17,0.0,0,0.0,23,4,2,2,False,701.71,0.0,0.0,0.0,4.0
Karachi,2026-04-25 15:00:00+00:00,4,36.37,102.0,0.06,0.26,46.67,104.37,0.0,0,0.0,15,25,4,5,True,289.73,0.0,0.0,0.0,4.0
Karachi,2026-04-23 07:00:00+00:00,3,32.45,89.17,0.09,0.33,56.23,105.07,0.0,0,0.0,7,23,4,3,False,283.34000000000003,0.0,0.0,0.0,3.0
Karachi,2026-03-16 06:00:00+00:00,3,16.02,47.68,0.14,0.37,102.09,123.65,0.0,0,0.0,6,16,3,0,False,289.95000000000005,0.0,0.0,0.0,3.0
Karachi,2026-01-26 19:00:00+00:00,4,57.9,122.45,1.02,5.23,152.31,319.51,0.0,0,0.0,19,26,1,0,False,658.42,0.0,0.0,0.0,4.0
Karachi,2026-03-14 11:00:00+00:00,4,48.33,126.93,0.07,0.33,85.12,122.46,0.0,0,0.0,11,14,3,5,True,383.23999999999995,0.0,0.0,0.0,4.0
Karachi,2026-01-15 12:00:00+00:00,2,12.86,29.98,0.06,0.13,97.31,132.15,0.0,0,0.0,12,15,1,3,False,272.49,0.0,0.0,0.0,2.0
Karachi,2026-04-22 18:00:00+00:00,4,30.31,107.45,0.08,0.31,50.47,100.11,0.0,0,0.0,18,22,4,2,False,288.73,0.0,0.0,0.0,4.0
Karachi,2026-04-25 02:00:00+00:00,3,34.61,72.95,0.11,0.24,49.74,106.62,0.0,0,0.0,2,25,4,5,True,264.27,0.0,0.0,0.0,3.0
Karachi,2026-05-04 15:00:00+00:00,4,32.81,112.96,0.09,0.28,103.05,117.61,0.0,0,0.0,15,4,5,0,False,366.8,0.0,0.0,0.0,4.0
Karachi,2026-02-05 00:00:00+00:00,4,56.95,104.58,3.27,6.99,125.38,380.15,0.0,0,0.0,0,5,2,3,False,677.3199999999999,0.0,0.0,0.0,4.0
Karachi,2026-04-30 22:00:00+00:00,4,37.0,101.05,0.14,0.55,70.2,109.32,0.0,0,0.0,22,30,4,3,False,318.26,0.0,0.0,0.0,4.0
Karachi,2026-01-26 09:00:00+00:00,4,47.39,122.54,1.7,5.43,128.07,334.78,0.0,0,0.0,9,26,1,0,False,639.91,0.0,0.0,0.0,4.0
Karachi,2026-02-02 03:00:00+00:00,2,9.17,30.38,0.17,0.54,98.6,137.2,0.0,0,0.0,3,2,2,0,False,276.05999999999995,0.0,0.0,0.0,2.0
Karachi,2026-04-22 08:00:00+00:00,3,23.84,88.73,0.08,0.22,51.97,98.84,0.0,0,0.0,8,22,4,2,False,263.68,0.0,0.0,0.0,3.0
Karachi,2026-04-24 16:00:00+00:00,3,32.94,67.2,0.06,0.29,47.21,106.63,0.0,0,0.0,16,24,4,4,False,254.33,0.0,0.0,0.0,3.0
Karachi,2026-01-09 12:00:00+00:00,3,35.82,69.74,1.17,7.12,127.02,245.97,0.0,0,0.0,12,9,1,4,False,486.84000000000003,0.0,0.0,0.0,3.0
Karachi,2026-01-25 20:00:00+00:00,3,29.14,63.79,1.25,4.55,138.12,272.7,0.0,0,0.0,20,25,1,6,True,509.55,0.0,0.0,-1.0,3.0
Karachi,2026-01-12 16:00:00+00:00,4,50.25,89.36,0.85,8.97,148.25,247.32,0.0,0,0.0,16,12,1,0,False,545.0,0.0,0.0,0.0,4.0
Karachi,2026-04-08 09:00:00+00:00,4,25.77,72.9,0.22,0.79,149.15,134.18,0.0,0,0.0,9,8,4,2,False,383.01,0.0,0.0,0.0,4.0
Karachi,2026-01-03 06:00:00+00:00,4,61.53,115.15,1.31,12.31,132.91,361.5,0.0,0,0.0,6,3,1,5,True,684.71,0.0,0.0,0.0,4.0
Karachi,2026-02-04 08:00:00+00:00,4,0.0,0.0,3.4,7.2,99.11,509.17,0.0,0,0.0,8,4,2,2,False,618.88,0.0,0.0,0.0,4.0
Karachi,2026-03-28 09:00:00+00:00,1,6.05,18.74,0.14,0.29,38.17,96.35,0.0,0,0.0,9,28,3,5,True,159.74,0.0,0.0,0.0,1.0
Karachi,2026-05-09 00:00:00+00:00,3,15.49,60.49,0.09,0.35,50.29,95.7,0.0,0,0.0,0,9,5,5,True,222.41000000000003,0.0,0.0,0.0,3.0
Karachi,2026-03-25 11:00:00+00:00,3,21.28,50.7,0.05,0.12,54.03,107.94,0.0,0,0.0,11,25,3,2,False,234.12,0.0,0.0,1.0,3.0
Karachi,2026-02-01 03:00:00+00:00,3,26.14,54.58,0.26,1.06,119.75,192.51,0.0,0,0.0,3,1,2,6,True,394.3,0.0,0.0,0.0,3.0
Karachi,2026-05-06 02:00:00+00:00,3,20.7,90.14,0.08,0.31,56.96,114.96,0.0,0,0.0,2,6,5,2,False,283.15,0.0,0.0,0.0,3.0
Karachi,2026-03-31 08:00:00+00:00,3,8.42,26.72,0.24,0.69,120.79,117.85,0.0,0,0.0,8,31,3,1,False,274.71000000000004,0.0,0.0,0.0,3.0
Karachi,2026-02-11 07:00:00+00:00,3,32.96,70.22,0.89,1.9,92.16,183.99,0.0,0,0.0,7,11,2,2,False,382.12,0.0,0.0,0.0,3.0
Karachi,2026-05-11 23:00:00+00:00,4,0.0,0.0,0.09,0.35,61.67,87.41,0.0,0,0.0,23,11,5,0,False,149.51999999999998,0.0,0.0,1.0,3.0
Karachi,2026-01-27 10:00:00+00:00,3,26.68,61.94,1.55,6.08,126.37,266.01,0.0,0,0.0,10,27,1,1,False,488.63,0.0,0.0,0.0,3.0
Karachi,2026-02-08 09:00:00+00:00,4,50.93,97.2,0.1,0.17,100.83,213.01,0.0,0,0.0,9,8,2,6,True,462.23999999999995,0.0,0.0,0.0,4.0
Karachi,2026-03-30 22:00:00+00:00,3,10.74,32.9,0.24,0.81,128.31,120.24,0.0,0,0.0,22,30,3,0,False,293.24,0.0,0.0,0.0,3.0
Karachi,2026-05-12 20:00:00+00:00,4,26.69,101.23,0.11,0.44,73.48,95.96,0.0,0,0.0,20,12,5,1,False,297.90999999999997,0.0,0.0,1.0,4.0
Karachi,2026-02-10 21:00:00+00:00,3,32.24,63.87,0.15,0.4,92.36,158.63,0.0,0,0.0,21,10,2,1,False,347.65,0.0,0.0,0.0,3.0
Karachi,2026-05-11 13:00:00+00:00,3,15.51,66.44,0.05,0.35,57.41,88.97,0.0,0,0.0,13,11,5,0,False,228.73,0.0,0.0,0.0,3.0
Karachi,2026-02-01 11:00:00+00:00,3,17.79,50.14,0.63,2.28,107.66,177.89,0.0,0,0.0,11,1,2,6,True,356.39,0.0,0.0,0.0,3.0
Karachi,2026-03-24 12:00:00+00:00,2,13.06,27.3,0.06,0.16,50.06,109.91,0.0,0,0.0,12,24,3,1,False,200.55,0.0,0.0,0.0,2.0
Karachi,2026-01-23 12:00:00+00:00,3,4.68,22.23,0.28,0.5,106.14,140.36,0.0,0,0.0,12,23,1,4,False,274.19000000000005,0.0,0.0,0.0,3.0
Karachi,2026-02-07 23:00:00+00:00,3,47.17,76.16,0.11,0.3,106.18,209.35,0.0,0,0.0,23,7,2,5,True,439.27,0.0,0.0,0.0,3.0
Karachi,2026-03-30 09:00:00+00:00,3,8.7,32.81,0.29,0.75,124.57,120.77,0.0,0,0.0,9,30,3,0,False,287.89,0.0,0.0,0.0,3.0
Karachi,2026-02-19 22:00:00+00:00,4,55.53,99.37,3.53,7.71,142.48,371.45,0.0,0,0.0,22,19,2,3,False,680.0699999999999,0.0,0.0,0.0,4.0
Karachi,2026-03-21 14:00:00+00:00,3,27.74,76.77,0.04,0.11,61.64,109.78,0.0,0,0.0,14,21,3,5,True,276.08000000000004,0.0,0.0,0.0,3.0
Karachi,2026-01-29 09:00:00+00:00,3,30.42,75.47,2.23,8.56,117.56,272.74,0.0,0,0.0,9,29,1,3,False,506.98,0.0,0.0,0.0,3.0
Karachi,2026-04-02 13:00:00+00:00,2,7.12,12.05,0.09,0.18,79.39,113.7,0.0,0,0.0,13,2,4,3,False,212.53,0.0,0.0,0.0,2.0
Karachi,2026-01-26 11:00:00+00:00,4,53.33,132.77,1.99,5.93,132.21,350.09,0.0,0,0.0,11,26,1,0,False,676.3199999999999,0.0,0.0,0.0,4.0
Karachi,2026-03-31 11:00:00+00:00,3,8.58,26.08,0.18,0.69,119.94,118.48,0.0,0,0.0,11,31,3,1,False,273.95,0.0,0.0,0.0,3.0
Karachi,2026-05-03 11:00:00+00:00,3,33.74,85.43,0.09,1.07,102.43,121.23,0.0,0,0.0,11,3,5,6,True,343.99,0.0,0.0,0.0,3.0
Karachi,2026-02-19 09:00:00+00:00,3,37.43,78.83,1.6,5.98,120.4,253.34,0.0,0,0.0,9,19,2,3,False,497.58000000000004,0.0,0.0,0.0,3.0
Karachi,2026-03-24 14:00:00+00:00,2,12.01,24.83,0.05,0.13,49.22,109.29,0.0,0,0.0,14,24,3,1,False,195.53,0.0,0.0,0.0,2.0
Karachi,2026-01-17 12:00:00+00:00,4,38.77,121.77,0.18,0.68,114.18,135.15,0.0,0,0.0,12,17,1,5,True,410.73,0.0,0.0,0.0,4.0
Karachi,2026-03-17 01:00:00+00:00,4,32.96,104.61,0.1,0.41,75.66,121.53,0.0,0,0.0,1,17,3,1,False,335.27,0.0,0.0,0.0,4.0
Karachi,2026-03-31 01:00:00+00:00,3,9.08,27.83,0.21,0.68,126.84,117.75,0.0,0,0.0,1,31,3,1,False,282.39,0.0,0.0,0.0,3.0
Karachi,2026-04-27 16:00:00+00:00,3,28.85,72.55,0.07,0.33,65.85,105.23,0.0,0,0.0,16,27,4,0,False,272.88,0.0,0.0,0.0,3.0
Karachi,2026-01-26 13:00:00+00:00,4,57.05,131.16,1.33,6.0,142.66,345.37,0.0,0,0.0,13,26,1,0,False,683.5699999999999,0.0,0.0,0.0,4.0
Karachi,2026-05-03 13:00:00+00:00,3,32.43,80.77,0.08,1.06,97.63,119.65,0.0,0,0.0,13,3,5,6,True,331.62,0.0,0.0,0.0,3.0
Karachi,2026-02-06 01:00:00+00:00,5,83.39,139.63,2.88,8.36,146.06,516.16,0.0,0,0.0,1,6,2,4,False,896.48,0.0,0.0,0.0,5.0
Karachi,2026-04-24 14:00:00+00:00,3,32.8,68.47,0.05,0.28,47.11,106.51,0.0,0,0.0,14,24,4,4,False,255.21999999999997,0.0,0.0,0.0,3.0
Karachi,2026-03-16 12:00:00+00:00,3,20.63,66.57,0.09,0.34,92.44,128.16,0.0,0,0.0,12,16,3,0,False,308.23,0.0,0.0,0.0,3.0
Karachi,2026-02-11 22:00:00+00:00,5,95.12,158.22,2.92,8.55,164.37,527.43,0.0,0,0.0,22,11,2,2,False,956.6099999999999,0.0,0.0,0.0,5.0
Karachi,2026-03-13 10:00:00+00:00,4,65.57,197.68,0.31,0.3,86.2,134.34,0.0,0,0.0,10,13,3,4,False,484.4,0.0,0.0,-1.0,4.0
Karachi,2026-03-27 09:00:00+00:00,1,4.85,11.1,0.04,0.09,46.04,101.88,0.0,0,0.0,9,27,3,4,False,164.0,0.0,0.0,0.0,1.0
Karachi,2026-01-26 21:00:00+00:00,4,55.68,116.46,0.98,5.69,150.86,317.7,0.0,0,0.0,21,26,1,0,False,647.3699999999999,0.0,0.0,0.0,4.0
Karachi,2026-05-03 21:00:00+00:00,3,35.65,92.93,0.19,1.14,105.02,125.44,0.0,0,0.0,21,3,5,6,True,360.37,0.0,0.0,0.0,3.0
Karachi,2026-02-16 09:00:00+00:00,2,17.64,27.83,0.05,0.09,94.15,128.02,0.0,0,0.0,9,16,2,0,False,267.78,0.0,0.0,0.0,2.0
Karachi,2026-04-24 22:00:00+00:00,3,33.96,68.86,0.12,0.25,49.7,106.53,0.0,0,0.0,22,24,4,4,False,259.41999999999996,0.0,0.0,0.0,3.0
Karachi,2026-03-25 03:00:00+00:00,2,12.01,22.71,0.07,0.16,47.65,104.86,0.0,0,0.0,3,25,3,2,False,187.45999999999998,0.0,0.0,0.0,2.0
Karachi,2026-04-09 10:00:00+00:00,3,25.4,78.76,0.07,0.59,129.9,137.24,0.0,0,0.0,10,9,4,3,False,371.96000000000004,0.0,0.0,0.0,3.0
Karachi,2026-05-08 22:00:00+00:00,3,15.19,58.87,0.09,0.35,50.91,95.45,0.0,0,0.0,22,8,5,4,False,220.86,0.0,0.0,0.0,3.0
Karachi,2026-02-05 02:00:00+00:00,4,50.79,101.1,3.17,7.08,112.55,360.72,0.0,0,0.0,2,5,2,3,False,635.4100000000001,0.0,0.0,0.0,4.0
Karachi,2026-05-14 19:00:00+00:00,2,7.6,40.15,0.06,0.32,35.95,77.32,0.0,0,0.0,19,14,5,3,False,161.4,0.0,0.0,0.0,2.0
Karachi,2026-02-10 23:00:00+00:00,3,32.43,64.64,0.14,0.38,91.87,158.5,0.0,0,0.0,23,10,2,1,False,347.96,0.0,0.0,0.0,3.0
Karachi,2026-04-08 16:00:00+00:00,4,26.21,80.39,0.11,0.82,141.79,133.58,0.0,0,0.0,16,8,4,2,False,382.9,0.0,0.0,0.0,4.0
Karachi,2026-04-25 00:00:00+00:00,3,34.31,69.78,0.12,0.24,49.77,106.77,0.0,0,0.0,0,25,4,5,True,260.99,0.0,0.0,0.0,3.0
Karachi,2026-04-05 18:00:00+00:00,3,19.81,59.21,0.08,0.18,108.71,125.04,0.0,0,0.0,18,5,4,6,True,313.03000000000003,0.0,0.0,0.0,3.0
Karachi,2026-01-18 03:00:00+00:00,3,8.67,28.1,0.16,0.62,111.49,118.66,0.0,0,0.0,3,18,1,6,True,267.7,0.0,0.0,0.0,3.0
Karachi,2026-03-10 22:00:00+00:00,3,27.33,67.97,0.1,0.2,73.5,117.91,0.0,0,0.0,22,10,3,1,False,287.01,0.0,0.0,0.0,3.0
Karachi,2026-01-04 10:00:00+00:00,3,26.57,48.15,0.72,4.23,114.68,200.84,0.0,0,0.0,10,4,1,6,True,395.19000000000005,0.0,0.0,0.0,3.0
Karachi,2026-03-17 03:00:00+00:00,4,32.66,100.95,0.1,0.41,75.63,119.83,0.0,0,0.0,3,17,3,1,False,329.58,0.0,0.0,0.0,3.0
Karachi,2026-04-11 10:00:00+00:00,3,28.16,81.25,0.06,0.34,111.01,144.81,0.0,0,0.0,10,11,4,5,True,365.63,0.0,0.0,0.0,3.0
Karachi,2026-03-25 13:00:00+00:00,3,23.44,56.66,0.04,0.11,53.29,107.79,0.0,0,0.0,13,25,3,2,False,241.32999999999998,0.0,0.0,0.0,3.0
Karachi,2026-04-07 17:00:00+00:00,3,18.3,66.76,0.15,0.78,84.86,121.16,0.0,0,0.0,17,7,4,1,False,292.01,0.0,0.0,0.0,3.0
Karachi,2026-01-24 13:00:00+00:00,3,19.68,51.07,1.02,6.56,128.37,212.37,0.0,0,0.0,13,24,1,5,True,419.07,0.0,0.0,0.0,3.0
Karachi,2026-02-25 08:00:00+00:00,3,32.23,88.03,0.08,0.31,93.66,150.22,0.0,0,0.0,8,25,2,2,False,364.53,0.0,0.0,0.0,3.0
Karachi,2026-03-10 12:00:00+00:00,3,24.1,66.47,0.05,0.32,89.29,121.28,0.0,0,0.0,12,10,3,1,False,301.51,0.0,0.0,0.0,3.0
Karachi,2026-03-20 09:00:00+00:00,2,17.88,30.34,0.13,0.16,81.69,123.79,0.0,0,0.0,9,20,3,4,False,253.99,0.0,0.0,0.0,2.0
Karachi,2026-05-01 00:00:00+00:00,4,36.79,102.2,0.13,0.51,70.44,109.13,0.0,0,0.0,0,1,5,4,False,319.2,0.0,0.0,0.0,4.0
Karachi,2026-03-16 04:00:00+00:00,3,15.95,43.89,0.15,0.37,100.17,122.21,0.0,0,0.0,4,16,3,0,False,282.74,0.0,0.0,1.0,3.0
Karachi,2026-01-15 04:00:00+00:00,2,12.71,35.65,0.09,0.11,96.66,136.26,0.0,0,0.0,4,15,1,3,False,281.48,0.0,0.0,0.0,2.0
Karachi,2026-04-16 14:00:00+00:00,3,27.56,85.26,0.05,0.23,74.27,112.89,0.0,0,0.0,14,16,4,3,False,300.26,0.0,0.0,0.0,3.0
Karachi,2026-01-23 14:00:00+00:00,3,4.52,19.43,0.2,0.37,106.97,133.33,0.0,0,0.0,14,23,1,4,False,264.82000000000005,0.0,0.0,0.0,3.0
Karachi,2026-05-11 21:00:00+00:00,4,0.0,0.0,0.09,0.35,59.16,87.25,0.0,0,0.0,21,11,5,0,False,146.85,0.0,0.0,1.0,3.0
Karachi,2026-02-08 01:00:00+00:00,3,46.83,77.44,0.1,0.26,105.27,207.52,0.0,0,0.0,1,8,2,6,True,437.41999999999996,0.0,0.0,0.0,3.0
Karachi,2026-04-30 14:00:00+00:00,3,35.59,93.46,0.06,0.37,60.4,109.5,0.0,0,0.0,14,30,4,3,False,299.38,0.0,0.0,0.0,3.0
Karachi,2026-02-20 06:00:00+00:00,4,57.29,114.51,2.22,8.88,124.94,358.51,0.0,0,0.0,6,20,2,4,False,666.35,0.0,0.0,0.0,4.0
Karachi,2026-03-30 17:00:00+00:00,3,11.72,37.95,0.19,0.86,124.94,122.91,0.0,0,0.0,17,30,3,0,False,298.57,0.0,0.0,0.0,3.0
Karachi,2026-03-06 06:00:00+00:00,3,27.85,68.65,0.08,0.47,81.17,113.57,0.0,0,0.0,6,6,3,4,False,291.78999999999996,0.0,0.0,0.0,3.0
Karachi,2026-04-02 21:00:00+00:00,1,3.76,9.15,0.1,0.19,42.64,125.18,0.0,0,0.0,21,2,4,3,False,181.02,0.0,0.0,0.0,1.0
Karachi,2026-01-09 04:00:00+00:00,3,36.88,73.79,1.45,7.36,113.95,289.56,0.0,0,0.0,4,9,1,4,False,522.99,0.0,0.0,0.0,3.0
Karachi,2026-01-12 08:00:00+00:00,3,49.13,94.33,1.66,8.67,123.84,270.1,0.0,0,0.0,8,12,1,0,False,547.73,0.0,0.0,-1.0,3.0
Karachi,2026-01-21 09:00:00+00:00,3,14.62,40.44,0.11,0.25,103.03,120.71,0.0,0,0.0,9,21,1,2,False,279.15999999999997,0.0,0.0,0.0,3.0
Karachi,2026-01-08 05:00:00+00:00,3,34.15,75.72,0.89,4.44,115.58,218.87,0.0,0,0.0,5,8,1,3,False,449.65,0.0,0.0,0.0,3.0
Karachi,2026-04-02 11:00:00+00:00,2,8.77,16.02,0.11,0.17,92.89,115.45,0.0,0,0.0,11,2,4,3,False,233.41000000000003,0.0,0.0,0.0,2.0
Karachi,2026-04-27 18:00:00+00:00,3,27.63,71.34,0.09,0.37,68.57,103.96,0.0,0,0.0,18,27,4,0,False,271.96,0.0,0.0,0.0,3.0
Karachi,2026-03-02 14:00:00+00:00,3,22.48,55.0,0.04,0.28,122.85,150.87,0.0,0,0.0,14,2,3,0,False,351.52,0.0,0.0,0.0,3.0
Karachi,2026-04-23 15:00:00+00:00,3,32.86,81.03,0.05,0.31,50.47,105.26,0.0,0,0.0,15,23,4,3,False,269.98,0.0,0.0,0.0,3.0
Karachi,2026-05-09 23:00:00+00:00,3,14.16,51.28,0.07,0.29,61.62,94.05,0.0,0,0.0,23,9,5,5,True,221.46999999999997,0.0,0.0,0.0,3.0
Karachi,2026-02-19 07:00:00+00:00,3,29.25,58.38,0.64,4.7,119.37,212.89,0.0,0,0.0,7,19,2,3,False,425.23,0.0,0.0,0.0,3.0
Karachi,2026-04-01 22:00:00+00:00,2,13.29,39.19,0.12,0.25,99.19,118.29,0.0,0,0.0,22,1,4,2,False,270.33,0.0,0.0,0.0,2.0
Karachi,2026-01-18 13:00:00+00:00,3,13.5,48.82,0.12,0.33,109.36,119.94,0.0,0,0.0,13,18,1,6,True,292.07,0.0,0.0,0.0,3.0
Karachi,2026-01-07 06:00:00+00:00,4,40.48,100.93,1.28,5.77,111.46,226.88,0.0,0,0.0,6,7,1,2,False,486.8,0.0,0.0,1.0,4.0
Karachi,2026-02-01 13:00:00+00:00,3,23.43,59.01,0.48,3.16,114.54,205.37,0.0,0,0.0,13,1,2,6,True,405.99,0.0,0.0,0.0,3.0
Karachi,2026-03-23 04:00:00+00:00,2,18.12,32.23,0.06,0.08,62.75,106.48,0.0,0,0.0,4,23,3,0,False,219.72,0.0,0.0,0.0,2.0
Karachi,2026-02-03 03:00:00+00:00,5,81.17,163.55,2.38,9.83,135.2,443.55,0.0,0,0.0,3,3,2,1,False,835.6800000000001,0.0,0.0,0.0,4.0
Karachi,2026-03-07 20:00:00+00:00,3,21.1,60.71,0.16,0.49,103.92,133.58,0.0,0,0.0,20,7,3,5,True,319.96000000000004,0.0,0.0,0.0,3.0
Karachi,2026-03-29 01:00:00+00:00,1,4.33,13.42,0.15,0.24,35.01,116.49,0.0,0,0.0,1,29,3,6,True,169.64,0.0,0.0,0.0,1.0
Karachi,2026-03-15 19:00:00+00:00,3,19.04,51.67,0.25,0.19,90.62,123.34,0.0,0,0.0,19,15,3,6,True,285.11,0.0,0.0,0.0,3.0
Karachi,2026-02-09 00:00:00+00:00,3,41.83,89.51,0.09,0.11,97.23,178.15,0.0,0,0.0,0,9,2,0,False,406.9200000000001,0.0,0.0,0.0,3.0
Karachi,2026-05-11 07:00:00+00:00,3,15.51,68.22,0.09,0.34,60.79,90.57,0.0,0,0.0,7,11,5,0,False,235.52,0.0,0.0,0.0,3.0
Karachi,2026-02-21 21:00:00+00:00,4,64.24,124.29,0.79,5.43,167.68,328.79,0.0,0,0.0,21,21,2,5,True,691.22,0.0,0.0,0.0,4.0
Karachi,2026-03-24 16:00:00+00:00,2,11.33,23.07,0.05,0.11,48.78,108.56,0.0,0,0.0,16,24,3,1,False,191.9,0.0,0.0,0.0,2.0
Karachi,2026-01-06 07:00:00+00:00,4,72.54,186.2,1.48,7.86,109.8,297.98,0.0,0,0.0,7,6,1,1,False,675.8600000000001,0.0,0.0,-1.0,4.0
Karachi,2026-01-14 06:00:00+00:00,4,71.69,126.59,1.23,12.41,123.71,328.68,0.0,0,0.0,6,14,1,2,False,664.31,0.0,0.0,0.0,4.0
Karachi,2026-01-04 16:00:00+00:00,3,44.28,74.75,0.48,6.84,129.02,252.42,0.0,0,0.0,16,4,1,6,True,507.78999999999996,0.0,0.0,0.0,3.0
Karachi,2026-01-18 01:00:00+00:00,3,9.42,30.05,0.17,0.65,112.65,120.05,0.0,0,0.0,1,18,1,6,True,272.99,0.0,0.0,0.0,3.0
Karachi,2026-04-14 05:00:00+00:00,2,11.8,34.74,0.18,0.38,80.64,117.03,0.0,0,0.0,5,14,4,1,False,244.77,0.0,0.0,0.0,2.0
Karachi,2026-04-21 17:00:00+00:00,3,25.64,88.04,0.05,0.23,53.32,101.1,0.0,0,0.0,17,21,4,1,False,268.38,0.0,0.0,0.0,3.0
Karachi,2026-04-12 03:00:00+00:00,3,25.88,60.48,0.11,0.3,96.87,130.56,0.0,0,0.0,3,12,4,6,True,314.2,0.0,0.0,0.0,3.0
Karachi,2026-04-16 06:00:00+00:00,3,25.01,92.63,0.13,0.38,94.99,117.02,0.0,0,0.0,6,16,4,3,False,330.15999999999997,0.0,0.0,0.0,4.0
Karachi,2026-04-20 02:00:00+00:00,3,29.44,78.13,0.1,0.62,106.66,118.96,0.0,0,0.0,2,20,4,0,False,333.90999999999997,0.0,0.0,0.0,3.0
Karachi,2026-02-25 14:00:00+00:00,3,32.33,82.2,0.03,0.28,90.62,146.19,0.0,0,0.0,14,25,2,2,False,351.65,0.0,0.0,0.0,3.0
Karachi,2026-02-10 06:00:00+00:00,4,54.9,98.16,0.1,0.34,100.8,208.45,0.0,0,0.0,6,10,2,1,False,462.75,0.0,0.0,0.0,4.0
Karachi,2026-02-23 12:00:00+00:00,3,40.59,65.85,0.06,0.9,116.0,203.59,0.0,0,0.0,12,23,2,0,False,426.99,0.0,0.0,0.0,3.0
Karachi,2026-04-07 18:00:00+00:00,3,19.0,68.84,0.19,0.78,86.11,121.54,0.0,0,0.0,18,7,4,1,False,296.46000000000004,0.0,0.0,0.0,3.0
Karachi,2026-01-22 21:00:00+00:00,3,7.72,28.34,0.41,0.51,113.14,147.4,0.0,0,0.0,21,22,1,3,False,297.52,0.0,0.0,0.0,3.0
Karachi,2026-01-20 19:00:00+00:00,3,15.9,46.41,0.11,0.24,103.23,123.49,0.0,0,0.0,19,20,1,1,False,289.38,0.0,0.0,0.0,3.0
Karachi,2026-02-13 06:00:00+00:00,4,60.41,101.66,0.23,0.71,124.3,294.34,0.0,0,0.0,6,13,2,4,False,581.65,0.0,0.0,0.0,4.0
Karachi,2026-02-06 00:00:00+00:00,5,82.72,140.65,2.48,8.03,151.55,474.58,0.0,0,0.0,0,6,2,4,False,860.01,0.0,0.0,0.0,5.0
Karachi,2026-04-17 02:00:00+00:00,3,33.93,84.0,0.11,0.22,82.11,114.19,0.0,0,0.0,2,17,4,4,False,314.56,0.0,0.0,0.0,3.0
Karachi,2026-03-17 07:00:00+00:00,3,28.84,86.41,0.1,0.39,75.87,116.6,0.0,0,0.0,7,17,3,1,False,308.21000000000004,0.0,0.0,0.0,3.0
Karachi,2026-03-19 04:00:00+00:00,3,36.36,92.55,0.07,0.27,69.27,123.56,0.0,0,0.0,4,19,3,3,False,322.08,0.0,0.0,0.0,3.0
Karachi,2026-01-11 06:00:00+00:00,3,26.18,57.7,0.99,6.09,122.54,194.81,0.0,0,0.0,6,11,1,6,True,408.31,0.0,0.0,0.0,3.0
Karachi,2026-04-29 23:00:00+00:00,3,32.45,75.8,0.15,0.86,93.61,117.78,0.0,0,0.0,23,29,4,2,False,320.65,0.0,0.0,0.0,3.0
Karachi,2026-03-12 22:00:00+00:00,4,45.45,112.97,0.19,0.23,84.27,122.43,0.0,0,0.0,22,12,3,3,False,365.54,0.0,0.0,0.0,4.0
Karachi,2026-03-03 08:00:00+00:00,3,21.87,55.36,0.08,0.24,111.73,139.57,0.0,0,0.0,8,3,3,1,False,328.85,0.0,0.0,0.0,3.0
Karachi,2026-04-03 03:00:00+00:00,1,6.96,10.88,0.1,0.18,52.78,145.93,0.0,0,0.0,3,3,4,4,False,216.83,0.0,0.0,0.0,1.0
Karachi,2026-01-10 07:00:00+00:00,3,24.94,60.56,0.99,6.37,118.62,189.8,0.0,0,0.0,7,10,1,5,True,401.28000000000003,0.0,0.0,0.0,3.0
Karachi,2026-03-18 19:00:00+00:00,4,36.67,100.07,0.11,0.27,67.15,121.71,0.0,0,0.0,19,18,3,2,False,325.98,0.0,0.0,0.0,3.0
Karachi,2026-03-11 13:00:00+00:00,3,25.65,63.12,0.03,0.33,78.0,118.3,0.0,0,0.0,13,11,3,2,False,285.43,0.0,0.0,0.0,3.0
Karachi,2026-01-16 04:00:00+00:00,3,17.84,35.66,0.12,0.27,103.93,133.95,0.0,0,0.0,4,16,1,4,False,291.77,0.0,0.0,0.0,3.0
Karachi,2026-04-25 17:00:00+00:00,4,36.49,105.06,0.07,0.34,48.04,103.93,0.0,0,0.0,17,25,4,5,True,293.93,0.0,0.0,0.0,4.0
Karachi,2026-04-27 14:00:00+00:00,3,30.61,75.79,0.06,0.32,66.04,107.32,0.0,0,0.0,14,27,4,0,False,280.14,0.0,0.0,0.0,3.0
Karachi,2026-04-12 17:00:00+00:00,4,46.69,143.33,0.11,0.18,81.84,138.02,0.0,0,0.0,17,12,4,6,True,410.1700000000001,0.0,0.0,0.0,4.0
Karachi,2026-05-01 14:00:00+00:00,4,41.57,114.18,0.07,0.68,76.39,105.57,0.0,0,0.0,14,1,5,4,False,338.46,0.0,0.0,0.0,4.0
Karachi,2026-03-14 13:00:00+00:00,4,47.33,122.09,0.05,0.33,79.96,120.6,0.0,0,0.0,13,14,3,5,True,370.36,0.0,0.0,0.0,4.0
Karachi,2026-02-11 18:00:00+00:00,5,110.12,199.47,2.62,8.45,194.8,517.26,0.0,0,0.0,18,11,2,2,False,1032.72,0.0,0.0,0.0,5.0
Karachi,2026-04-23 21:00:00+00:00,3,33.44,79.37,0.12,0.3,50.06,106.32,0.0,0,0.0,21,23,4,3,False,269.61,0.0,0.0,0.0,3.0
Karachi,2026-02-13 15:00:00+00:00,3,38.33,67.79,0.11,0.25,105.72,199.33,0.0,0,0.0,15,13,2,4,False,411.53,0.0,0.0,0.0,3.0
Karachi,2026-04-27 05:00:00+00:00,4,37.16,103.74,0.11,0.38,73.2,107.99,0.0,0,0.0,5,27,4,0,False,322.58,0.0,0.0,0.0,4.0
Karachi,2026-03-27 10:00:00+00:00,1,4.64,10.71,0.03,0.09,45.37,101.61,0.0,0,0.0,10,27,3,4,False,162.45,0.0,0.0,0.0,1.0
Karachi,2026-02-07 09:00:00+00:00,3,46.49,68.21,0.17,1.01,121.72,219.96,0.0,0,0.0,9,7,2,5,True,457.56,0.0,0.0,0.0,3.0
Karachi,2026-02-28 14:00:00+00:00,4,33.25,138.2,0.04,0.45,87.47,125.12,0.0,0,0.0,14,28,2,5,True,384.53,0.0,0.0,0.0,4.0
Karachi,2026-02-24 18:00:00+00:00,3,32.94,92.04,0.09,0.37,90.74,157.98,0.0,0,0.0,18,24,2,1,False,374.15999999999997,0.0,0.0,0.0,3.0
Karachi,2026-03-30 10:00:00+00:00,3,8.97,33.2,0.23,0.76,125.73,121.29,0.0,0,0.0,10,30,3,0,False,290.18,0.0,0.0,0.0,3.0
Karachi,2026-04-02 00:00:00+00:00,3,13.56,40.37,0.11,0.24,100.09,118.06,0.0,0,0.0,0,2,4,3,False,272.43,0.0,0.0,1.0,3.0
Karachi,2026-05-09 10:00:00+00:00,3,15.84,66.83,0.05,0.26,59.39,94.86,0.0,0,0.0,10,9,5,5,True,237.23000000000002,0.0,0.0,0.0,3.0
Karachi,2026-01-20 10:00:00+00:00,3,15.87,50.12,0.13,0.31,108.59,126.18,0.0,0,0.0,10,20,1,1,False,301.2,0.0,0.0,0.0,3.0
Karachi,2026-03-08 02:00:00+00:00,3,19.24,48.38,0.13,0.5,112.69,135.89,0.0,0,0.0,2,8,3,6,True,316.83,0.0,0.0,0.0,3.0
Karachi,2026-01-18 21:00:00+00:00,3,20.01,71.28,0.17,0.28,105.71,123.44,0.0,0,0.0,21,18,1,6,True,320.89,0.0,0.0,0.0,3.0
Karachi,2026-03-14 20:00:00+00:00,3,29.75,79.89,0.13,0.37,77.9,120.35,0.0,0,0.0,20,14,3,5,True,308.39,0.0,0.0,0.0,3.0
Karachi,2026-04-09 03:00:00+00:00,3,25.9,80.62,0.13,0.75,138.46,137.44,0.0,0,0.0,3,9,4,3,False,383.3,0.0,0.0,0.0,3.0
Karachi,2026-02-02 18:00:00+00:00,5,135.72,275.98,2.37,11.09,194.49,566.02,0.0,0,0.0,18,2,2,0,False,1185.67,0.0,0.0,0.0,5.0
Karachi,2026-02-28 01:00:00+00:00,4,43.86,180.35,0.13,1.16,115.36,136.44,0.0,0,0.0,1,28,2,5,True,477.29999999999995,0.0,0.0,0.0,4.0
Karachi,2026-01-21 15:00:00+00:00,2,14.84,38.32,0.06,0.39,99.78,120.99,0.0,0,0.0,15,21,1,2,False,274.38,0.0,0.0,-1.0,2.0
Karachi,2026-03-03 05:00:00+00:00,3,23.25,57.58,0.07,0.24,110.11,140.09,0.0,0,0.0,5,3,3,1,False,331.34000000000003,0.0,0.0,0.0,3.0
Karachi,2026-04-28 17:00:00+00:00,3,31.61,82.26,0.09,0.62,75.7,113.65,0.0,0,0.0,17,28,4,1,False,303.93000000000006,0.0,0.0,0.0,3.0
Karachi,2026-05-06 16:00:00+00:00,3,17.57,76.65,0.04,0.29,50.91,107.73,0.0,0,0.0,16,6,5,2,False,253.19,0.0,0.0,0.0,3.0
Karachi,2026-01-09 17:00:00+00:00,3,38.58,75.6,0.98,7.04,135.45,229.98,0.0,0,0.0,17,9,1,4,False,487.63,0.0,0.0,0.0,3.0
Karachi,2026-04-11 18:00:00+00:00,3,27.11,77.64,0.11,0.28,91.81,136.38,0.0,0,0.0,18,11,4,5,True,333.33,0.0,0.0,0.0,3.0
Karachi,2026-02-26 20:00:00+00:00,3,28.76,72.36,0.09,0.39,91.13,130.45,0.0,0,0.0,20,26,2,3,False,323.18,0.0,0.0,0.0,3.0
Karachi,2026-03-29 10:00:00+00:00,1,4.07,11.81,0.24,0.22,59.38,116.84,0.0,0,0.0,10,29,3,6,True,192.56,0.0,0.0,0.0,2.0
Karachi,2026-02-17 06:00:00+00:00,2,22.73,37.44,0.06,0.14,90.73,140.34,0.0,0,0.0,6,17,2,1,False,291.44000000000005,0.0,0.0,0.0,2.0
Karachi,2026-03-24 03:00:00+00:00,2,13.58,24.01,0.07,0.16,48.87,106.85,0.0,0,0.0,3,24,3,1,False,193.54,0.0,0.0,0.0,2.0
Karachi,2026-01-10 00:00:00+00:00,3,29.07,65.47,1.52,7.13,122.77,222.84,0.0,0,0.0,0,10,1,5,True,448.79999999999995,0.0,0.0,0.0,3.0
Karachi,2026-01-24 00:00:00+00:00,3,5.67,28.44,0.24,0.09,105.94,124.72,0.0,0,0.0,0,24,1,5,True,265.1,0.0,0.0,0.0,3.0
Karachi,2026-02-14 09:00:00+00:00,2,22.31,45.38,0.1,0.19,92.31,132.66,0.0,0,0.0,9,14,2,5,True,292.95,0.0,0.0,0.0,2.0
Karachi,2026-03-21 06:00:00+00:00,3,26.71,69.7,0.06,0.17,66.0,116.57,0.0,0,0.0,6,21,3,5,True,279.21,0.0,0.0,0.0,3.0
Karachi,2026-03-11 16:00:00+00:00,4,30.37,101.29,0.05,0.36,72.02,124.66,0.0,0,0.0,16,11,3,2,False,328.75,0.0,0.0,1.0,4.0
Karachi,2026-01-25 21:00:00+00:00,3,28.64,63.54,1.31,4.76,136.49,277.27,0.0,0,0.0,21,25,1,6,True,512.01,0.0,0.0,0.0,3.0
Karachi,2026-04-18 21:00:00+00:00,4,33.13,103.73,0.1,0.18,100.23,116.23,0.0,0,0.0,21,18,4,5,True,353.6,0.0,0.0,0.0,4.0
Karachi,2026-05-14 04:00:00+00:00,2,10.55,36.1,0.09,0.35,57.08,90.97,0.0,0,0.0,4,14,5,3,False,195.14000000000001,0.0,0.0,0.0,2.0
Karachi,2026-05-13 05:00:00+00:00,4,42.16,118.59,0.08,0.74,102.51,111.58,0.0,0,0.0,5,13,5,2,False,375.66,0.0,0.0,0.0,4.0
Karachi,2026-04-08 18:00:00+00:00,4,27.06,83.83,0.17,0.82,142.53,135.39,0.0,0,0.0,18,8,4,2,False,389.79999999999995,0.0,0.0,0.0,4.0
Karachi,2026-05-06 23:00:00+00:00,3,15.74,71.02,0.1,0.28,45.45,99.88,0.0,0,0.0,23,6,5,2,False,232.46999999999997,0.0,0.0,0.0,3.0
Karachi,2026-03-09 21:00:00+00:00,2,17.02,38.24,0.1,0.17,93.26,129.26,0.0,0,0.0,21,9,3,0,False,278.05,0.0,0.0,0.0,2.0
Karachi,2026-04-04 18:00:00+00:00,3,5.71,18.44,0.19,0.24,127.65,129.9,0.0,0,0.0,18,4,4,5,True,282.13,0.0,0.0,0.0,3.0
Karachi,2026-02-19 17:00:00+00:00,5,83.9,154.52,2.11,8.89,187.39,450.53,0.0,0,0.0,17,19,2,3,False,887.3399999999999,0.0,0.0,0.0,5.0
Karachi,2026-01-05 22:00:00+00:00,4,63.18,126.86,1.19,15.42,151.45,304.75,0.0,0,0.0,22,5,1,0,False,662.8499999999999,0.0,0.0,0.0,4.0
Karachi,2026-02-21 14:00:00+00:00,4,63.06,137.03,0.91,5.5,159.35,349.69,0.0,0,0.0,14,21,2,5,True,715.54,0.0,0.0,0.0,4.0
Karachi,2026-02-14 08:00:00+00:00,2,22.62,45.48,0.09,0.22,93.47,135.23,0.0,0,0.0,8,14,2,5,True,297.11,0.0,0.0,0.0,2.0
Karachi,2026-02-28 08:00:00+00:00,4,29.83,130.64,0.1,0.44,85.64,124.58,0.0,0,0.0,8,28,2,5,True,371.22999999999996,0.0,0.0,0.0,4.0
Karachi,2026-03-25 15:00:00+00:00,3,24.94,62.34,0.04,0.09,52.03,107.68,0.0,0,0.0,15,25,3,2,False,247.12,0.0,0.0,0.0,3.0
Karachi,2026-02-20 15:00:00+00:00,5,75.28,154.07,1.38,7.19,170.92,375.85,0.0,0,0.0,15,20,2,4,False,784.69,0.0,0.0,1.0,5.0
Karachi,2026-04-23 06:00:00+00:00,3,32.39,90.41,0.08,0.33,56.37,104.68,0.0,0,0.0,6,23,4,3,False,284.26,0.0,0.0,0.0,3.0
Karachi,2026-01-30 06:00:00+00:00,4,49.79,120.29,1.85,6.36,118.54,316.05,0.0,0,0.0,6,30,1,4,False,612.8800000000001,0.0,0.0,0.0,4.0
Karachi,2026-03-17 22:00:00+00:00,3,32.25,83.61,0.11,0.42,68.3,119.76,0.0,0,0.0,22,17,3,1,False,304.45,0.0,0.0,0.0,3.0
Karachi,2026-03-16 10:00:00+00:00,3,18.65,59.96,0.14,0.35,98.13,127.73,0.0,0,0.0,10,16,3,0,False,304.96,0.0,0.0,0.0,3.0
Karachi,2026-05-07 22:00:00+00:00,3,14.35,56.79,0.09,0.36,50.91,95.38,0.0,0,0.0,22,7,5,3,False,217.88,0.0,0.0,0.0,3.0
Karachi,2026-03-28 13:00:00+00:00,1,5.3,16.31,0.1,0.25,52.25,101.5,0.0,0,0.0,13,28,3,5,True,175.71,0.0,0.0,0.0,1.0
Karachi,2026-04-28 08:00:00+00:00,3,32.42,87.13,0.15,0.57,83.6,116.58,0.0,0,0.0,8,28,4,1,False,320.45,0.0,0.0,0.0,3.0
Karachi,2026-01-27 05:00:00+00:00,3,37.11,84.48,1.36,7.26,125.49,321.77,0.0,0,0.0,5,27,1,1,False,577.47,0.0,0.0,0.0,3.0
Karachi,2026-04-17 11:00:00+00:00,3,32.17,78.56,0.06,0.24,84.24,113.2,0.0,0,0.0,11,17,4,4,False,308.46999999999997,0.0,0.0,0.0,3.0
Karachi,2026-04-25 10:00:00+00:00,3,36.46,94.59,0.08,0.22,48.34,105.34,0.0,0,0.0,10,25,4,5,True,285.03000000000003,0.0,0.0,0.0,3.0
Karachi,2026-02-28 10:00:00+00:00,4,30.47,132.62,0.07,0.45,87.45,124.51,0.0,0,0.0,10,28,2,5,True,375.57,0.0,0.0,0.0,4.0
Karachi,2026-04-16 00:00:00+00:00,3,17.0,50.33,0.2,0.44,117.68,121.78,0.0,0,0.0,0,16,4,3,False,307.43,0.0,0.0,0.0,3.0
Karachi,2026-03-06 07:00:00+00:00,3,29.66,77.03,0.09,0.55,81.47,114.44,0.0,0,0.0,7,6,3,4,False,303.24,0.0,0.0,0.0,3.0
Karachi,2026-05-02 05:00:00+00:00,4,40.74,102.13,0.12,1.01,93.99,113.98,0.0,0,0.0,5,2,5,5,True,351.97,0.0,0.0,1.0,4.0
Karachi,2026-04-18 23:00:00+00:00,4,33.83,104.38,0.1,0.2,99.14,116.19,0.0,0,0.0,23,18,4,5,True,353.84,0.0,0.0,0.0,4.0
Karachi,2026-02-12 09:00:00+00:00,5,82.35,155.43,2.83,7.75,129.42,466.01,0.0,0,0.0,9,12,2,3,False,843.79,0.0,0.0,0.0,5.0
Karachi,2026-05-01 02:00:00+00:00,4,36.58,104.72,0.12,0.49,71.05,107.7,0.0,0,0.0,2,1,5,4,False,320.66,0.0,0.0,0.0,4.0
Karachi,2026-05-14 11:00:00+00:00,2,7.86,39.09,0.05,0.36,46.37,75.66,0.0,0,0.0,11,14,5,3,False,169.39,0.0,0.0,0.0,2.0
Karachi,2026-05-04 21:00:00+00:00,4,33.0,110.93,0.13,0.45,97.96,121.14,0.0,0,0.0,21,4,5,0,False,363.60999999999996,0.0,0.0,0.0,4.0
Karachi,2026-04-04 09:00:00+00:00,3,4.76,16.59,0.32,0.32,133.93,131.91,0.0,0,0.0,9,4,4,5,True,287.83000000000004,0.0,0.0,0.0,3.0
Karachi,2026-01-20 12:00:00+00:00,3,16.08,49.95,0.08,0.3,107.7,126.1,0.0,0,0.0,12,20,1,1,False,300.21000000000004,0.0,0.0,0.0,3.0
Karachi,2026-03-12 13:00:00+00:00,4,52.07,139.24,0.22,0.48,82.53,137.44,0.0,0,0.0,13,12,3,3,False,411.97999999999996,0.0,0.0,0.0,4.0
Karachi,2026-03-25 19:00:00+00:00,3,30.06,82.71,0.08,0.07,54.21,108.36,0.0,0,0.0,19,25,3,2,False,275.49,0.0,0.0,0.0,3.0
Karachi,2026-04-14 17:00:00+00:00,3,24.67,70.11,0.11,0.64,107.73,124.14,0.0,0,0.0,17,14,4,1,False,327.4,0.0,0.0,0.0,3.0
Karachi,2026-03-22 21:00:00+00:00,2,19.73,40.64,0.07,0.08,61.31,107.19,0.0,0,0.0,21,22,3,6,True,229.02,0.0,0.0,0.0,2.0
Karachi,2026-04-01 11:00:00+00:00,3,9.44,27.27,0.1,0.28,112.65,116.19,0.0,0,0.0,11,1,4,2,False,265.93,0.0,0.0,0.0,3.0
Karachi,2026-02-02 20:00:00+00:00,5,131.07,259.82,1.54,10.72,190.77,555.36,0.0,0,0.0,20,2,2,0,False,1149.2800000000002,0.0,0.0,0.0,5.0
Karachi,2026-01-07 20:00:00+00:00,3,32.54,67.92,0.99,4.78,127.24,201.37,0.0,0,0.0,20,7,1,2,False,434.84000000000003,0.0,0.0,0.0,3.0
Karachi,2026-01-21 10:00:00+00:00,3,14.58,39.96,0.1,0.27,102.99,121.03,0.0,0,0.0,10,21,1,2,False,278.93,0.0,0.0,0.0,3.0
Karachi,2026-03-13 11:00:00+00:00,4,62.2,184.28,0.23,0.3,86.04,133.26,0.0,0,0.0,11,13,3,4,False,466.31,0.0,0.0,0.0,4.0
Karachi,2026-02-08 17:00:00+00:00,4,50.86,98.44,0.08,0.16,93.13,208.12,0.0,0,0.0,17,8,2,6,True,450.79,0.0,0.0,0.0,3.0
Karachi,2026-03-10 13:00:00+00:00,3,24.72,68.1,0.05,0.3,86.49,121.12,0.0,0,0.0,13,10,3,1,False,300.78,0.0,0.0,0.0,3.0
Karachi,2026-01-03 22:00:00+00:00,3,45.61,73.68,0.32,3.53,125.29,244.83,0.0,0,0.0,22,3,1,5,True,493.26,0.0,0.0,0.0,3.0
Karachi,2026-02-07 21:00:00+00:00,3,47.99,75.84,0.12,0.37,106.96,212.39,0.0,0,0.0,21,7,2,5,True,443.67,0.0,0.0,0.0,3.0
Karachi,2026-03-03 07:00:00+00:00,3,22.3,56.16,0.06,0.24,111.22,139.53,0.0,0,0.0,7,3,3,1,False,329.51,0.0,0.0,0.0,3.0
Karachi,2026-04-10 22:00:00+00:00,3,21.96,63.77,0.06,0.13,87.42,127.52,0.0,0,0.0,22,10,4,4,False,300.86,0.0,0.0,0.0,3.0
Karachi,2026-02-20 00:00:00+00:00,3,48.79,91.94,4.3,8.2,122.42,366.32,0.0,0,0.0,0,20,2,4,False,641.97,0.0,0.0,-1.0,3.0
Karachi,2026-02-12 07:00:00+00:00,5,85.19,153.77,2.03,7.82,126.98,496.0,0.0,0,0.0,7,12,2,3,False,871.79,0.0,0.0,0.0,5.0
Karachi,2026-01-25 06:00:00+00:00,3,27.11,84.29,1.03,3.44,118.49,265.62,0.0,0,0.0,6,25,1,6,True,499.98,0.0,0.0,0.0,3.0
Karachi,2026-01-03 13:00:00+00:00,4,60.35,105.96,0.61,9.69,135.86,322.23,0.0,0,0.0,13,3,1,5,True,634.7,0.0,0.0,0.0,4.0
Karachi,2026-04-10 13:00:00+00:00,3,24.63,69.39,0.08,0.68,97.36,138.14,0.0,0,0.0,13,10,4,4,False,330.28,0.0,0.0,0.0,3.0
Karachi,2026-04-28 10:00:00+00:00,3,31.22,82.36,0.1,0.53,80.71,116.11,0.0,0,0.0,10,28,4,1,False,311.03,0.0,0.0,0.0,3.0
Karachi,2026-01-17 13:00:00+00:00,4,33.66,105.07,0.16,0.65,114.54,131.19,0.0,0,0.0,13,17,1,5,True,385.27,0.0,0.0,0.0,3.0
Karachi,2026-02-10 15:00:00+00:00,3,37.59,71.59,0.08,0.41,91.2,173.39,0.0,0,0.0,15,10,2,1,False,374.26,0.0,0.0,0.0,3.0
Karachi,2026-01-27 21:00:00+00:00,3,17.47,33.18,0.38,2.31,130.42,210.57,0.0,0,0.0,21,27,1,1,False,394.33,0.0,0.0,0.0,3.0
Karachi,2026-05-02 23:00:00+00:00,4,39.55,102.28,0.19,1.54,104.78,117.95,0.0,0,0.0,23,2,5,5,True,366.28999999999996,0.0,0.0,0.0,4.0
Karachi,2026-02-01 00:00:00+00:00,3,39.86,79.68,0.37,2.29,129.64,237.43,0.0,0,0.0,0,1,2,6,True,489.27,0.0,0.0,0.0,3.0
Karachi,2026-01-13 07:00:00+00:00,4,63.58,118.92,1.81,16.55,122.76,337.97,0.0,0,0.0,7,13,1,1,False,661.59,0.0,0.0,0.0,4.0
Karachi,2026-05-13 07:00:00+00:00,4,39.64,109.98,0.1,0.88,107.46,112.64,0.0,0,0.0,7,13,5,2,False,370.7,0.0,0.0,0.0,4.0
Karachi,2026-01-22 12:00:00+00:00,2,15.42,42.2,0.07,0.46,97.43,113.63,0.0,0,0.0,12,22,1,3,False,269.21000000000004,0.0,0.0,0.0,2.0
Karachi,2026-01-12 22:00:00+00:00,4,52.77,98.75,1.11,10.5,138.09,269.78,0.0,0,0.0,22,12,1,0,False,571.0,0.0,0.0,0.0,4.0
Karachi,2026-03-08 00:00:00+00:00,3,19.49,51.39,0.13,0.5,110.73,134.16,0.0,0,0.0,0,8,3,6,True,316.4,0.0,0.0,0.0,3.0
Karachi,2026-02-11 09:00:00+00:00,4,51.49,117.19,3.88,6.96,93.28,328.17,0.0,0,0.0,9,11,2,2,False,600.97,0.0,0.0,1.0,4.0
Karachi,2026-01-22 14:00:00+00:00,2,16.39,40.1,0.08,0.51,96.42,115.33,0.0,0,0.0,14,22,1,3,False,268.83,0.0,0.0,0.0,2.0
Karachi,2026-03-27 12:00:00+00:00,1,4.31,9.83,0.03,0.08,43.43,100.95,0.0,0,0.0,12,27,3,4,False,158.63,0.0,0.0,0.0,1.0
Karachi,2026-01-13 00:00:00+00:00,4,55.39,102.01,1.35,11.17,135.75,298.41,0.0,0,0.0,0,13,1,1,False,604.0799999999999,0.0,0.0,0.0,4.0
Karachi,2026-04-29 14:00:00+00:00,3,34.88,84.06,0.06,0.5,77.64,122.51,0.0,0,0.0,14,29,4,2,False,319.65,0.0,0.0,0.0,3.0
Karachi,2026-04-20 00:00:00+00:00,3,29.01,77.27,0.11,0.62,109.11,120.2,0.0,0,0.0,0,20,4,0,False,336.32,0.0,0.0,0.0,3.0
Karachi,2026-04-01 09:00:00+00:00,3,9.33,26.87,0.14,0.31,114.34,116.02,0.0,0,0.0,9,1,4,2,False,267.01,0.0,0.0,0.0,3.0
Karachi,2026-05-09 22:00:00+00:00,3,14.05,50.6,0.08,0.28,60.6,93.92,0.0,0,0.0,22,9,5,5,True,219.53000000000003,0.0,0.0,0.0,3.0
Karachi,2026-03-22 19:00:00+00:00,2,19.85,41.51,0.07,0.07,61.1,107.34,0.0,0,0.0,19,22,3,6,True,229.94,0.0,0.0,0.0,2.0
Karachi,2026-02-20 02:00:00+00:00,3,49.29,98.2,3.77,9.17,118.48,353.74,0.0,0,0.0,2,20,2,4,False,632.6500000000001,0.0,0.0,0.0,4.0
Karachi,2026-04-07 16:00:00+00:00,3,17.64,64.89,0.13,0.76,82.91,121.24,0.0,0,0.0,16,7,4,1,False,287.57,0.0,0.0,0.0,3.0
Karachi,2026-02-17 01:00:00+00:00,2,19.26,29.15,0.07,0.13,91.46,136.26,0.0,0,0.0,1,17,2,1,False,276.33,0.0,0.0,0.0,2.0
Karachi,2026-05-05 22:00:00+00:00,3,20.79,88.48,0.09,0.36,56.93,114.86,0.0,0,0.0,22,5,5,1,False,281.51,0.0,0.0,0.0,3.0
Karachi,2026-01-09 05:00:00+00:00,3,35.69,70.8,1.37,7.41,114.35,282.55,0.0,0,0.0,5,9,1,4,False,512.1700000000001,0.0,0.0,0.0,3.0
Karachi,2026-03-21 04:00:00+00:00,3,24.57,60.59,0.06,0.17,67.57,119.06,0.0,0,0.0,4,21,3,5,True,272.02,0.0,0.0,0.0,3.0
Karachi,2026-01-19 13:00:00+00:00,3,19.51,63.27,0.1,0.28,107.44,124.54,0.0,0,0.0,13,19,1,0,False,315.14,0.0,0.0,0.0,3.0
Karachi,2026-03-24 18:00:00+00:00,2,10.9,21.69,0.07,0.1,48.8,108.36,0.0,0,0.0,18,24,3,1,False,189.92000000000002,0.0,0.0,0.0,2.0
Karachi,2026-03-11 14:00:00+00:00,3,26.64,71.99,0.04,0.35,75.99,119.7,0.0,0,0.0,14,11,3,2,False,294.71,0.0,0.0,0.0,3.0
Karachi,2026-04-15 11:00:00+00:00,3,21.79,65.29,0.1,0.56,115.96,125.68,0.0,0,0.0,11,15,4,2,False,329.38,0.0,0.0,0.0,3.0
Karachi,2026-04-05 21:00:00+00:00,3,21.92,69.78,0.09,0.2,106.13,126.73,0.0,0,0.0,21,5,4,6,True,324.85,0.0,0.0,0.0,3.0
Karachi,2026-04-25 19:00:00+00:00,4,37.09,108.24,0.13,0.44,52.42,105.16,0.0,0,0.0,19,25,4,5,True,303.48,0.0,0.0,0.0,4.0
Karachi,2026-01-06 19:00:00+00:00,4,45.57,100.41,1.32,6.57,129.63,225.53,0.0,0,0.0,19,6,1,1,False,509.03,0.0,0.0,0.0,3.0
Karachi,2026-02-04 02:00:00+00:00,5,107.25,176.55,1.98,10.72,168.83,543.22,0.0,0,0.0,2,4,2,2,False,1008.5500000000001,0.0,0.0,0.0,5.0
Karachi,2026-05-06 18:00:00+00:00,3,16.78,74.58,0.06,0.3,48.35,105.04,0.0,0,0.0,18,6,5,2,False,245.11,0.0,0.0,0.0,3.0
Karachi,2026-01-14 04:00:00+00:00,4,73.83,132.55,1.43,13.07,128.2,329.87,0.0,0,0.0,4,14,1,2,False,678.95,0.0,0.0,0.0,4.0
Karachi,2026-01-04 14:00:00+00:00,3,39.47,67.96,0.41,6.75,124.91,242.67,0.0,0,0.0,14,4,1,6,True,482.16999999999996,0.0,0.0,0.0,3.0
Karachi,2026-01-29 21:00:00+00:00,4,48.37,103.93,1.45,6.95,144.8,303.73,0.0,0,0.0,21,29,1,3,False,609.23,0.0,0.0,0.0,4.0
Karachi,2026-01-06 11:00:00+00:00,4,69.65,163.03,1.72,7.14,118.24,291.16,0.0,0,0.0,11,6,1,1,False,650.94,0.0,0.0,0.0,4.0
Karachi,2026-04-08 00:00:00+00:00,3,27.02,88.49,0.21,0.9,107.42,129.14,0.0,0,0.0,0,8,4,2,False,353.17999999999995,0.0,0.0,0.0,3.0
Karachi,2026-01-31 18:00:00+00:00,4,67.18,139.75,0.98,9.0,155.97,317.12,0.0,0,0.0,18,31,1,5,True,690.0,0.0,0.0,0.0,4.0
Karachi,2026-01-24 12:00:00+00:00,3,15.98,44.91,1.43,7.22,120.65,200.99,0.0,0,0.0,12,24,1,5,True,391.18,0.0,0.0,0.0,3.0
Karachi,2026-02-24 20:00:00+00:00,3,32.53,91.39,0.09,0.33,89.76,155.77,0.0,0,0.0,20,24,2,1,False,369.87,0.0,0.0,0.0,3.0
Karachi,2026-03-20 21:00:00+00:00,2,16.4,30.11,0.07,0.1,71.01,122.02,0.0,0,0.0,21,20,3,4,False,239.70999999999998,0.0,0.0,0.0,2.0
Karachi,2026-02-11 16:00:00+00:00,5,112.67,214.44,1.63,8.2,191.75,516.5,0.0,0,0.0,16,11,2,2,False,1045.19,0.0,0.0,0.0,5.0
Karachi,2026-05-02 08:00:00+00:00,4,41.36,106.16,0.15,0.95,89.91,114.49,0.0,0,0.0,8,2,5,5,True,353.02,0.0,0.0,0.0,4.0
Karachi,2026-01-30 19:00:00+00:00,4,56.06,109.24,1.0,6.39,155.94,304.97,0.0,0,0.0,19,30,1,4,False,633.6,0.0,0.0,0.0,4.0
Karachi,2026-02-13 13:00:00+00:00,3,43.52,75.04,0.12,0.29,109.76,223.05,0.0,0,0.0,13,13,2,4,False,451.78000000000003,0.0,0.0,0.0,3.0
Karachi,2026-03-24 01:00:00+00:00,2,11.87,20.74,0.07,0.15,48.55,106.86,0.0,0,0.0,1,24,3,1,False,188.24,0.0,0.0,0.0,2.0
Karachi,2026-03-16 08:00:00+00:00,3,17.15,54.14,0.18,0.36,101.46,125.87,0.0,0,0.0,8,16,3,0,False,299.15999999999997,0.0,0.0,0.0,3.0
Karachi,2026-04-10 15:00:00+00:00,3,24.53,67.28,0.07,0.5,92.97,134.71,0.0,0,0.0,15,10,4,4,False,320.06,0.0,0.0,0.0,3.0
Karachi,2026-01-10 09:00:00+00:00,3,28.17,68.67,1.51,6.65,120.55,198.58,0.0,0,0.0,9,10,1,5,True,424.13,0.0,0.0,0.0,3.0
Karachi,2026-01-12 06:00:00+00:00,4,50.54,98.48,1.53,8.67,122.84,272.92,0.0,0,0.0,6,12,1,0,False,554.98,0.0,0.0,0.0,4.0
Karachi,2026-01-02 16:00:00+00:00,4,55.86,101.14,0.83,7.37,138.41,278.78,0.0,0,0.0,16,2,1,4,False,582.39,0.0,0.0,0.0,4.0
Karachi,2026-04-17 09:00:00+00:00,3,32.14,76.16,0.09,0.24,87.34,113.45,0.0,0,0.0,9,17,4,4,False,309.42,0.0,0.0,0.0,3.0
Karachi,2026-05-12 16:00:00+00:00,3,24.69,85.05,0.05,0.37,69.26,96.56,0.0,0,0.0,16,12,5,1,False,275.98,0.0,0.0,0.0,3.0
Karachi,2026-04-19 06:00:00+00:00,4,33.14,100.04,0.08,0.3,104.2,118.49,0.0,0,0.0,6,19,4,6,True,356.25000000000006,0.0,0.0,0.0,3.0
Karachi,2026-05-14 13:00:00+00:00,2,7.68,38.49,0.04,0.34,41.95,74.78,0.0,0,0.0,13,14,5,3,False,163.28,0.0,0.0,0.0,2.0
Karachi,2026-05-04 23:00:00+00:00,4,33.4,104.52,0.1,0.55,100.54,123.69,0.0,0,0.0,23,4,5,0,False,362.8,0.0,0.0,0.0,4.0
Karachi,2026-03-06 05:00:00+00:00,3,26.16,60.3,0.07,0.39,80.47,112.97,0.0,0,0.0,5,6,3,4,False,280.36,0.0,0.0,0.0,3.0
Karachi,2026-02-08 22:00:00+00:00,3,44.53,90.13,0.09,0.1,95.85,186.23,0.0,0,0.0,22,8,2,6,True,416.92999999999995,0.0,0.0,0.0,3.0
Karachi,2026-03-20 19:00:00+00:00,2,17.32,30.45,0.08,0.09,71.7,122.05,0.0,0,0.0,19,20,3,4,False,241.69,0.0,0.0,0.0,2.0
Karachi,2026-04-03 01:00:00+00:00,1,5.9,10.89,0.1,0.19,48.01,139.71,0.0,0,0.0,1,3,4,4,False,204.8,0.0,0.0,0.0,1.0
Karachi,2026-01-23 15:00:00+00:00,3,4.31,18.08,0.18,0.28,107.16,130.54,0.0,0,0.0,15,23,1,4,False,260.54999999999995,0.0,0.0,0.0,3.0
Karachi,2026-01-31 03:00:00+00:00,3,38.67,82.92,0.8,5.44,134.04,247.69,0.0,0,0.0,3,31,1,5,True,509.56,0.0,0.0,0.0,3.0
Karachi,2026-03-18 17:00:00+00:00,4,36.93,101.69,0.08,0.29,68.03,121.58,0.0,0,0.0,17,18,3,2,False,328.6,0.0,0.0,0.0,4.0
Karachi,2026-03-31 23:00:00+00:00,3,9.41,27.65,0.17,0.5,115.23,116.8,0.0,0,0.0,23,31,3,1,False,269.76,0.0,0.0,0.0,3.0
Karachi,2026-02-06 15:00:00+00:00,5,108.99,178.55,1.53,9.05,185.01,595.96,0.0,0,0.0,15,6,2,4,False,1079.0900000000001,0.0,0.0,0.0,5.0
Karachi,2026-02-06 02:00:00+00:00,5,83.52,139.91,3.31,8.66,138.88,561.33,0.0,0,0.0,2,6,2,4,False,935.61,0.0,0.0,0.0,5.0
Karachi,2026-05-08 09:00:00+00:00,3,14.39,58.36,0.09,0.34,52.31,95.34,0.0,0,0.0,9,8,5,4,False,220.83,0.0,0.0,0.0,3.0
Karachi,2026-02-01 15:00:00+00:00,3,31.81,70.8,0.46,4.09,124.7,237.46,0.0,0,0.0,15,1,2,6,True,469.32000000000005,0.0,0.0,0.0,3.0
Karachi,2026-05-06 14:00:00+00:00,3,18.25,80.15,0.03,0.28,53.69,110.33,0.0,0,0.0,14,6,5,2,False,262.73,0.0,0.0,0.0,3.0
Karachi,2026-04-28 15:00:00+00:00,3,31.39,81.18,0.07,0.54,72.91,113.5,0.0,0,0.0,15,28,4,1,False,299.59000000000003,0.0,0.0,0.0,3.0
Karachi,2026-04-05 19:00:00+00:00,3,20.23,61.15,0.1,0.18,109.17,125.6,0.0,0,0.0,19,5,4,6,True,316.42999999999995,0.0,0.0,0.0,3.0
Karachi,2026-02-16 18:00:00+00:00,2,15.28,22.34,0.05,0.11,91.03,125.66,0.0,0,0.0,18,16,2,0,False,254.47,0.0,0.0,0.0,2.0
Karachi,2026-02-07 07:00:00+00:00,3,47.57,68.1,0.15,1.31,126.4,226.63,0.0,0,0.0,7,7,2,5,True,470.15999999999997,0.0,0.0,0.0,3.0
Karachi,2026-01-30 04:00:00+00:00,4,50.09,113.89,2.09,7.46,122.14,340.34,0.0,0,0.0,4,30,1,4,False,636.01,0.0,0.0,0.0,4.0
Karachi,2026-01-05 13:00:00+00:00,4,62.92,132.84,0.96,14.14,136.72,318.11,0.0,0,0.0,13,5,1,0,False,665.69,0.0,0.0,0.0,4.0
Karachi,2026-02-13 04:00:00+00:00,4,64.7,105.56,0.29,1.0,127.86,308.23,0.0,0,0.0,4,13,2,4,False,607.64,0.0,0.0,0.0,4.0
Karachi,2026-05-10 00:00:00+00:00,3,14.22,52.03,0.07,0.29,62.35,93.86,0.0,0,0.0,0,10,5,6,True,222.82,0.0,0.0,0.0,3.0
Karachi,2026-04-09 05:00:00+00:00,3,25.27,78.7,0.12,0.69,135.4,138.03,0.0,0,0.0,5,9,4,3,False,378.21000000000004,0.0,0.0,0.0,3.0
Karachi,2026-01-25 19:00:00+00:00,4,30.21,65.7,1.28,4.42,140.06,270.77,0.0,0,0.0,19,25,1,6,True,512.44,0.0,0.0,0.0,3.0
Karachi,2026-03-25 04:00:00+00:00,2,12.74,25.23,0.07,0.16,48.27,104.43,0.0,0,0.0,4,25,3,2,False,190.9,0.0,0.0,0.0,2.0
Karachi,2026-02-05 03:00:00+00:00,4,50.7,109.02,2.96,7.48,109.74,346.44,0.0,0,0.0,3,5,2,3,False,626.3399999999999,0.0,0.0,0.0,4.0
Karachi,2026-01-31 16:00:00+00:00,4,71.31,149.93,0.83,10.03,156.49,331.38,0.0,0,0.0,16,31,1,5,True,719.97,0.0,0.0,0.0,4.0
Karachi,2026-04-04 20:00:00+00:00,3,6.29,19.18,0.2,0.24,125.94,129.88,0.0,0,0.0,20,4,4,5,True,281.73,0.0,0.0,0.0,3.0
Karachi,2026-03-12 20:00:00+00:00,4,43.59,113.52,0.21,0.19,81.7,122.56,0.0,0,0.0,20,12,3,3,False,361.77000000000004,0.0,0.0,0.0,4.0
Karachi,2026-03-28 04:00:00+00:00,1,5.86,15.41,0.07,0.2,40.37,89.79,0.0,0,0.0,4,28,3,5,True,151.7,0.0,0.0,0.0,1.0
Karachi,2026-02-17 17:00:00+00:00,2,19.14,28.75,0.05,0.18,85.39,131.53,0.0,0,0.0,17,17,2,1,False,265.03999999999996,0.0,0.0,0.0,2.0
Karachi,2026-01-27 08:00:00+00:00,3,28.17,67.53,1.36,6.26,122.52,280.79,0.0,0,0.0,8,27,1,1,False,506.63,0.0,0.0,0.0,3.0
Karachi,2026-04-22 05:00:00+00:00,3,22.98,84.7,0.07,0.22,51.11,98.29,0.0,0,0.0,5,22,4,2,False,257.37,0.0,0.0,0.0,3.0
Karachi,2026-02-23 14:00:00+00:00,3,39.81,63.6,0.05,0.84,112.04,198.45,0.0,0,0.0,14,23,2,0,False,414.78999999999996,0.0,0.0,0.0,3.0
Karachi,2026-01-22 23:00:00+00:00,3,6.69,28.81,0.37,0.41,114.31,146.95,0.0,0,0.0,23,22,1,3,False,297.53999999999996,0.0,0.0,0.0,3.0
Karachi,2026-02-13 18:00:00+00:00,3,31.36,58.27,0.16,0.23,100.19,172.1,0.0,0,0.0,18,13,2,4,False,362.30999999999995,0.0,0.0,0.0,3.0
Karachi,2026-04-24 20:00:00+00:00,3,33.55,68.21,0.12,0.28,49.8,106.75,0.0,0,0.0,20,24,4,4,False,258.71,0.0,0.0,0.0,3.0
Karachi,2026-02-19 15:00:00+00:00,5,81.26,156.07,1.72,9.39,175.8,443.38,0.0,0,0.0,15,19,2,3,False,867.62,0.0,0.0,0.0,5.0
Karachi,2026-01-05 20:00:00+00:00,4,64.84,127.24,0.94,14.41,152.68,300.29,0.0,0,0.0,20,5,1,0,False,660.4000000000001,0.0,0.0,0.0,4.0
Karachi,2026-05-12 04:00:00+00:00,3,18.8,78.01,0.09,0.38,64.17,88.76,0.0,0,0.0,4,12,5,1,False,250.20999999999998,0.0,0.0,-1.0,3.0
Karachi,2026-03-23 06:00:00+00:00,2,16.38,27.04,0.06,0.09,63.31,106.76,0.0,0,0.0,6,23,3,0,False,213.64000000000001,0.0,0.0,0.0,2.0
Karachi,2026-02-03 05:00:00+00:00,4,72.68,149.97,2.7,9.55,118.3,442.9,0.0,0,0.0,5,3,2,1,False,796.0999999999999,0.0,0.0,0.0,4.0
Karachi,2026-04-21 06:00:00+00:00,4,31.74,100.83,0.07,0.35,70.34,110.56,0.0,0,0.0,6,21,4,1,False,313.89,0.0,0.0,0.0,3.0
Karachi,2026-03-13 19:00:00+00:00,4,50.36,155.5,0.19,0.28,89.69,122.01,0.0,0,0.0,19,13,3,4,False,418.03,0.0,0.0,0.0,4.0
Karachi,2026-01-11 00:00:00+00:00,3,41.57,89.68,1.28,9.58,135.04,249.91,0.0,0,0.0,0,11,1,6,True,527.06,0.0,0.0,0.0,3.0
Karachi,2026-01-24 14:00:00+00:00,3,22.06,56.61,0.78,5.53,131.9,217.22,0.0,0,0.0,14,24,1,5,True,434.1,0.0,0.0,0.0,3.0
Karachi,2026-03-19 16:00:00+00:00,2,19.96,29.64,0.39,0.81,87.81,131.25,0.0,0,0.0,16,19,3,3,False,269.86,0.0,0.0,0.0,2.0
Karachi,2026-02-23 23:00:00+00:00,3,37.43,62.33,0.1,0.79,110.62,186.98,0.0,0,0.0,23,23,2,0,False,398.25,0.0,0.0,0.0,3.0
Karachi,2026-05-09 08:00:00+00:00,3,16.14,67.6,0.08,0.28,59.26,95.59,0.0,0,0.0,8,9,5,5,True,238.95,0.0,0.0,0.0,3.0
Karachi,2026-05-11 05:00:00+00:00,3,15.05,64.07,0.07,0.32,60.34,90.7,0.0,0,0.0,5,11,5,0,False,230.54999999999995,0.0,0.0,0.0,3.0
Karachi,2026-03-22 07:00:00+00:00,3,23.04,52.4,0.06,0.1,64.0,109.58,0.0,0,0.0,7,22,3,6,True,249.18,0.0,0.0,0.0,3.0
Karachi,2026-01-17 11:00:00+00:00,4,41.93,132.07,0.23,0.7,113.29,138.7,0.0,0,0.0,11,17,1,5,True,426.91999999999996,0.0,0.0,0.0,4.0
Karachi,2026-04-03 11:00:00+00:00,2,4.04,6.98,0.19,0.21,86.97,131.59,0.0,0,0.0,11,3,4,4,False,229.98000000000002,0.0,0.0,0.0,2.0
Karachi,2026-05-14 15:00:00+00:00,2,7.48,36.98,0.03,0.31,38.95,76.17,0.0,0,0.0,15,14,5,3,False,159.92000000000002,0.0,0.0,0.0,2.0
Karachi,2026-04-27 07:00:00+00:00,4,37.51,104.19,0.13,0.39,74.08,108.82,0.0,0,0.0,7,27,4,0,False,325.11999999999995,0.0,0.0,0.0,4.0
Karachi,2026-04-19 08:00:00+00:00,3,32.71,97.46,0.1,0.31,105.41,119.16,0.0,0,0.0,8,19,4,6,True,355.15,0.0,0.0,0.0,3.0
Karachi,2026-04-14 03:00:00+00:00,2,11.85,30.11,0.18,0.38,77.31,119.14,0.0,0,0.0,3,14,4,1,False,238.97000000000003,0.0,0.0,0.0,2.0
Karachi,2026-03-29 19:00:00+00:00,2,6.67,20.13,0.26,0.35,98.3,120.2,0.0,0,0.0,19,29,3,6,True,245.91,0.0,0.0,0.0,3.0
Karachi,2026-03-02 23:00:00+00:00,3,22.85,56.27,0.1,0.24,112.7,144.27,0.0,0,0.0,23,2,3,0,False,336.43,0.0,0.0,0.0,3.0
Karachi,2026-01-15 07:00:00+00:00,2,12.6,31.96,0.09,0.13,98.04,133.99,0.0,0,0.0,7,15,1,3,False,276.81000000000006,0.0,0.0,0.0,2.0
Karachi,2026-03-28 00:00:00+00:00,1,4.47,11.58,0.06,0.17,42.58,88.22,0.0,0,0.0,0,28,3,5,True,147.07999999999998,0.0,0.0,0.0,1.0
Karachi,2026-04-02 12:00:00+00:00,2,7.97,13.93,0.11,0.18,86.35,114.4,0.0,0,0.0,12,2,4,3,False,222.94,0.0,0.0,0.0,2.0
Karachi,2026-04-26 08:00:00+00:00,3,37.02,95.6,0.15,0.33,63.73,107.25,0.0,0,0.0,8,26,4,6,True,304.08000000000004,0.0,0.0,0.0,3.0
Karachi,2026-05-03 20:00:00+00:00,3,34.89,90.2,0.2,1.18,103.67,124.7,0.0,0,0.0,20,3,5,6,True,354.84000000000003,0.0,0.0,0.0,3.0
Karachi,2026-05-08 05:00:00+00:00,3,14.54,60.08,0.1,0.36,51.94,94.61,0.0,0,0.0,5,8,5,4,False,221.63,0.0,0.0,0.0,3.0
Karachi,2026-04-13 04:00:00+00:00,3,22.68,56.86,0.1,0.23,87.33,115.31,0.0,0,0.0,4,13,4,0,False,282.51,0.0,0.0,0.0,3.0
Karachi,2026-01-29 19:00:00+00:00,4,46.24,100.38,1.1,5.45,146.41,281.93,0.0,0,0.0,19,29,1,3,False,581.51,0.0,0.0,0.0,4.0
Karachi,2026-03-27 01:00:00+00:00,2,10.07,19.95,0.05,0.06,51.78,101.99,0.0,0,0.0,1,27,3,4,False,183.89999999999998,0.0,0.0,0.0,1.0
Karachi,2026-05-01 16:00:00+00:00,4,43.09,113.4,0.07,0.65,77.33,106.19,0.0,0,0.0,16,1,5,4,False,340.73,0.0,0.0,0.0,4.0
Karachi,2026-01-11 21:00:00+00:00,3,36.05,75.44,1.55,7.43,135.12,223.96,0.0,0,0.0,21,11,1,6,True,479.55,0.0,0.0,0.0,3.0
Karachi,2026-02-10 08:00:00+00:00,4,53.29,95.32,0.11,0.35,98.94,206.95,0.0,0,0.0,8,10,2,1,False,454.96,0.0,0.0,0.0,4.0
Karachi,2026-05-02 21:00:00+00:00,3,37.76,98.29,0.22,1.6,102.82,116.79,0.0,0,0.0,21,2,5,5,True,357.48,0.0,0.0,0.0,4.0
Karachi,2026-02-09 09:00:00+00:00,3,42.55,88.71,0.08,0.1,96.98,181.72,0.0,0,0.0,9,9,2,0,False,410.14,0.0,0.0,0.0,3.0
Karachi,2026-03-19 20:00:00+00:00,2,20.68,32.16,0.35,0.55,81.43,126.37,0.0,0,0.0,20,19,3,3,False,261.54,0.0,0.0,0.0,2.0
Karachi,2026-01-20 21:00:00+00:00,3,15.75,45.54,0.1,0.23,102.54,123.07,0.0,0,0.0,21,20,1,1,False,287.23,0.0,0.0,0.0,3.0
Karachi,2026-02-11 06:00:00+00:00,3,31.67,66.16,0.32,0.67,92.25,159.91,0.0,0,0.0,6,11,2,2,False,350.98,0.0,0.0,0.0,3.0
Karachi,2026-03-06 16:00:00+00:00,4,42.19,124.82,0.07,0.5,77.34,113.53,0.0,0,0.0,16,6,3,4,False,358.45,0.0,0.0,0.0,4.0
Karachi,2026-03-08 13:00:00+00:00,3,20.1,43.38,0.05,0.4,107.77,146.96,0.0,0,0.0,13,8,3,6,True,318.65999999999997,0.0,0.0,0.0,3.0
Karachi,2026-01-19 02:00:00+00:00,3,22.21,76.56,0.16,0.28,106.18,126.62,0.0,0,0.0,2,19,1,0,False,332.01,0.0,0.0,0.0,3.0
Karachi,2026-03-10 00:00:00+00:00,2,17.14,38.81,0.09,0.19,93.39,124.98,0.0,0,0.0,0,10,3,1,False,274.6,0.0,0.0,0.0,2.0
Karachi,2026-01-14 15:00:00+00:00,3,47.88,88.53,0.3,4.76,117.45,238.99,0.0,0,0.0,15,14,1,2,False,497.91,0.0,0.0,-1.0,3.0
Karachi,2026-01-10 22:00:00+00:00,3,38.94,81.14,1.23,8.97,138.58,238.33,0.0,0,0.0,22,10,1,5,True,507.19000000000005,0.0,0.0,0.0,3.0
Karachi,2026-05-04 12:00:00+00:00,3,31.12,98.38,0.14,0.38,110.48,120.73,0.0,0,0.0,12,4,5,0,False,361.23,0.0,0.0,0.0,4.0
Karachi,2026-03-21 18:00:00+00:00,3,27.59,76.95,0.07,0.12,61.46,108.84,0.0,0,0.0,18,21,3,5,True,275.03,0.0,0.0,0.0,3.0
Karachi,2026-04-21 08:00:00+00:00,3,31.46,97.47,0.07,0.37,73.67,110.5,0.0,0,0.0,8,21,4,1,False,313.54,0.0,0.0,0.0,3.0
Karachi,2026-01-22 19:00:00+00:00,3,6.51,15.91,0.41,0.47,110.49,147.36,0.0,0,0.0,19,22,1,3,False,281.15,0.0,0.0,0.0,3.0
Karachi,2026-04-16 01:00:00+00:00,3,18.19,55.9,0.19,0.43,116.22,121.59,0.0,0,0.0,1,16,4,3,False,312.52,0.0,0.0,0.0,3.0
Karachi,2026-04-30 01:00:00+00:00,3,35.75,84.68,0.15,0.88,95.87,118.07,0.0,0,0.0,1,30,4,3,False,335.4,0.0,0.0,0.0,3.0
Karachi,2026-04-28 06:00:00+00:00,3,33.0,89.25,0.12,0.63,87.32,116.27,0.0,0,0.0,6,28,4,1,False,326.59,0.0,0.0,0.0,3.0
Karachi,2026-04-15 02:00:00+00:00,3,21.79,55.2,0.21,0.61,124.12,131.37,0.0,0,0.0,2,15,4,2,False,333.3,0.0,0.0,0.0,3.0
Karachi,2026-02-08 10:00:00+00:00,4,51.11,98.18,0.09,0.17,99.98,213.48,0.0,0,0.0,10,8,2,6,True,463.01,0.0,0.0,0.0,4.0
Karachi,2026-03-05 11:00:00+00:00,2,22.88,49.12,0.04,0.21,87.97,117.46,0.0,0,0.0,11,5,3,3,False,277.68,0.0,0.0,0.0,3.0
Karachi,2026-01-16 06:00:00+00:00,3,18.37,36.65,0.12,0.29,105.26,134.85,0.0,0,0.0,6,16,1,4,False,295.53999999999996,0.0,0.0,0.0,3.0
Karachi,2026-03-03 22:00:00+00:00,3,21.97,55.42,0.08,0.18,98.65,133.17,0.0,0,0.0,22,3,3,1,False,309.47,0.0,0.0,0.0,3.0
Karachi,2026-01-04 23:00:00+00:00,3,36.45,61.06,0.37,4.37,123.65,215.12,0.0,0,0.0,23,4,1,6,True,441.02000000000004,0.0,0.0,0.0,3.0
Karachi,2026-04-20 09:00:00+00:00,3,30.06,80.48,0.08,0.61,106.07,117.85,0.0,0,0.0,9,20,4,0,False,335.15,0.0,0.0,0.0,3.0
Karachi,2026-02-21 10:00:00+00:00,4,50.68,122.12,1.99,5.47,126.69,313.13,0.0,0,0.0,10,21,2,5,True,620.08,0.0,0.0,0.0,4.0
Karachi,2026-03-05 13:00:00+00:00,3,24.46,53.39,0.03,0.21,82.4,116.24,0.0,0,0.0,13,5,3,3,False,276.73,0.0,0.0,0.0,3.0
Karachi,2026-01-16 08:00:00+00:00,3,18.4,36.62,0.13,0.28,105.58,135.41,0.0,0,0.0,8,16,1,4,False,296.41999999999996,0.0,0.0,0.0,3.0
Karachi,2026-04-23 08:00:00+00:00,3,32.6,88.29,0.09,0.33,55.69,105.05,0.0,0,0.0,8,23,4,3,False,282.05,0.0,0.0,0.0,3.0
Karachi,2026-04-13 02:00:00+00:00,3,31.61,85.08,0.11,0.25,86.81,126.0,0.0,0,0.0,2,13,4,0,False,329.86,0.0,0.0,-1.0,3.0
Karachi,2026-01-04 00:00:00+00:00,3,37.34,61.64,0.26,2.52,121.21,217.7,0.0,0,0.0,0,4,1,6,True,440.66999999999996,0.0,0.0,0.0,3.0
Karachi,2026-04-11 00:00:00+00:00,3,22.28,65.45,0.06,0.17,88.91,127.98,0.0,0,0.0,0,11,4,5,True,304.85,0.0,0.0,0.0,3.0
Karachi,2026-01-09 21:00:00+00:00,3,33.11,68.29,1.41,7.5,130.05,228.99,0.0,0,0.0,21,9,1,4,False,469.35,0.0,0.0,0.0,3.0
Karachi,2026-01-12 20:00:00+00:00,4,53.22,99.19,1.07,10.79,143.74,259.52,0.0,0,0.0,20,12,1,0,False,567.53,0.0,0.0,0.0,4.0
Karachi,2026-03-17 20:00:00+00:00,3,32.08,89.97,0.11,0.4,66.44,118.38,0.0,0,0.0,20,17,3,1,False,307.38,0.0,0.0,0.0,3.0
Karachi,2026-03-02 19:00:00+00:00,3,21.87,53.96,0.11,0.25,116.21,146.5,0.0,0,0.0,19,2,3,0,False,338.9,0.0,0.0,0.0,3.0
Karachi,2026-03-14 22:00:00+00:00,3,25.34,68.75,0.13,0.4,81.82,121.51,0.0,0,0.0,22,14,3,5,True,297.95,0.0,0.0,0.0,3.0
Karachi,2026-02-27 21:00:00+00:00,4,44.15,167.92,0.16,1.25,117.76,135.61,0.0,0,0.0,21,27,2,4,False,466.85,0.0,0.0,0.0,4.0
Karachi,2026-04-10 01:00:00+00:00,3,23.56,69.0,0.07,0.29,111.38,129.79,0.0,0,0.0,1,10,4,4,False,334.09000000000003,0.0,0.0,0.0,3.0
Karachi,2026-01-03 11:00:00+00:00,4,58.95,107.89,1.03,10.99,131.72,335.3,0.0,0,0.0,11,3,1,5,True,645.8800000000001,0.0,0.0,0.0,4.0
Karachi,2026-01-13 09:00:00+00:00,4,60.21,116.01,2.7,15.95,119.92,311.02,0.0,0,0.0,9,13,1,1,False,625.81,0.0,0.0,0.0,4.0
Karachi,2026-03-08 11:00:00+00:00,3,20.32,44.53,0.06,0.44,113.83,148.15,0.0,0,0.0,11,8,3,6,True,327.33000000000004,0.0,0.0,0.0,3.0
Karachi,2026-04-14 19:00:00+00:00,3,25.08,67.27,0.2,0.71,113.62,128.97,0.0,0,0.0,19,14,4,1,False,335.85,0.0,0.0,0.0,3.0
Karachi,2026-03-15 00:00:00+00:00,3,22.85,60.73,0.11,0.43,85.33,121.96,0.0,0,0.0,0,15,3,6,True,291.40999999999997,0.0,0.0,0.0,3.0
Karachi,2026-03-16 21:00:00+00:00,3,27.86,91.04,0.11,0.37,77.68,120.79,0.0,0,0.0,21,16,3,0,False,317.85,0.0,0.0,0.0,3.0
Karachi,2026-01-07 22:00:00+00:00,3,32.55,69.23,1.1,5.26,124.48,208.69,0.0,0,0.0,22,7,1,2,False,441.31,0.0,0.0,0.0,3.0
Karachi,2026-01-09 19:00:00+00:00,3,36.58,73.44,1.34,7.44,133.86,231.39,0.0,0,0.0,19,9,1,4,False,484.05,0.0,0.0,0.0,3.0
Karachi,2026-01-20 03:00:00+00:00,3,15.56,49.11,0.13,0.29,107.79,123.85,0.0,0,0.0,3,20,1,1,False,296.73,0.0,0.0,0.0,3.0
Karachi,2026-04-04 16:00:00+00:00,3,5.45,18.08,0.14,0.24,127.98,130.05,0.0,0,0.0,16,4,4,5,True,281.94,0.0,0.0,0.0,3.0
Karachi,2026-02-26 22:00:00+00:00,3,28.97,74.05,0.09,0.4,91.09,129.4,0.0,0,0.0,22,26,2,3,False,324.0,0.0,0.0,0.0,3.0
Karachi,2026-03-09 06:00:00+00:00,3,21.74,46.87,0.09,0.34,105.54,149.25,0.0,0,0.0,6,9,3,0,False,323.83000000000004,0.0,0.0,0.0,3.0
Karachi,2026-02-21 12:00:00+00:00,4,55.42,129.11,1.27,5.54,142.96,328.68,0.0,0,0.0,12,21,2,5,True,662.98,0.0,0.0,0.0,4.0
Karachi,2026-04-05 10:00:00+00:00,3,16.36,51.14,0.06,0.24,116.05,124.78,0.0,0,0.0,10,5,4,6,True,308.63,0.0,0.0,0.0,3.0
Karachi,2026-03-05 15:00:00+00:00,3,25.58,56.07,0.03,0.21,77.65,115.17,0.0,0,0.0,15,5,3,3,False,274.71000000000004,0.0,0.0,0.0,3.0
Karachi,2026-04-17 13:00:00+00:00,3,32.29,84.15,0.05,0.21,79.76,111.5,0.0,0,0.0,13,17,4,4,False,307.96,0.0,0.0,0.0,3.0
Karachi,2026-04-19 10:00:00+00:00,3,32.82,95.66,0.06,0.34,104.65,119.63,0.0,0,0.0,10,19,4,6,True,353.15999999999997,0.0,0.0,0.0,3.0
Karachi,2026-03-07 12:00:00+00:00,3,24.13,75.68,0.08,0.52,101.18,131.47,0.0,0,0.0,12,7,3,5,True,333.06,0.0,0.0,0.0,3.0
Karachi,2026-02-24 04:00:00+00:00,3,37.18,68.82,0.08,0.7,108.2,183.5,0.0,0,0.0,4,24,2,1,False,398.48,0.0,0.0,0.0,3.0
Karachi,2026-01-06 23:00:00+00:00,3,36.92,87.28,1.57,6.69,118.53,218.78,0.0,0,0.0,23,6,1,1,False,469.77,0.0,0.0,0.0,3.0
Karachi,2026-03-12 06:00:00+00:00,4,67.27,183.38,0.38,0.3,83.38,140.21,0.0,0,0.0,6,12,3,3,False,474.91999999999996,0.0,0.0,-1.0,4.0
Karachi,2026-01-19 04:00:00+00:00,3,22.17,75.53,0.16,0.29,106.6,127.17,0.0,0,0.0,4,19,1,0,False,331.92,0.0,0.0,0.0,3.0
Karachi,2026-04-15 00:00:00+00:00,3,23.57,60.03,0.22,0.68,123.02,132.88,0.0,0,0.0,0,15,4,2,False,340.4,0.0,0.0,0.0,3.0
Karachi,2026-02-25 23:00:00+00:00,3,31.39,76.45,0.07,0.36,94.69,141.84,0.0,0,0.0,23,25,2,2,False,344.79999999999995,0.0,0.0,0.0,3.0
Karachi,2026-04-25 08:00:00+00:00,3,36.4,89.87,0.12,0.23,47.95,105.53,0.0,0,0.0,8,25,4,5,True,280.1,0.0,0.0,0.0,3.0
Karachi,2026-04-14 01:00:00+00:00,2,12.1,31.27,0.18,0.38,74.77,119.22,0.0,0,0.0,1,14,4,1,False,237.92,0.0,0.0,0.0,2.0
Karachi,2026-02-03 17:00:00+00:00,5,103.55,193.51,1.34,7.22,167.77,442.61,0.0,0,0.0,17,3,2,1,False,916.0,0.0,0.0,0.0,5.0
Karachi,2026-03-02 21:00:00+00:00,3,22.17,54.88,0.11,0.25,114.71,145.14,0.0,0,0.0,21,2,3,0,False,337.26,0.0,0.0,0.0,3.0
Karachi,2026-02-19 13:00:00+00:00,4,65.02,132.69,2.43,8.96,148.17,397.69,0.0,0,0.0,13,19,2,3,False,754.96,0.0,0.0,0.0,5.0
Karachi,2026-01-05 01:00:00+00:00,3,32.89,56.27,0.33,3.68,120.78,199.88,0.0,0,0.0,1,5,1,0,False,413.83,0.0,0.0,0.0,3.0
Karachi,2026-04-12 01:00:00+00:00,3,25.48,59.98,0.13,0.28,97.01,131.63,0.0,0,0.0,1,12,4,6,True,314.51,0.0,0.0,0.0,3.0
Karachi,2026-02-13 02:00:00+00:00,4,66.11,104.53,0.37,1.46,134.49,309.52,0.0,0,0.0,2,13,2,4,False,616.48,0.0,0.0,0.0,4.0
Karachi,2026-05-05 13:00:00+00:00,3,21.9,83.87,0.05,0.42,56.32,118.05,0.0,0,0.0,13,5,5,1,False,280.61,0.0,0.0,0.0,3.0
Karachi,2026-01-08 00:00:00+00:00,3,34.26,74.29,1.15,5.47,120.47,219.0,0.0,0,0.0,0,8,1,3,False,454.64,0.0,0.0,0.0,3.0
Karachi,2026-03-03 20:00:00+00:00,3,21.53,55.18,0.08,0.19,99.19,134.13,0.0,0,0.0,20,3,3,1,False,310.3,0.0,0.0,0.0,3.0
Karachi,2026-03-29 03:00:00+00:00,1,5.07,13.77,0.18,0.25,39.82,117.61,0.0,0,0.0,3,29,3,6,True,176.7,0.0,0.0,0.0,1.0
Karachi,2026-05-11 03:00:00+00:00,3,14.88,62.67,0.07,0.3,60.57,91.11,0.0,0,0.0,3,11,5,0,False,229.59999999999997,0.0,0.0,0.0,3.0
Karachi,2026-03-26 05:00:00+00:00,3,28.03,66.29,0.07,0.1,60.32,108.63,0.0,0,0.0,5,26,3,3,False,263.44,0.0,0.0,0.0,3.0
Karachi,2026-02-28 22:00:00+00:00,4,42.59,161.15,0.1,0.54,91.48,132.12,0.0,0,0.0,22,28,2,5,True,427.98,0.0,0.0,0.0,4.0
Karachi,2026-01-11 19:00:00+00:00,3,32.72,67.77,1.57,6.89,139.46,208.66,0.0,0,0.0,19,11,1,6,True,457.07,0.0,0.0,-1.0,3.0
Karachi,2026-03-16 19:00:00+00:00,3,26.77,87.76,0.11,0.36,77.86,122.26,0.0,0,0.0,19,16,3,0,False,315.12,0.0,0.0,0.0,3.0
Karachi,2026-01-23 22:00:00+00:00,3,5.72,27.89,0.24,0.09,105.37,125.49,0.0,0,0.0,22,23,1,4,False,264.8,0.0,0.0,0.0,3.0
Karachi,2026-04-11 02:00:00+00:00,3,21.49,65.0,0.06,0.22,94.7,127.94,0.0,0,0.0,2,11,4,5,True,309.40999999999997,0.0,0.0,0.0,3.0
Karachi,2026-05-14 02:00:00+00:00,2,12.54,38.65,0.09,0.36,61.21,97.42,0.0,0,0.0,2,14,5,3,False,210.26999999999998,0.0,0.0,0.0,2.0
Karachi,2026-02-24 06:00:00+00:00,3,36.83,74.71,0.07,0.65,105.9,180.49,0.0,0,0.0,6,24,2,1,False,398.65,0.0,0.0,0.0,3.0
Karachi,2026-03-06 14:00:00+00:00,4,39.67,119.36,0.06,0.58,78.85,114.81,0.0,0,0.0,14,6,3,4,False,353.33000000000004,0.0,0.0,0.0,4.0
Karachi,2026-03-19 18:00:00+00:00,2,20.38,29.88,0.38,0.67,84.23,128.85,0.0,0,0.0,18,19,3,3,False,264.39,0.0,0.0,0.0,2.0
Karachi,2026-02-04 11:00:00+00:00,4,65.72,143.22,2.63,5.17,110.58,406.95,0.0,0,0.0,11,4,2,2,False,734.27,0.0,0.0,0.0,4.0
Karachi,2026-02-17 15:00:00+00:00,2,18.71,28.57,0.04,0.16,87.08,129.21,0.0,0,0.0,15,17,2,1,False,263.77,0.0,0.0,0.0,2.0
Karachi,2026-05-08 07:00:00+00:00,3,14.65,60.19,0.12,0.35,52.06,95.09,0.0,0,0.0,7,8,5,4,False,222.46,0.0,0.0,0.0,3.0
Karachi,2026-02-02 16:00:00+00:00,5,136.39,287.67,1.9,10.92,186.78,561.08,0.0,0,0.0,16,2,2,0,False,1184.74,0.0,0.0,0.0,5.0
Karachi,2026-02-27 23:00:00+00:00,4,45.31,174.07,0.15,1.29,120.13,137.73,0.0,0,0.0,23,27,2,4,False,478.67999999999995,0.0,0.0,0.0,4.0
Karachi,2026-03-27 03:00:00+00:00,1,8.4,17.1,0.05,0.07,50.69,102.4,0.0,0,0.0,3,27,3,4,False,178.71,0.0,0.0,0.0,1.0
Karachi,2026-02-16 16:00:00+00:00,2,14.69,21.47,0.03,0.1,90.58,123.66,0.0,0,0.0,16,16,2,0,False,250.53,0.0,0.0,0.0,2.0
Karachi,2026-03-13 23:00:00+00:00,4,54.95,159.66,0.18,0.34,90.82,122.07,0.0,0,0.0,23,13,3,4,False,428.02000000000004,0.0,0.0,0.0,4.0
Karachi,2026-03-12 04:00:00+00:00,5,86.93,263.05,0.28,0.3,85.83,139.85,0.0,0,0.0,4,12,3,3,False,576.24,0.0,0.0,0.0,5.0
Karachi,2026-03-26 04:00:00+00:00,3,30.24,72.71,0.08,0.1,59.7,109.17,0.0,0,0.0,4,26,3,3,False,272.0,0.0,0.0,0.0,3.0
Karachi,2026-04-20 11:00:00+00:00,3,30.44,81.67,0.05,0.5,100.71,115.64,0.0,0,0.0,11,20,4,0,False,329.01,0.0,0.0,0.0,3.0
Karachi,2026-01-21 22:00:00+00:00,2,12.62,31.78,0.08,0.23,97.66,114.51,0.0,0,0.0,22,21,1,2,False,256.88,0.0,0.0,0.0,2.0
Karachi,2026-05-07 08:00:00+00:00,3,15.13,60.91,0.08,0.27,44.56,97.78,0.0,0,0.0,8,7,5,3,False,218.73,0.0,0.0,0.0,3.0
Karachi,2026-02-13 20:00:00+00:00,3,28.69,55.04,0.17,0.25,97.59,162.52,0.0,0,0.0,20,13,2,4,False,344.26,0.0,0.0,0.0,3.0
Karachi,2026-02-27 00:00:00+00:00,3,28.72,76.14,0.08,0.43,93.52,127.99,0.0,0,0.0,0,27,2,4,False,326.88,0.0,0.0,0.0,3.0
Karachi,2026-03-23 08:00:00+00:00,2,14.17,21.58,0.07,0.08,63.4,107.67,0.0,0,0.0,8,23,3,0,False,206.97,0.0,0.0,0.0,2.0
Karachi,2026-04-05 12:00:00+00:00,3,17.37,53.4,0.04,0.21,112.68,124.44,0.0,0,0.0,12,5,4,6,True,308.14,0.0,0.0,0.0,3.0
Karachi,2026-02-26 01:00:00+00:00,3,31.73,76.93,0.07,0.4,95.93,142.28,0.0,0,0.0,1,26,2,3,False,347.34000000000003,0.0,0.0,0.0,3.0
Karachi,2026-04-24 07:00:00+00:00,3,33.6,76.96,0.11,0.3,46.07,105.47,0.0,0,0.0,7,24,4,4,False,262.51,0.0,0.0,0.0,3.0
Karachi,2026-04-13 00:00:00+00:00,4,41.71,121.34,0.14,0.32,86.09,136.3,0.0,0,0.0,0,13,4,0,False,385.9,0.0,0.0,0.0,4.0
Karachi,2026-01-05 18:00:00+00:00,4,67.73,132.81,1.11,14.44,152.46,308.13,0.0,0,0.0,18,5,1,0,False,676.6800000000001,0.0,0.0,0.0,4.0
Karachi,2026-02-14 22:00:00+00:00,2,19.57,44.87,0.08,0.08,88.52,122.26,0.0,0,0.0,22,14,2,5,True,275.38,0.0,0.0,0.0,2.0
Karachi,2026-01-03 00:00:00+00:00,4,53.77,98.0,1.12,9.92,140.58,300.18,0.0,0,0.0,0,3,1,5,True,603.5699999999999,0.0,0.0,0.0,4.0
Karachi,2026-03-11 23:00:00+00:00,5,66.94,235.03,0.2,0.35,77.37,135.25,0.0,0,0.0,23,11,3,2,False,515.1400000000001,0.0,0.0,0.0,5.0
Karachi,2026-03-07 16:00:00+00:00,3,22.87,70.16,0.08,0.49,97.84,131.8,0.0,0,0.0,16,7,3,5,True,323.24,0.0,0.0,0.0,3.0
Karachi,2026-02-20 19:00:00+00:00,5,75.22,136.37,2.83,7.15,181.71,400.27,0.0,0,0.0,19,20,2,4,False,803.55,0.0,0.0,0.0,4.0
Karachi,2026-04-01 05:00:00+00:00,3,9.91,28.52,0.12,0.39,115.2,116.05,0.0,0,0.0,5,1,4,2,False,270.19,0.0,0.0,0.0,3.0
Karachi,2026-04-18 07:00:00+00:00,4,49.66,159.12,0.07,0.22,86.29,115.46,0.0,0,0.0,7,18,4,5,True,410.82,0.0,0.0,0.0,4.0
Karachi,2026-04-26 06:00:00+00:00,3,35.37,90.83,0.13,0.34,61.1,106.2,0.0,0,0.0,6,26,4,6,True,293.96999999999997,0.0,0.0,0.0,3.0
Karachi,2026-03-26 11:00:00+00:00,2,16.67,35.69,0.05,0.08,62.09,105.64,0.0,0,0.0,11,26,3,3,False,220.22,0.0,0.0,0.0,2.0
Karachi,2026-02-18 01:00:00+00:00,2,21.19,34.47,0.31,1.06,84.81,145.03,0.0,0,0.0,1,18,2,2,False,286.87,0.0,0.0,0.0,2.0
Karachi,2026-02-03 07:00:00+00:00,5,75.29,155.53,2.62,9.0,108.93,452.99,0.0,0,0.0,7,3,2,1,False,804.36,0.0,0.0,1.0,5.0
Karachi,2026-03-20 14:00:00+00:00,2,16.9,28.69,0.05,0.11,77.24,122.14,0.0,0,0.0,14,20,3,4,False,245.13,0.0,0.0,0.0,2.0
Karachi,2026-03-06 21:00:00+00:00,4,39.5,114.23,0.14,0.43,77.05,115.35,0.0,0,0.0,21,6,3,4,False,346.70000000000005,0.0,0.0,0.0,4.0
Karachi,2026-01-05 21:00:00+00:00,4,63.2,125.05,0.96,14.51,152.01,297.15,0.0,0,0.0,21,5,1,0,False,652.88,0.0,0.0,0.0,4.0
Karachi,2026-01-21 19:00:00+00:00,2,13.96,35.25,0.09,0.27,98.27,117.32,0.0,0,0.0,19,21,1,2,False,265.15999999999997,0.0,0.0,0.0,2.0
Karachi,2026-02-06 10:00:00+00:00,5,88.85,160.01,3.5,9.47,118.56,585.83,0.0,0,0.0,10,6,2,4,False,966.22,0.0,0.0,0.0,5.0
Karachi,2026-05-10 18:00:00+00:00,3,14.36,58.19,0.06,0.29,58.89,90.95,0.0,0,0.0,18,10,5,6,True,222.74,0.0,0.0,0.0,3.0
Karachi,2026-03-15 18:00:00+00:00,3,19.25,52.94,0.21,0.17,91.16,123.25,0.0,0,0.0,18,15,3,6,True,286.98,0.0,0.0,0.0,3.0
Karachi,2026-03-23 17:00:00+00:00,1,8.92,13.2,0.04,0.06,50.84,109.34,0.0,0,0.0,17,23,3,0,False,182.4,0.0,0.0,0.0,1.0
Karachi,2026-02-20 22:00:00+00:00,4,62.09,110.74,4.03,8.03,154.43,417.08,0.0,0,0.0,22,20,2,4,False,756.4,0.0,0.0,0.0,4.0
Karachi,2026-03-08 20:00:00+00:00,3,20.49,43.81,0.14,0.37,102.99,148.66,0.0,0,0.0,20,8,3,6,True,316.46000000000004,0.0,0.0,0.0,3.0
Karachi,2026-01-24 22:00:00+00:00,3,18.82,67.59,1.32,4.54,114.36,179.73,0.0,0,0.0,22,24,1,5,True,386.36,0.0,0.0,0.0,3.0
Karachi,2026-01-10 20:00:00+00:00,4,36.11,73.28,1.07,7.6,140.06,222.24,0.0,0,0.0,20,10,1,5,True,480.36,0.0,0.0,0.0,3.0
Karachi,2026-02-15 01:00:00+00:00,2,20.07,47.67,0.07,0.08,89.09,123.63,0.0,0,0.0,1,15,2,6,True,280.61,0.0,0.0,0.0,2.0
Karachi,2026-04-01 02:00:00+00:00,3,9.71,28.13,0.15,0.44,115.39,116.11,0.0,0,0.0,2,1,4,2,False,269.93,0.0,0.0,0.0,3.0
Karachi,2026-02-09 07:00:00+00:00,3,42.36,93.11,0.08,0.1,97.23,179.37,0.0,0,0.0,7,9,2,0,False,412.25,0.0,0.0,0.0,3.0
Karachi,2026-04-26 03:00:00+00:00,3,34.01,88.95,0.14,0.41,60.0,106.15,0.0,0,0.0,3,26,4,6,True,289.65999999999997,0.0,0.0,0.0,3.0
Karachi,2026-02-17 22:00:00+00:00,2,21.05,31.28,0.07,0.14,83.96,137.45,0.0,0,0.0,22,17,2,1,False,273.95,0.0,0.0,0.0,2.0
Karachi,2026-05-02 00:00:00+00:00,4,41.81,104.12,0.14,0.99,92.1,110.93,0.0,0,0.0,0,2,5,5,True,350.09000000000003,0.0,0.0,0.0,4.0
Karachi,2026-04-03 13:00:00+00:00,2,2.47,4.61,0.13,0.14,97.91,127.65,0.0,0,0.0,13,3,4,4,False,232.91,0.0,0.0,0.0,3.0
Karachi,2026-02-14 12:00:00+00:00,2,21.38,44.11,0.05,0.14,89.59,127.92,0.0,0,0.0,12,14,2,5,True,283.19,0.0,0.0,0.0,2.0
Karachi,2026-01-19 20:00:00+00:00,3,17.05,52.67,0.15,0.27,106.59,122.32,0.0,0,0.0,20,19,1,0,False,299.05,0.0,0.0,0.0,3.0
Karachi,2026-02-23 19:00:00+00:00,3,38.21,61.54,0.12,0.79,110.07,190.21,0.0,0,0.0,19,23,2,0,False,400.94000000000005,0.0,0.0,0.0,3.0
Karachi,2026-02-23 22:00:00+00:00,3,37.53,61.87,0.1,0.79,110.52,187.55,0.0,0,0.0,22,23,2,0,False,398.36,0.0,0.0,0.0,3.0
Karachi,2026-05-05 06:00:00+00:00,3,33.17,87.3,0.08,0.47,92.36,123.95,0.0,0,0.0,6,5,5,1,False,337.33,0.0,0.0,0.0,3.0
Karachi,2026-03-20 17:00:00+00:00,2,17.61,30.21,0.06,0.09,72.16,121.64,0.0,0,0.0,17,20,3,4,False,241.76999999999998,0.0,0.0,0.0,2.0
Karachi,2026-01-25 08:00:00+00:00,3,25.46,76.69,1.08,3.3,120.36,261.05,0.0,0,0.0,8,25,1,6,True,487.94,0.0,0.0,0.0,3.0
Karachi,2026-04-29 00:00:00+00:00,3,33.32,81.95,0.11,0.52,75.51,117.81,0.0,0,0.0,0,29,4,2,False,309.22,0.0,0.0,0.0,3.0
Karachi,2026-05-10 15:00:00+00:00,3,14.9,60.77,0.04,0.28,56.76,90.71,0.0,0,0.0,15,10,5,6,True,223.45999999999998,0.0,0.0,0.0,3.0
Karachi,2026-04-21 07:00:00+00:00,3,31.59,98.93,0.07,0.36,71.92,110.53,0.0,0,0.0,7,21,4,1,False,313.4,0.0,0.0,-1.0,3.0
Karachi,2026-05-07 05:00:00+00:00,3,15.95,65.85,0.08,0.26,47.16,98.55,0.0,0,0.0,5,7,5,3,False,227.85000000000002,0.0,0.0,0.0,3.0
Karachi,2026-05-02 22:00:00+00:00,4,38.62,100.11,0.21,1.59,104.81,117.53,0.0,0,0.0,22,2,5,5,True,362.87,0.0,0.0,1.0,4.0
Karachi,2026-03-23 14:00:00+00:00,2,10.1,14.42,0.03,0.07,53.91,109.26,0.0,0,0.0,14,23,3,0,False,187.79000000000002,0.0,0.0,0.0,1.0
Karachi,2026-01-24 19:00:00+00:00,3,16.75,53.72,1.06,3.43,120.42,170.71,0.0,0,0.0,19,24,1,5,True,366.09000000000003,0.0,0.0,0.0,3.0
Karachi,2026-03-29 11:00:00+00:00,2,4.18,11.75,0.19,0.22,61.1,117.64,0.0,0,0.0,11,29,3,6,True,195.07999999999998,0.0,0.0,1.0,2.0
Karachi,2026-05-13 15:00:00+00:00,3,19.56,62.24,0.06,0.45,70.77,95.0,0.0,0,0.0,15,13,5,2,False,248.07999999999998,0.0,0.0,0.0,3.0
Karachi,2026-03-09 12:00:00+00:00,3,22.14,48.96,0.05,0.28,101.13,151.8,0.0,0,0.0,12,9,3,0,False,324.36,0.0,0.0,0.0,2.0
Karachi,2026-04-03 19:00:00+00:00,3,3.58,9.58,0.32,0.24,127.88,127.75,0.0,0,0.0,19,3,4,4,False,269.35,0.0,0.0,0.0,3.0
Karachi,2026-05-02 10:00:00+00:00,4,39.95,102.18,0.11,0.96,89.2,114.3,0.0,0,0.0,10,2,5,5,True,346.70000000000005,0.0,0.0,0.0,3.0
Karachi,2026-01-10 17:00:00+00:00,3,33.16,66.0,0.83,6.04,139.07,205.49,0.0,0,0.0,17,10,1,5,True,450.59000000000003,0.0,0.0,0.0,3.0
Karachi,2026-02-26 09:00:00+00:00,3,30.48,76.84,0.08,0.56,102.78,138.66,0.0,0,0.0,9,26,2,3,False,349.4,0.0,0.0,0.0,3.0
Karachi,2026-01-31 17:00:00+00:00,4,69.79,145.85,0.9,9.7,157.24,324.64,0.0,0,0.0,17,31,1,5,True,708.12,0.0,0.0,0.0,4.0
Karachi,2026-02-12 14:00:00+00:00,5,99.95,176.99,1.82,8.86,180.64,491.94,0.0,0,0.0,14,12,2,3,False,960.2,0.0,0.0,0.0,5.0
Karachi,2026-04-03 16:00:00+00:00,3,2.16,4.63,0.17,0.14,112.72,125.96,0.0,0,0.0,16,3,4,4,False,245.77999999999997,0.0,0.0,0.0,3.0
Karachi,2026-03-03 15:00:00+00:00,3,21.51,55.08,0.04,0.21,101.68,138.71,0.0,0,0.0,15,3,3,1,False,317.23,0.0,0.0,0.0,3.0
Karachi,2026-02-14 18:00:00+00:00,2,19.48,41.0,0.07,0.09,86.22,122.1,0.0,0,0.0,18,14,2,5,True,268.96000000000004,0.0,0.0,0.0,2.0
Karachi,2026-04-04 05:00:00+00:00,3,5.57,20.11,0.24,0.35,134.03,132.61,0.0,0,0.0,5,4,4,5,True,292.91,0.0,0.0,0.0,3.0
Karachi,2026-01-20 02:00:00+00:00,3,15.69,49.27,0.13,0.29,107.48,123.4,0.0,0,0.0,2,20,1,1,False,296.26,0.0,0.0,0.0,3.0
Karachi,2026-01-25 05:00:00+00:00,3,28.07,89.49,1.09,3.63,117.22,265.22,0.0,0,0.0,5,25,1,6,True,504.72,0.0,0.0,0.0,3.0
Karachi,2026-03-12 21:00:00+00:00,4,44.44,113.32,0.2,0.21,82.81,122.16,0.0,0,0.0,21,12,3,3,False,363.14,0.0,0.0,0.0,4.0
Karachi,2026-02-06 04:00:00+00:00,5,84.16,145.24,3.29,9.06,128.1,588.69,0.0,0,0.0,4,6,2,4,False,958.5400000000001,0.0,0.0,0.0,5.0
Karachi,2026-02-09 20:00:00+00:00,3,38.05,73.47,0.1,0.18,94.03,168.16,0.0,0,0.0,20,9,2,0,False,373.99,0.0,0.0,0.0,3.0
Karachi,2026-01-19 11:00:00+00:00,3,20.03,66.0,0.16,0.3,108.2,126.72,0.0,0,0.0,11,19,1,0,False,321.40999999999997,0.0,0.0,0.0,3.0
Karachi,2026-03-07 03:00:00+00:00,3,32.57,92.29,0.13,0.45,82.78,118.56,0.0,0,0.0,3,7,3,5,True,326.78000000000003,0.0,0.0,0.0,3.0
Karachi,2026-01-14 02:00:00+00:00,4,70.89,130.62,1.49,12.78,133.46,314.18,0.0,0,0.0,2,14,1,2,False,663.4200000000001,0.0,0.0,0.0,4.0
Karachi,2026-01-22 11:00:00+00:00,2,14.64,40.62,0.08,0.4,97.44,113.32,0.0,0,0.0,11,22,1,3,False,266.5,0.0,0.0,0.0,2.0
Karachi,2026-03-23 11:00:00+00:00,2,11.5,16.38,0.04,0.07,59.66,109.15,0.0,0,0.0,11,23,3,0,False,196.8,0.0,0.0,0.0,2.0
Karachi,2026-01-24 16:00:00+00:00,3,20.82,56.92,0.72,3.62,129.09,202.2,0.0,0,0.0,16,24,1,5,True,413.37,0.0,0.0,0.0,3.0
Karachi,2026-02-13 05:00:00+00:00,4,63.4,105.19,0.26,0.84,125.37,304.76,0.0,0,0.0,5,13,2,4,False,599.8199999999999,0.0,0.0,0.0,4.0
Karachi,2026-04-20 16:00:00+00:00,3,34.08,95.8,0.04,0.23,79.27,109.52,0.0,0,0.0,16,20,4,0,False,318.93999999999994,0.0,0.0,0.0,3.0
Karachi,2026-05-14 00:00:00+00:00,2,14.96,41.96,0.09,0.36,68.84,104.31,0.0,0,0.0,0,14,5,3,False,230.52,0.0,0.0,0.0,2.0
Karachi,2026-04-15 07:00:00+00:00,3,20.83,56.72,0.2,0.59,120.78,126.15,0.0,0,0.0,7,15,4,2,False,325.27,0.0,0.0,0.0,3.0
Karachi,2026-03-15 06:00:00+00:00,4,35.92,102.64,0.13,0.62,99.39,136.72,0.0,0,0.0,6,15,3,6,True,375.41999999999996,0.0,0.0,1.0,4.0
Karachi,2026-03-07 13:00:00+00:00,3,23.81,74.58,0.08,0.51,100.05,131.5,0.0,0,0.0,13,7,3,5,True,330.53,0.0,0.0,0.0,3.0
Karachi,2026-04-25 21:00:00+00:00,4,37.02,105.59,0.15,0.52,56.31,106.18,0.0,0,0.0,21,25,4,5,True,305.77000000000004,0.0,0.0,0.0,4.0
Karachi,2026-01-16 11:00:00+00:00,3,17.64,34.91,0.12,0.26,104.19,133.87,0.0,0,0.0,11,16,1,4,False,290.99,0.0,0.0,0.0,3.0
Karachi,2026-03-04 03:00:00+00:00,3,23.99,55.26,0.07,0.21,98.25,130.56,0.0,0,0.0,3,4,3,2,False,308.34,0.0,0.0,0.0,3.0
Karachi,2026-01-08 18:00:00+00:00,3,30.42,58.76,1.39,5.24,129.48,233.19,0.0,0,0.0,18,8,1,3,False,458.48,0.0,0.0,0.0,3.0
Karachi,2026-03-18 21:00:00+00:00,3,36.45,99.21,0.11,0.28,67.18,122.37,0.0,0,0.0,21,18,3,2,False,325.6,0.0,0.0,0.0,3.0
Karachi,2026-01-02 12:00:00+00:00,4,54.76,103.86,1.15,7.17,122.17,289.29,0.0,0,0.0,12,2,1,4,False,578.4000000000001,0.0,0.0,0.0,4.0
Karachi,2026-02-18 04:00:00+00:00,3,28.72,53.88,2.08,7.22,88.7,215.79,0.0,0,0.0,4,18,2,2,False,396.39,0.0,0.0,0.0,3.0
Karachi,2026-01-27 19:00:00+00:00,3,21.11,39.61,0.56,3.65,137.26,218.07,0.0,0,0.0,19,27,1,1,False,420.26,0.0,0.0,-1.0,3.0
Karachi,2026-02-03 20:00:00+00:00,5,102.22,181.59,1.13,7.79,169.24,440.36,0.0,0,0.0,20,3,2,1,False,902.33,0.0,0.0,0.0,5.0
Karachi,2026-04-17 22:00:00+00:00,5,66.42,201.56,0.08,0.17,75.73,110.27,0.0,0,0.0,22,17,4,4,False,454.23,0.0,0.0,1.0,5.0
Karachi,2026-05-11 06:00:00+00:00,3,15.42,67.41,0.07,0.33,60.73,90.64,0.0,0,0.0,6,11,5,0,False,234.59999999999997,0.0,0.0,0.0,3.0
Karachi,2026-04-10 05:00:00+00:00,3,22.81,67.46,0.06,0.25,107.58,131.69,0.0,0,0.0,5,10,4,4,False,329.85,0.0,0.0,0.0,3.0
Karachi,2026-03-29 18:00:00+00:00,2,6.2,18.18,0.21,0.31,92.5,119.6,0.0,0,0.0,18,29,3,6,True,237.0,0.0,0.0,0.0,2.0
Karachi,2026-05-05 12:00:00+00:00,3,23.56,84.16,0.05,0.43,60.84,118.78,0.0,0,0.0,12,5,5,1,False,287.82000000000005,0.0,0.0,0.0,3.0
Karachi,2026-03-26 08:00:00+00:00,2,20.69,46.27,0.07,0.09,62.47,107.19,0.0,0,0.0,8,26,3,3,False,236.78,0.0,0.0,-1.0,2.0
Karachi,2026-01-02 08:00:00+00:00,4,59.14,113.62,1.06,7.2,111.57,318.11,0.0,0,0.0,8,2,1,4,False,610.7,0.0,0.0,0.0,4.0
Karachi,2026-01-30 23:00:00+00:00,4,44.8,89.96,0.59,4.68,144.19,266.21,0.0,0,0.0,23,30,1,4,False,550.4300000000001,0.0,0.0,0.0,4.0
Karachi,2026-03-18 15:00:00+00:00,4,37.08,103.86,0.06,0.31,69.9,122.04,0.0,0,0.0,15,18,3,2,False,333.25,0.0,0.0,0.0,4.0
Karachi,2026-03-12 09:00:00+00:00,4,55.83,144.42,0.48,0.29,81.02,136.29,0.0,0,0.0,9,12,3,3,False,418.3299999999999,0.0,0.0,0.0,4.0
Karachi,2026-01-17 00:00:00+00:00,3,28.71,73.53,0.18,0.33,105.16,137.85,0.0,0,0.0,0,17,1,5,True,345.76,0.0,0.0,0.0,3.0
Karachi,2026-05-07 21:00:00+00:00,3,14.3,56.06,0.09,0.35,50.49,95.42,0.0,0,0.0,21,7,5,3,False,216.70999999999998,0.0,0.0,0.0,3.0
Karachi,2026-01-31 01:00:00+00:00,3,39.82,82.87,0.53,4.18,138.02,246.18,0.0,0,0.0,1,31,1,5,True,511.6,0.0,0.0,-1.0,3.0
Karachi,2026-05-14 03:00:00+00:00,2,11.41,37.0,0.09,0.35,58.79,93.94,0.0,0,0.0,3,14,5,3,False,201.57999999999998,0.0,0.0,0.0,2.0
Karachi,2026-01-10 11:00:00+00:00,3,32.14,74.92,1.37,6.55,125.1,211.45,0.0,0,0.0,11,10,1,5,True,451.53,0.0,0.0,0.0,3.0
Karachi,2026-03-27 02:00:00+00:00,1,9.33,18.69,0.05,0.07,51.31,102.17,0.0,0,0.0,2,27,3,4,False,181.62,0.0,0.0,-1.0,1.0
Karachi,2026-01-11 05:00:00+00:00,3,27.58,60.44,0.96,6.46,123.6,199.43,0.0,0,0.0,5,11,1,6,True,418.46999999999997,0.0,0.0,0.0,3.0
Karachi,2026-05-05 07:00:00+00:00,3,32.55,86.85,0.1,0.45,89.49,123.58,0.0,0,0.0,7,5,5,1,False,333.02,0.0,0.0,0.0,3.0
Karachi,2026-03-01 04:00:00+00:00,4,45.03,163.6,0.1,0.6,95.59,137.27,0.0,0,0.0,4,1,3,6,True,442.18999999999994,0.0,0.0,0.0,4.0
Karachi,2026-02-25 12:00:00+00:00,3,32.4,84.19,0.04,0.29,93.12,148.54,0.0,0,0.0,12,25,2,2,False,358.58000000000004,0.0,0.0,0.0,3.0
Karachi,2026-05-13 14:00:00+00:00,3,19.69,64.0,0.07,0.49,73.18,95.44,0.0,0,0.0,14,13,5,2,False,252.87,0.0,0.0,0.0,3.0
Karachi,2026-05-08 03:00:00+00:00,3,14.32,58.77,0.09,0.37,51.75,94.38,0.0,0,0.0,3,8,5,4,False,219.68,0.0,0.0,0.0,3.0
Karachi,2026-03-21 02:00:00+00:00,2,21.13,48.2,0.06,0.16,69.59,120.85,0.0,0,0.0,2,21,3,5,True,259.99,0.0,0.0,0.0,3.0
Karachi,2026-03-07 01:00:00+00:00,3,34.92,98.92,0.13,0.44,80.59,117.74,0.0,0,0.0,1,7,3,5,True,332.74,0.0,0.0,-1.0,3.0
Karachi,2026-01-02 09:00:00+00:00,4,57.79,111.48,1.36,7.13,111.42,311.75,0.0,0,0.0,9,2,1,4,False,600.9300000000001,0.0,0.0,0.0,4.0
Karachi,2026-01-10 16:00:00+00:00,3,32.84,65.4,0.72,5.92,138.35,204.28,0.0,0,0.0,16,10,1,5,True,447.51,0.0,0.0,0.0,3.0
Karachi,2026-03-26 23:00:00+00:00,2,11.34,22.33,0.05,0.06,52.5,101.78,0.0,0,0.0,23,26,3,3,False,188.06,0.0,0.0,0.0,2.0
Karachi,2026-02-24 07:00:00+00:00,3,36.55,77.94,0.07,0.62,104.95,178.7,0.0,0,0.0,7,24,2,1,False,398.83,0.0,0.0,0.0,3.0
Karachi,2026-04-17 19:00:00+00:00,4,48.28,153.5,0.09,0.16,74.88,108.8,0.0,0,0.0,19,17,4,4,False,385.71,0.0,0.0,0.0,4.0
Karachi,2026-04-23 16:00:00+00:00,3,32.9,80.21,0.06,0.31,50.26,105.45,0.0,0,0.0,16,23,4,3,False,269.19,0.0,0.0,0.0,3.0
Karachi,2026-04-14 21:00:00+00:00,3,25.32,65.03,0.22,0.73,118.24,132.22,0.0,0,0.0,21,14,4,1,False,341.76,0.0,0.0,0.0,3.0
Karachi,2026-05-13 22:00:00+00:00,2,16.8,45.82,0.1,0.36,73.97,106.22,0.0,0,0.0,22,13,5,2,False,243.27,0.0,0.0,0.0,2.0
Karachi,2026-02-21 13:00:00+00:00,4,59.32,133.23,1.01,5.49,151.52,339.85,0.0,0,0.0,13,21,2,5,True,690.4200000000001,0.0,0.0,0.0,4.0
Karachi,2026-03-26 21:00:00+00:00,2,12.15,24.0,0.05,0.06,53.02,101.67,0.0,0,0.0,21,26,3,3,False,190.95,0.0,0.0,0.0,2.0
Karachi,2026-02-12 13:00:00+00:00,5,93.98,171.32,2.3,8.5,166.7,477.87,0.0,0,0.0,13,12,2,3,False,920.6700000000001,0.0,0.0,0.0,5.0
Karachi,2026-01-28 02:00:00+00:00,3,9.5,19.88,0.3,0.77,118.69,193.62,0.0,0,0.0,2,28,1,2,False,342.76,0.0,0.0,0.0,3.0
Karachi,2026-04-18 00:00:00+00:00,5,69.63,205.41,0.07,0.19,76.67,111.83,0.0,0,0.0,0,18,4,5,True,463.79999999999995,0.0,0.0,0.0,4.0
Karachi,2026-03-29 20:00:00+00:00,3,7.09,21.8,0.27,0.37,102.96,120.79,0.0,0,0.0,20,29,3,6,True,253.28000000000003,0.0,0.0,1.0,3.0
Karachi,2026-05-14 06:00:00+00:00,2,9.49,37.68,0.08,0.38,52.91,84.33,0.0,0,0.0,6,14,5,3,False,184.87,0.0,0.0,0.0,2.0
Karachi,2026-01-31 20:00:00+00:00,4,58.87,121.27,0.67,6.44,148.32,294.26,0.0,0,0.0,20,31,1,5,True,629.8299999999999,0.0,0.0,0.0,4.0
Karachi,2026-03-12 08:00:00+00:00,4,57.3,148.65,0.49,0.29,81.82,137.06,0.0,0,0.0,8,12,3,3,False,425.60999999999996,0.0,0.0,0.0,4.0
Karachi,2026-03-01 01:00:00+00:00,4,45.02,168.23,0.1,0.59,92.77,135.19,0.0,0,0.0,1,1,3,6,True,441.9,0.0,0.0,0.0,4.0
Karachi,2026-01-02 06:00:00+00:00,4,59.33,113.28,1.03,7.72,113.09,319.57,0.0,0,0.0,6,2,1,4,False,614.02,0.0,0.0,1.0,4.0
Karachi,2026-05-02 06:00:00+00:00,4,41.04,104.69,0.11,0.98,92.47,113.96,0.0,0,0.0,6,2,5,5,True,353.25,0.0,0.0,0.0,4.0
Karachi,2026-05-13 17:00:00+00:00,3,19.96,58.48,0.07,0.4,70.21,97.38,0.0,0,0.0,17,13,5,2,False,246.5,0.0,0.0,0.0,3.0
Karachi,2026-01-08 06:00:00+00:00,3,34.82,77.72,0.85,4.24,115.71,220.3,0.0,0,0.0,6,8,1,3,False,453.64,0.0,0.0,0.0,3.0
Karachi,2026-01-02 23:00:00+00:00,4,53.11,96.51,1.07,9.47,141.15,292.65,0.0,0,0.0,23,2,1,4,False,593.96,0.0,0.0,0.0,4.0
Karachi,2026-04-17 16:00:00+00:00,4,34.94,105.45,0.05,0.17,76.12,109.46,0.0,0,0.0,16,17,4,4,False,326.19,0.0,0.0,1.0,4.0
Karachi,2026-02-28 15:00:00+00:00,4,34.04,138.99,0.04,0.45,87.37,125.43,0.0,0,0.0,15,28,2,5,True,386.32,0.0,0.0,0.0,4.0
Karachi,2026-04-09 23:00:00+00:00,3,23.92,70.76,0.08,0.31,113.78,128.52,0.0,0,0.0,23,9,4,3,False,337.37,0.0,0.0,0.0,3.0
Karachi,2026-02-21 16:00:00+00:00,4,68.75,141.09,1.0,5.65,172.98,363.52,0.0,0,0.0,16,21,2,5,True,752.99,0.0,0.0,0.0,4.0
Karachi,2026-01-02 14:00:00+00:00,4,55.37,102.16,0.8,7.15,131.52,280.79,0.0,0,0.0,14,2,1,4,False,577.79,0.0,0.0,0.0,4.0
Karachi,2026-04-09 14:00:00+00:00,3,25.31,76.87,0.05,0.5,119.63,131.89,0.0,0,0.0,14,9,4,3,False,354.25,0.0,0.0,0.0,3.0
Karachi,2026-02-26 07:00:00+00:00,3,30.92,77.55,0.06,0.56,101.94,140.09,0.0,0,0.0,7,26,2,3,False,351.12,0.0,0.0,0.0,3.0
Karachi,2026-01-08 11:00:00+00:00,3,40.11,84.91,1.27,4.57,119.19,246.66,0.0,0,0.0,11,8,1,3,False,496.71,0.0,0.0,0.0,3.0
Karachi,2026-04-29 12:00:00+00:00,3,35.57,89.44,0.06,0.5,78.61,124.34,0.0,0,0.0,12,29,4,2,False,328.52,0.0,0.0,0.0,3.0
Karachi,2026-03-29 17:00:00+00:00,2,5.88,16.64,0.16,0.28,84.52,119.17,0.0,0,0.0,17,29,3,6,True,226.64999999999998,0.0,0.0,0.0,2.0
Karachi,2026-04-10 04:00:00+00:00,3,22.91,67.31,0.06,0.26,108.39,131.27,0.0,0,0.0,4,10,4,4,False,330.20000000000005,0.0,0.0,0.0,3.0
Karachi,2026-02-09 16:00:00+00:00,3,35.25,70.05,0.06,0.13,93.61,164.54,0.0,0,0.0,16,9,2,0,False,363.64,0.0,0.0,0.0,3.0
Karachi,2026-05-13 12:00:00+00:00,3,23.53,72.82,0.07,0.62,84.69,101.48,0.0,0,0.0,12,13,5,2,False,283.21,0.0,0.0,0.0,3.0
Karachi,2026-03-18 13:00:00+00:00,4,36.79,102.78,0.06,0.34,72.16,122.65,0.0,0,0.0,13,18,3,2,False,334.78,0.0,0.0,1.0,4.0
Karachi,2026-04-26 13:00:00+00:00,4,40.07,104.66,0.07,0.34,64.69,108.71,0.0,0,0.0,13,26,4,6,True,318.53999999999996,0.0,0.0,0.0,4.0
Karachi,2026-01-19 18:00:00+00:00,3,17.67,54.82,0.15,0.27,106.36,122.27,0.0,0,0.0,18,19,1,0,False,301.54,0.0,0.0,0.0,3.0
Karachi,2026-02-14 10:00:00+00:00,2,22.07,45.22,0.08,0.17,91.29,131.17,0.0,0,0.0,10,14,2,5,True,290.0,0.0,0.0,0.0,2.0
Karachi,2026-03-15 09:00:00+00:00,4,41.4,113.9,0.26,0.6,95.99,137.48,0.0,0,0.0,9,15,3,6,True,389.63,0.0,0.0,0.0,4.0
Karachi,2026-04-09 16:00:00+00:00,3,24.73,75.12,0.05,0.41,115.61,129.22,0.0,0,0.0,16,9,4,3,False,345.14,0.0,0.0,0.0,3.0
Karachi,2026-02-24 05:00:00+00:00,3,37.04,71.58,0.07,0.68,107.11,182.21,0.0,0,0.0,5,24,2,1,False,398.69000000000005,0.0,0.0,0.0,3.0
Karachi,2026-04-04 07:00:00+00:00,3,4.85,17.19,0.27,0.34,133.86,131.82,0.0,0,0.0,7,4,4,5,True,288.33000000000004,0.0,0.0,0.0,3.0
Karachi,2026-04-26 00:00:00+00:00,3,35.48,95.8,0.15,0.53,60.19,107.06,0.0,0,0.0,0,26,4,6,True,299.21000000000004,0.0,0.0,0.0,3.0
Karachi,2026-02-15 04:00:00+00:00,3,21.11,51.35,0.07,0.09,88.78,126.26,0.0,0,0.0,4,15,2,6,True,287.66,0.0,0.0,1.0,3.0
Karachi,2026-01-16 14:00:00+00:00,3,17.8,36.44,0.09,0.24,100.94,131.23,0.0,0,0.0,14,16,1,4,False,286.74,0.0,0.0,0.0,3.0
Karachi,2026-03-12 11:00:00+00:00,4,54.78,143.81,0.32,0.36,81.58,137.61,0.0,0,0.0,11,12,3,3,False,418.46000000000004,0.0,0.0,0.0,4.0
Karachi,2026-01-10 02:00:00+00:00,3,26.88,62.84,1.34,6.57,118.9,210.66,0.0,0,0.0,2,10,1,5,True,427.19,0.0,0.0,0.0,3.0
Karachi,2026-01-13 16:00:00+00:00,4,65.08,121.88,1.02,10.06,153.32,257.12,0.0,0,0.0,16,13,1,1,False,608.48,0.0,0.0,0.0,4.0
Karachi,2026-03-18 18:00:00+00:00,4,36.86,101.04,0.1,0.28,67.63,121.69,0.0,0,0.0,18,18,3,2,False,327.6,0.0,0.0,0.0,4.0
Karachi,2026-05-07 00:00:00+00:00,3,15.7,70.66,0.1,0.28,45.27,99.06,0.0,0,0.0,0,7,5,3,False,231.07,0.0,0.0,0.0,3.0
Karachi,2026-01-19 23:00:00+00:00,3,16.33,50.61,0.14,0.27,106.89,122.77,0.0,0,0.0,23,19,1,0,False,297.01,0.0,0.0,0.0,3.0
Karachi,2026-02-14 15:00:00+00:00,2,20.49,42.34,0.04,0.11,85.1,124.24,0.0,0,0.0,15,14,2,5,True,272.32,0.0,0.0,0.0,2.0
Karachi,2026-02-03 23:00:00+00:00,5,103.03,174.36,0.95,8.26,171.05,452.49,0.0,0,0.0,23,3,2,1,False,910.14,0.0,0.0,0.0,5.0
Karachi,2026-04-10 02:00:00+00:00,3,23.33,68.22,0.06,0.28,110.53,130.25,0.0,0,0.0,2,10,4,4,False,332.67,0.0,0.0,0.0,3.0
Karachi,2026-05-05 09:00:00+00:00,3,29.98,86.06,0.08,0.44,80.19,121.93,0.0,0,0.0,9,5,5,1,False,318.68,0.0,0.0,0.0,3.0
Karachi,2026-01-02 11:00:00+00:00,4,55.29,106.05,1.36,7.17,117.27,296.77,0.0,0,0.0,11,2,1,4,False,583.91,0.0,0.0,0.0,4.0
Karachi,2026-04-09 11:00:00+00:00,3,25.53,78.85,0.06,0.6,128.23,136.36,0.0,0,0.0,11,9,4,3,False,369.63,0.0,0.0,0.0,3.0
Karachi,2026-01-13 11:00:00+00:00,4,58.95,116.1,2.21,13.16,127.5,283.79,0.0,0,0.0,11,13,1,1,False,601.71,0.0,0.0,0.0,4.0
Karachi,2026-02-13 08:00:00+00:00,4,54.63,94.06,0.23,0.52,120.99,272.1,0.0,0,0.0,8,13,2,4,False,542.53,0.0,0.0,0.0,4.0
Karachi,2026-03-09 09:00:00+00:00,3,22.69,49.08,0.09,0.32,105.47,152.55,0.0,0,0.0,9,9,3,0,False,330.2,0.0,0.0,0.0,3.0
Karachi,2026-01-10 14:00:00+00:00,3,34.35,70.32,0.8,6.23,135.5,212.3,0.0,0,0.0,14,10,1,5,True,459.5,0.0,0.0,0.0,3.0
Karachi,2026-04-28 21:00:00+00:00,3,33.23,89.16,0.14,0.62,77.03,116.68,0.0,0,0.0,21,28,4,1,False,316.86,0.0,0.0,0.0,3.0
Karachi,2026-04-21 04:00:00+00:00,4,32.08,104.99,0.07,0.34,69.63,110.8,0.0,0,0.0,4,21,4,1,False,317.90999999999997,0.0,0.0,0.0,4.0
Karachi,2026-01-02 21:00:00+00:00,4,52.98,95.86,1.0,8.67,141.67,283.07,0.0,0,0.0,21,2,1,4,False,583.25,0.0,0.0,0.0,4.0
Karachi,2026-01-28 04:00:00+00:00,3,7.6,17.46,0.3,0.5,114.93,186.23,0.0,0,0.0,4,28,1,2,False,327.02,0.0,0.0,0.0,3.0
Karachi,2026-05-05 04:00:00+00:00,3,34.26,90.47,0.08,0.53,97.2,125.49,0.0,0,0.0,4,5,5,1,False,348.03,0.0,0.0,0.0,3.0
Karachi,2026-03-09 14:00:00+00:00,2,21.34,48.17,0.04,0.24,96.57,147.6,0.0,0,0.0,14,9,3,0,False,313.96000000000004,0.0,0.0,0.0,2.0
Karachi,2026-01-10 19:00:00+00:00,4,34.85,70.05,1.06,6.9,140.1,215.35,0.0,0,0.0,19,10,1,5,True,468.31,0.0,0.0,1.0,4.0
Karachi,2026-02-06 20:00:00+00:00,5,100.93,157.65,1.28,12.14,203.71,496.72,0.0,0,0.0,20,6,2,4,False,972.4300000000001,0.0,0.0,0.0,5.0
Karachi,2026-02-20 20:00:00+00:00,4,72.32,128.9,2.86,7.41,176.76,404.98,0.0,0,0.0,20,20,2,4,False,793.23,0.0,0.0,-1.0,4.0
Karachi,2026-02-24 10:00:00+00:00,3,35.22,86.29,0.07,0.51,101.89,172.56,0.0,0,0.0,10,24,2,1,False,396.54,0.0,0.0,0.0,3.0
Karachi,2026-01-05 08:00:00+00:00,3,39.56,81.74,1.05,9.86,118.14,252.25,0.0,0,0.0,8,5,1,0,False,502.59999999999997,0.0,0.0,0.0,3.0
Karachi,2026-03-18 03:00:00+00:00,3,32.97,79.99,0.1,0.44,71.75,121.15,0.0,0,0.0,3,18,3,2,False,306.4,0.0,0.0,0.0,3.0
Karachi,2026-03-20 11:00:00+00:00,2,17.09,29.17,0.07,0.13,82.75,123.59,0.0,0,0.0,11,20,3,4,False,252.8,0.0,0.0,0.0,2.0
Karachi,2026-01-16 19:00:00+00:00,3,26.37,63.26,0.21,0.36,105.22,134.08,0.0,0,0.0,19,16,1,4,False,329.5,0.0,0.0,0.0,3.0
Karachi,2026-03-12 18:00:00+00:00,4,44.05,117.65,0.19,0.23,81.58,125.32,0.0,0,0.0,18,12,3,3,False,369.02,0.0,0.0,0.0,4.0
Karachi,2026-01-21 16:00:00+00:00,2,14.7,37.73,0.07,0.35,98.97,119.99,0.0,0,0.0,16,21,1,2,False,271.81,0.0,0.0,0.0,2.0
Karachi,2026-02-06 07:00:00+00:00,5,87.4,157.44,3.06,9.43,115.83,605.95,0.0,0,0.0,7,6,2,4,False,979.11,0.0,0.0,0.0,5.0
Karachi,2026-05-10 03:00:00+00:00,3,14.46,54.9,0.07,0.31,62.99,93.14,0.0,0,0.0,3,10,5,6,True,225.87,0.0,0.0,0.0,3.0
Karachi,2026-02-20 07:00:00+00:00,4,57.76,118.65,1.98,8.26,125.23,349.5,0.0,0,0.0,7,20,2,4,False,661.38,0.0,0.0,0.0,4.0
Karachi,2026-02-23 21:00:00+00:00,3,37.82,61.73,0.11,0.79,110.23,188.66,0.0,0,0.0,21,23,2,0,False,399.34000000000003,0.0,0.0,0.0,3.0
Karachi,2026-03-20 16:00:00+00:00,2,17.44,29.68,0.05,0.1,73.33,121.77,0.0,0,0.0,16,20,3,4,False,242.37,0.0,0.0,0.0,2.0
Karachi,2026-02-17 20:00:00+00:00,2,20.49,30.5,0.07,0.16,84.27,135.57,0.0,0,0.0,20,17,2,1,False,271.05999999999995,0.0,0.0,0.0,2.0
Karachi,2026-02-12 02:00:00+00:00,5,88.39,148.64,3.35,8.16,125.76,558.12,0.0,0,0.0,2,12,2,3,False,932.42,0.0,0.0,0.0,5.0
Karachi,2026-01-22 00:00:00+00:00,2,12.07,30.52,0.08,0.23,97.45,113.93,0.0,0,0.0,0,22,1,3,False,254.28,0.0,0.0,0.0,2.0
Karachi,2026-04-27 03:00:00+00:00,4,35.68,101.49,0.11,0.36,71.37,106.94,0.0,0,0.0,3,27,4,0,False,315.95000000000005,0.0,0.0,0.0,4.0
Karachi,2026-02-23 17:00:00+00:00,3,38.47,61.01,0.08,0.79,109.53,191.72,0.0,0,0.0,17,23,2,0,False,401.6,0.0,0.0,0.0,3.0
Karachi,2026-05-03 00:00:00+00:00,4,40.21,104.13,0.17,1.44,102.96,117.95,0.0,0,0.0,0,3,5,6,True,366.85999999999996,0.0,0.0,0.0,4.0
Karachi,2026-03-29 09:00:00+00:00,1,4.16,12.07,0.28,0.22,57.82,116.33,0.0,0,0.0,9,29,3,6,True,190.88,0.0,0.0,0.0,1.0
Karachi,2026-02-26 21:00:00+00:00,3,28.79,72.84,0.09,0.39,91.1,129.77,0.0,0,0.0,21,26,2,3,False,322.98,0.0,0.0,0.0,3.0
Karachi,2026-04-28 19:00:00+00:00,3,32.48,86.08,0.15,0.68,78.58,115.62,0.0,0,0.0,19,28,4,1,False,313.59000000000003,0.0,0.0,0.0,3.0
Karachi,2026-05-10 10:00:00+00:00,3,15.83,69.21,0.05,0.31,66.99,92.57,0.0,0,0.0,10,10,5,6,True,244.95999999999998,0.0,0.0,0.0,3.0
Karachi,2026-04-15 09:00:00+00:00,3,21.41,61.92,0.17,0.59,118.9,126.01,0.0,0,0.0,9,15,4,2,False,329.0,0.0,0.0,0.0,3.0
Karachi,2026-02-26 08:00:00+00:00,3,30.82,77.98,0.08,0.57,102.61,139.51,0.0,0,0.0,8,26,2,3,False,351.57,0.0,0.0,0.0,3.0
Karachi,2026-03-23 09:00:00+00:00,2,13.08,19.3,0.07,0.07,62.53,108.18,0.0,0,0.0,9,23,3,0,False,203.23000000000002,0.0,0.0,0.0,2.0
Karachi,2026-05-04 16:00:00+00:00,4,32.91,117.41,0.09,0.27,101.41,116.94,0.0,0,0.0,16,4,5,0,False,369.03,0.0,0.0,0.0,4.0
Karachi,2026-03-23 12:00:00+00:00,2,10.97,15.53,0.04,0.07,57.81,109.38,0.0,0,0.0,12,23,3,0,False,193.8,0.0,0.0,0.0,2.0
Karachi,2026-01-16 22:00:00+00:00,3,28.66,71.27,0.19,0.36,106.11,136.7,0.0,0,0.0,22,16,1,4,False,343.28999999999996,0.0,0.0,0.0,3.0
Karachi,2026-01-08 19:00:00+00:00,3,31.31,61.09,1.52,5.81,128.4,242.75,0.0,0,0.0,19,8,1,3,False,470.88,0.0,0.0,0.0,3.0
Karachi,2026-01-20 14:00:00+00:00,3,16.17,49.41,0.07,0.28,105.56,125.1,0.0,0,0.0,14,20,1,1,False,296.59000000000003,0.0,0.0,0.0,3.0
Karachi,2026-05-13 16:00:00+00:00,3,19.9,60.67,0.07,0.42,69.82,95.73,0.0,0,0.0,16,13,5,2,False,246.61,0.0,0.0,0.0,3.0
Karachi,2026-03-30 11:00:00+00:00,3,9.34,33.91,0.18,0.78,126.34,121.81,0.0,0,0.0,11,30,3,0,False,292.36,0.0,0.0,0.0,3.0
Karachi,2026-02-23 20:00:00+00:00,3,38.12,61.75,0.11,0.79,110.23,190.0,0.0,0,0.0,20,23,2,0,False,401.0,0.0,0.0,0.0,3.0
Karachi,2026-01-20 01:00:00+00:00,3,15.85,49.57,0.13,0.28,107.18,123.16,0.0,0,0.0,1,20,1,1,False,296.16999999999996,0.0,0.0,0.0,3.0
Karachi,2026-02-03 12:00:00+00:00,5,96.19,201.14,2.03,6.94,132.3,468.47,0.0,0,0.0,12,3,2,1,False,907.0699999999999,0.0,0.0,0.0,5.0
Karachi,2026-01-08 20:00:00+00:00,3,32.66,64.41,1.61,6.4,126.7,254.9,0.0,0,0.0,20,8,1,3,False,486.68,0.0,0.0,0.0,3.0
Karachi,2026-04-26 01:00:00+00:00,3,34.76,92.57,0.14,0.5,60.49,106.66,0.0,0,0.0,1,26,4,6,True,295.12,0.0,0.0,0.0,3.0
Karachi,2026-03-26 06:00:00+00:00,3,25.69,59.76,0.07,0.1,61.07,108.15,0.0,0,0.0,6,26,3,3,False,254.84,0.0,0.0,0.0,3.0
Karachi,2026-04-12 08:00:00+00:00,4,42.6,131.16,0.24,0.24,94.34,137.1,0.0,0,0.0,8,12,4,6,True,405.68000000000006,0.0,0.0,0.0,4.0
Karachi,2026-05-01 19:00:00+00:00,4,42.01,106.33,0.13,0.66,80.38,107.08,0.0,0,0.0,19,1,5,4,False,336.59,0.0,0.0,0.0,4.0
Karachi,2026-02-11 23:00:00+00:00,5,90.31,149.47,3.16,8.62,151.36,528.45,0.0,0,0.0,23,11,2,2,False,931.3700000000001,0.0,0.0,0.0,5.0
Karachi,2026-05-10 20:00:00+00:00,3,14.48,58.64,0.08,0.3,60.58,91.26,0.0,0,0.0,20,10,5,6,True,225.33999999999997,0.0,0.0,0.0,3.0
Karachi,2026-03-23 19:00:00+00:00,1,8.51,13.29,0.06,0.07,50.16,109.23,0.0,0,0.0,19,23,3,0,False,181.32,0.0,0.0,0.0,1.0
Karachi,2026-03-14 15:00:00+00:00,4,43.55,109.63,0.05,0.31,75.71,119.52,0.0,0,0.0,15,14,3,5,True,348.77,0.0,0.0,0.0,4.0
Karachi,2026-01-21 14:00:00+00:00,3,14.77,38.56,0.07,0.41,100.4,121.21,0.0,0,0.0,14,21,1,2,False,275.42,0.0,0.0,0.0,2.0
Karachi,2026-03-01 05:00:00+00:00,4,44.69,160.3,0.09,0.6,97.2,138.01,0.0,0,0.0,5,1,3,6,True,440.89,0.0,0.0,0.0,3.0
Karachi,2026-02-13 22:00:00+00:00,3,26.97,52.5,0.15,0.26,96.6,156.58,0.0,0,0.0,22,13,2,4,False,333.06000000000006,0.0,0.0,0.0,3.0
Karachi,2026-01-19 06:00:00+00:00,3,21.58,72.71,0.17,0.3,106.88,127.62,0.0,0,0.0,6,19,1,0,False,329.26,0.0,0.0,0.0,3.0
Karachi,2026-02-17 04:00:00+00:00,2,21.39,33.77,0.06,0.13,90.86,139.45,0.0,0,0.0,4,17,2,1,False,285.65999999999997,0.0,0.0,0.0,2.0
Karachi,2026-01-05 06:00:00+00:00,3,31.9,62.16,0.61,5.89,116.92,206.32,0.0,0,0.0,6,5,1,0,False,423.8,0.0,0.0,0.0,3.0
Karachi,2026-03-29 06:00:00+00:00,1,4.81,12.01,0.23,0.22,50.97,116.19,0.0,0,0.0,6,29,3,6,True,184.43,0.0,0.0,0.0,1.0
Karachi,2026-04-01 10:00:00+00:00,3,9.35,26.96,0.12,0.29,113.65,116.06,0.0,0,0.0,10,1,4,2,False,266.43,0.0,0.0,0.0,3.0
Karachi,2026-04-07 07:00:00+00:00,3,13.57,58.38,0.1,0.39,49.03,122.08,0.0,0,0.0,7,7,4,1,False,243.55,0.0,0.0,0.0,3.0
Karachi,2026-01-10 15:00:00+00:00,3,33.28,66.62,0.71,6.03,137.59,207.17,0.0,0,0.0,15,10,1,5,True,451.4,0.0,0.0,0.0,3.0
Karachi,2026-01-25 22:00:00+00:00,3,29.01,65.63,1.42,5.08,133.78,285.33,0.0,0,0.0,22,25,1,6,True,520.25,0.0,0.0,0.0,3.0
Karachi,2026-01-20 04:00:00+00:00,3,15.51,49.15,0.13,0.3,107.93,124.13,0.0,0,0.0,4,20,1,1,False,297.15,0.0,0.0,0.0,3.0
Karachi,2026-02-09 02:00:00+00:00,3,40.22,90.19,0.08,0.1,97.78,173.36,0.0,0,0.0,2,9,2,0,False,401.73,0.0,0.0,0.0,3.0
Karachi,2026-01-31 19:00:00+00:00,4,63.33,131.13,0.85,7.85,152.86,306.5,0.0,0,0.0,19,31,1,5,True,662.52,0.0,0.0,0.0,4.0
Karachi,2026-04-18 05:00:00+00:00,4,54.01,168.89,0.07,0.22,83.72,114.77,0.0,0,0.0,5,18,4,5,True,421.67999999999995,0.0,0.0,0.0,4.0
Karachi,2026-01-25 10:00:00+00:00,3,25.91,74.4,1.36,3.44,122.4,262.89,0.0,0,0.0,10,25,1,6,True,490.4,0.0,0.0,0.0,3.0
Karachi,2026-03-13 02:00:00+00:00,4,49.63,118.86,0.18,0.29,88.24,124.97,0.0,0,0.0,2,13,3,4,False,382.16999999999996,0.0,0.0,0.0,4.0
Karachi,2026-04-17 17:00:00+00:00,4,38.11,118.99,0.06,0.17,74.77,108.92,0.0,0,0.0,17,17,4,4,False,341.02,0.0,0.0,0.0,4.0
Karachi,2026-05-13 00:00:00+00:00,4,36.12,126.44,0.1,0.55,87.0,101.56,0.0,0,0.0,0,13,5,2,False,351.77,0.0,0.0,0.0,4.0
Karachi,2026-05-03 06:00:00+00:00,3,36.94,91.98,0.12,1.06,101.31,120.88,0.0,0,0.0,6,3,5,6,True,352.29,0.0,0.0,0.0,3.0
Karachi,2026-03-20 12:00:00+00:00,2,16.81,28.77,0.06,0.12,81.61,123.13,0.0,0,0.0,12,20,3,4,False,250.5,0.0,0.0,0.0,2.0
Karachi,2026-02-13 10:00:00+00:00,4,50.24,86.31,0.23,0.4,116.29,254.23,0.0,0,0.0,10,13,2,4,False,507.70000000000005,0.0,0.0,0.0,3.0
Karachi,2026-04-07 19:00:00+00:00,3,19.73,71.59,0.23,0.76,84.85,121.57,0.0,0,0.0,19,7,4,1,False,298.73,0.0,0.0,0.0,3.0
Karachi,2026-03-04 04:00:00+00:00,3,24.29,54.75,0.06,0.21,98.59,130.01,0.0,0,0.0,4,4,3,2,False,307.90999999999997,0.0,0.0,0.0,3.0
Karachi,2026-01-11 07:00:00+00:00,3,27.16,60.75,1.07,6.04,122.29,197.57,0.0,0,0.0,7,11,1,6,True,414.88,0.0,0.0,0.0,3.0
Karachi,2026-02-20 21:00:00+00:00,4,67.78,120.07,3.32,7.76,167.57,409.48,0.0,0,0.0,21,20,2,4,False,775.98,0.0,0.0,0.0,4.0
Karachi,2026-05-13 10:00:00+00:00,3,30.49,88.78,0.08,0.83,99.86,108.73,0.0,0,0.0,10,13,5,2,False,328.77,0.0,0.0,0.0,3.0
Karachi,2026-03-09 07:00:00+00:00,3,22.37,48.2,0.09,0.34,105.76,150.95,0.0,0,0.0,7,9,3,0,False,327.71000000000004,0.0,0.0,0.0,3.0
Karachi,2026-04-03 14:00:00+00:00,3,2.16,4.15,0.13,0.13,103.02,126.61,0.0,0,0.0,14,3,4,4,False,236.2,0.0,0.0,1.0,3.0
Karachi,2026-02-26 04:00:00+00:00,3,31.06,74.43,0.07,0.46,98.76,141.8,0.0,0,0.0,4,26,2,3,False,346.58000000000004,0.0,0.0,0.0,3.0
Karachi,2026-02-06 22:00:00+00:00,5,89.09,134.7,0.89,9.84,188.07,428.29,0.0,0,0.0,22,6,2,4,False,850.88,0.0,0.0,0.0,5.0
Karachi,2026-03-04 05:00:00+00:00,3,24.45,54.16,0.06,0.21,98.42,129.55,0.0,0,0.0,5,4,3,2,False,306.85,0.0,0.0,0.0,2.0
Karachi,2026-02-20 10:00:00+00:00,4,58.47,131.35,3.05,7.35,126.26,335.6,0.0,0,0.0,10,20,2,4,False,662.08,0.0,0.0,0.0,4.0
Karachi,2026-01-11 04:00:00+00:00,3,30.89,67.75,1.0,7.12,124.85,210.21,0.0,0,0.0,4,11,1,6,True,441.82000000000005,0.0,0.0,0.0,3.0
Karachi,2026-04-04 10:00:00+00:00,3,4.85,16.72,0.26,0.31,134.08,132.0,0.0,0,0.0,10,4,4,5,True,288.22,0.0,0.0,0.0,3.0
Karachi,2026-03-20 13:00:00+00:00,2,16.77,28.64,0.05,0.11,79.41,122.58,0.0,0,0.0,13,20,3,4,False,247.56,0.0,0.0,0.0,2.0
Karachi,2026-02-25 16:00:00+00:00,3,31.88,77.92,0.04,0.27,89.69,144.24,0.0,0,0.0,16,25,2,2,False,344.04,0.0,0.0,0.0,3.0
Karachi,2026-03-29 23:00:00+00:00,3,7.67,25.2,0.25,0.44,114.16,121.8,0.0,0,0.0,23,29,3,6,True,269.52,0.0,0.0,0.0,3.0
Karachi,2026-04-26 14:00:00+00:00,4,40.37,106.25,0.07,0.34,64.08,108.77,0.0,0,0.0,14,26,4,6,True,319.88,0.0,0.0,0.0,4.0
Karachi,2026-03-22 23:00:00+00:00,2,19.52,39.13,0.07,0.08,61.69,107.12,0.0,0,0.0,23,22,3,6,True,227.61,0.0,0.0,0.0,2.0
Karachi,2026-01-31 00:00:00+00:00,4,41.87,85.77,0.54,4.27,140.53,254.13,0.0,0,0.0,0,31,1,5,True,527.11,0.0,0.0,0.0,3.0
Karachi,2026-03-18 16:00:00+00:00,4,37.0,102.74,0.07,0.3,68.87,121.75,0.0,0,0.0,16,18,3,2,False,330.73,0.0,0.0,0.0,4.0
Karachi,2026-01-02 07:00:00+00:00,4,59.51,114.03,1.0,7.35,112.05,319.8,0.0,0,0.0,7,2,1,4,False,613.74,0.0,0.0,0.0,4.0
Karachi,2026-01-27 14:00:00+00:00,4,26.74,53.25,0.83,6.53,141.67,244.49,0.0,0,0.0,14,27,1,1,False,473.51,0.0,0.0,1.0,4.0
Karachi,2026-02-06 18:00:00+00:00,5,112.19,177.09,2.07,11.66,209.65,564.26,0.0,0,0.0,18,6,2,4,False,1076.92,0.0,0.0,0.0,5.0
Karachi,2026-05-10 14:00:00+00:00,3,15.16,62.6,0.04,0.28,57.84,90.67,0.0,0,0.0,14,10,5,6,True,226.59000000000003,0.0,0.0,0.0,3.0
Karachi,2026-03-18 20:00:00+00:00,3,36.53,99.23,0.11,0.28,66.98,122.05,0.0,0,0.0,20,18,3,2,False,325.18,0.0,0.0,-1.0,3.0
Karachi,2026-04-23 11:00:00+00:00,3,32.95,86.04,0.06,0.33,53.65,105.08,0.0,0,0.0,11,23,4,3,False,278.11,0.0,0.0,0.0,3.0
Karachi,2026-04-12 15:00:00+00:00,4,44.98,135.02,0.09,0.19,83.82,138.58,0.0,0,0.0,15,12,4,6,True,402.68000000000006,0.0,0.0,0.0,4.0
Karachi,2026-01-30 11:00:00+00:00,4,57.33,142.03,2.27,5.49,127.77,315.78,0.0,0,0.0,11,30,1,4,False,650.6700000000001,0.0,0.0,0.0,4.0
Karachi,2026-04-26 15:00:00+00:00,4,40.69,107.78,0.07,0.36,63.91,109.25,0.0,0,0.0,15,26,4,6,True,322.06,0.0,0.0,0.0,4.0
Karachi,2026-03-15 11:00:00+00:00,3,37.3,97.72,0.23,0.47,92.13,132.65,0.0,0,0.0,11,15,3,6,True,360.5,0.0,0.0,-1.0,3.0
Karachi,2026-03-15 20:00:00+00:00,3,19.25,51.54,0.24,0.22,90.17,123.63,0.0,0,0.0,20,15,3,6,True,285.04999999999995,0.0,0.0,0.0,3.0
Karachi,2026-01-31 22:00:00+00:00,4,49.92,101.38,0.49,4.0,138.94,268.07,0.0,0,0.0,22,31,1,5,True,562.8,0.0,0.0,0.0,3.0
Karachi,2026-02-07 10:00:00+00:00,3,46.66,68.8,0.15,0.92,120.32,219.79,0.0,0,0.0,10,7,2,5,True,456.64,0.0,0.0,0.0,3.0
Karachi,2026-05-07 20:00:00+00:00,3,14.17,55.11,0.09,0.34,50.0,95.56,0.0,0,0.0,20,7,5,3,False,215.27,0.0,0.0,0.0,3.0
Karachi,2026-04-03 05:00:00+00:00,1,7.56,10.92,0.11,0.17,58.8,146.57,0.0,0,0.0,5,3,4,4,False,224.13,0.0,0.0,0.0,2.0
Karachi,2026-01-09 08:00:00+00:00,3,34.08,66.82,1.34,7.51,116.89,266.6,0.0,0,0.0,8,9,1,4,False,493.24,0.0,0.0,0.0,3.0
Karachi,2026-02-04 00:00:00+00:00,5,103.05,172.5,0.99,8.89,172.59,459.08,0.0,0,0.0,0,4,2,2,False,917.0999999999999,0.0,0.0,0.0,5.0
Karachi,2026-02-23 07:00:00+00:00,3,40.93,67.34,0.09,1.08,120.59,210.44,0.0,0,0.0,7,23,2,0,False,440.47,0.0,0.0,0.0,3.0
Karachi,2026-02-18 00:00:00+00:00,2,20.84,31.87,0.12,0.36,84.19,138.47,0.0,0,0.0,0,18,2,2,False,275.85,0.0,0.0,0.0,2.0
Karachi,2026-03-15 01:00:00+00:00,3,22.61,59.12,0.11,0.46,86.65,122.43,0.0,0,0.0,1,15,3,6,True,291.38,0.0,0.0,0.0,3.0
Karachi,2026-04-09 08:00:00+00:00,3,25.1,78.24,0.13,0.59,131.82,138.48,0.0,0,0.0,8,9,4,3,False,374.36,0.0,0.0,0.0,3.0
Karachi,2026-03-11 15:00:00+00:00,3,28.25,85.18,0.04,0.36,74.01,122.4,0.0,0,0.0,15,11,3,2,False,310.24,0.0,0.0,0.0,4.0
Karachi,2026-02-04 01:00:00+00:00,5,104.9,173.9,1.34,9.78,172.61,488.65,0.0,0,0.0,1,4,2,2,False,951.18,0.0,0.0,0.0,5.0
Karachi,2026-04-30 00:00:00+00:00,3,34.29,80.76,0.15,0.89,95.72,118.09,0.0,0,0.0,0,30,4,3,False,329.9,0.0,0.0,0.0,3.0
Karachi,2026-04-10 19:00:00+00:00,3,21.59,62.17,0.07,0.13,88.15,126.41,0.0,0,0.0,19,10,4,4,False,298.52,0.0,0.0,0.0,3.0
Karachi,2026-01-14 03:00:00+00:00,4,72.8,132.42,1.47,13.02,130.92,323.28,0.0,0,0.0,3,14,1,2,False,673.91,0.0,0.0,0.0,4.0
Karachi,2026-03-15 03:00:00+00:00,3,25.76,69.04,0.1,0.51,92.24,127.61,0.0,0,0.0,3,15,3,6,True,315.26,0.0,0.0,0.0,3.0
Karachi,2026-01-20 00:00:00+00:00,3,16.06,50.03,0.14,0.28,106.98,122.87,0.0,0,0.0,0,20,1,1,False,296.36,0.0,0.0,0.0,3.0
Karachi,2026-03-24 04:00:00+00:00,2,13.97,25.11,0.07,0.17,49.01,106.82,0.0,0,0.0,4,24,3,1,False,195.14999999999998,0.0,0.0,0.0,2.0
Karachi,2026-01-17 02:00:00+00:00,3,29.28,78.11,0.17,0.33,103.59,138.99,0.0,0,0.0,2,17,1,5,True,350.47,0.0,0.0,0.0,3.0
Karachi,2026-04-04 19:00:00+00:00,3,5.98,18.83,0.22,0.24,126.82,130.04,0.0,0,0.0,19,4,4,5,True,282.13,0.0,0.0,0.0,3.0
Karachi,2026-04-03 12:00:00+00:00,2,3.12,5.58,0.14,0.17,91.7,129.37,0.0,0,0.0,12,3,4,4,False,230.08,0.0,0.0,0.0,2.0
Karachi,2026-04-20 14:00:00+00:00,3,32.08,87.86,0.04,0.31,87.3,111.01,0.0,0,0.0,14,20,4,0,False,318.6,0.0,0.0,0.0,3.0
Karachi,2026-02-10 00:00:00+00:00,3,46.49,84.95,0.1,0.25,98.18,187.26,0.0,0,0.0,0,10,2,1,False,417.23,0.0,0.0,0.0,3.0
Karachi,2026-02-14 11:00:00+00:00,2,21.77,44.84,0.06,0.16,90.6,129.56,0.0,0,0.0,11,14,2,5,True,286.99,0.0,0.0,0.0,2.0
Karachi,2026-02-21 15:00:00+00:00,4,66.59,140.23,0.91,5.6,167.42,358.57,0.0,0,0.0,15,21,2,5,True,739.3199999999999,0.0,0.0,0.0,4.0
Karachi,2026-01-22 10:00:00+00:00,2,13.92,38.09,0.1,0.37,97.56,113.34,0.0,0,0.0,10,22,1,3,False,263.38,0.0,0.0,0.0,2.0
Karachi,2026-03-08 06:00:00+00:00,3,19.73,45.82,0.12,0.48,114.77,142.56,0.0,0,0.0,6,8,3,6,True,323.48,0.0,0.0,0.0,3.0
Karachi,2026-02-09 14:00:00+00:00,3,36.7,71.79,0.05,0.12,94.72,169.98,0.0,0,0.0,14,9,2,0,False,373.36,0.0,0.0,0.0,3.0
Karachi,2026-03-09 11:00:00+00:00,3,22.37,48.99,0.05,0.3,103.05,152.99,0.0,0,0.0,11,9,3,0,False,327.75,0.0,0.0,0.0,3.0
Karachi,2026-03-21 10:00:00+00:00,3,27.72,75.46,0.06,0.14,64.07,111.99,0.0,0,0.0,10,21,3,5,True,279.44,0.0,0.0,0.0,3.0
Karachi,2026-04-29 05:00:00+00:00,3,34.82,88.15,0.1,0.48,79.1,122.92,0.0,0,0.0,5,29,4,2,False,325.57,0.0,0.0,0.0,3.0
Karachi,2026-03-18 01:00:00+00:00,3,32.41,78.49,0.1,0.45,70.61,120.84,0.0,0,0.0,1,18,3,2,False,302.9,0.0,0.0,0.0,3.0
Karachi,2026-01-25 04:00:00+00:00,3,28.45,93.6,1.17,3.87,115.6,259.14,0.0,0,0.0,4,25,1,6,True,501.83,0.0,0.0,0.0,3.0
Karachi,2026-03-31 18:00:00+00:00,3,9.26,26.8,0.19,0.58,113.54,117.16,0.0,0,0.0,18,31,3,1,False,267.53,0.0,0.0,0.0,3.0
Karachi,2026-04-15 13:00:00+00:00,3,21.83,64.71,0.08,0.53,111.66,125.06,0.0,0,0.0,13,15,4,2,False,323.87,0.0,0.0,0.0,3.0
Karachi,2026-01-22 13:00:00+00:00,2,16.07,42.05,0.07,0.5,97.19,114.17,0.0,0,0.0,13,22,1,3,False,270.05,0.0,0.0,0.0,2.0
Karachi,2026-02-07 00:00:00+00:00,5,79.06,114.22,0.62,6.7,169.44,372.6,0.0,0,0.0,0,7,2,5,True,742.64,0.0,0.0,0.0,4.0
Karachi,2026-04-29 13:00:00+00:00,3,35.39,87.48,0.06,0.5,77.99,123.52,0.0,0,0.0,13,29,4,2,False,324.94,0.0,0.0,0.0,3.0
Karachi,2026-02-12 21:00:00+00:00,5,84.99,136.72,0.88,5.37,176.3,397.42,0.0,0,0.0,21,12,2,3,False,801.6800000000001,0.0,0.0,0.0,5.0
Karachi,2026-02-17 08:00:00+00:00,2,22.9,37.37,0.07,0.13,90.19,140.82,0.0,0,0.0,8,17,2,1,False,291.48,0.0,0.0,0.0,2.0
Karachi,2026-05-05 10:00:00+00:00,3,28.08,85.52,0.06,0.44,73.94,120.93,0.0,0,0.0,10,5,5,1,False,308.97,0.0,0.0,0.0,3.0
Karachi,2026-01-09 06:00:00+00:00,3,34.65,68.14,1.31,7.45,114.83,275.52,0.0,0,0.0,6,9,1,4,False,501.9,0.0,0.0,0.0,3.0
Karachi,2026-02-03 22:00:00+00:00,5,102.52,176.16,0.96,7.95,169.68,446.06,0.0,0,0.0,22,3,2,1,False,903.3299999999999,0.0,0.0,0.0,5.0
Karachi,2026-04-24 03:00:00+00:00,3,33.46,79.03,0.1,0.31,47.19,105.63,0.0,0,0.0,3,24,4,4,False,265.72,0.0,0.0,0.0,3.0
Karachi,2026-03-15 05:00:00+00:00,3,32.64,92.08,0.11,0.59,97.91,134.28,0.0,0,0.0,5,15,3,6,True,357.61,0.0,0.0,0.0,4.0
Karachi,2026-01-08 03:00:00+00:00,3,36.12,79.49,1.07,5.19,116.09,226.75,0.0,0,0.0,3,8,1,3,False,464.71,0.0,0.0,0.0,3.0
Karachi,2026-02-20 08:00:00+00:00,4,57.88,122.65,2.2,7.81,124.96,341.07,0.0,0,0.0,8,20,2,4,False,656.5699999999999,0.0,0.0,0.0,4.0
Karachi,2026-03-07 15:00:00+00:00,3,23.25,72.06,0.07,0.49,98.02,131.7,0.0,0,0.0,15,7,3,5,True,325.59,0.0,0.0,0.0,3.0
Karachi,2026-01-28 00:00:00+00:00,3,12.17,23.97,0.32,1.19,122.98,201.18,0.0,0,0.0,0,28,1,2,False,361.81,0.0,0.0,0.0,3.0
Karachi,2026-04-02 23:00:00+00:00,1,4.94,11.55,0.1,0.21,44.42,132.06,0.0,0,0.0,23,2,4,3,False,193.28,0.0,0.0,0.0,1.0
Karachi,2026-04-26 17:00:00+00:00,4,39.87,107.42,0.08,0.37,63.4,109.26,0.0,0,0.0,17,26,4,6,True,320.40000000000003,0.0,0.0,0.0,4.0
Karachi,2026-01-09 14:00:00+00:00,3,38.55,72.88,0.88,7.46,134.23,242.39,0.0,0,0.0,14,9,1,4,False,496.39,0.0,0.0,0.0,3.0
Karachi,2026-03-27 00:00:00+00:00,2,10.74,21.16,0.05,0.06,52.13,101.75,0.0,0,0.0,0,27,3,4,False,185.89,0.0,0.0,0.0,2.0
Karachi,2026-05-02 14:00:00+00:00,3,35.17,92.15,0.07,0.96,90.04,112.1,0.0,0,0.0,14,2,5,5,True,330.49,0.0,0.0,0.0,3.0
Karachi,2026-05-07 01:00:00+00:00,3,15.74,70.16,0.09,0.28,45.47,98.64,0.0,0,0.0,1,7,5,3,False,230.38,0.0,0.0,0.0,3.0
Karachi,2026-02-15 02:00:00+00:00,2,20.29,48.52,0.07,0.08,89.13,124.34,0.0,0,0.0,2,15,2,6,True,282.42999999999995,0.0,0.0,0.0,2.0
Karachi,2026-02-24 09:00:00+00:00,3,35.64,83.93,0.08,0.55,103.09,174.47,0.0,0,0.0,9,24,2,1,False,397.76,0.0,0.0,0.0,3.0
Karachi,2026-05-12 22:00:00+00:00,4,30.25,113.45,0.11,0.47,79.24,97.7,0.0,0,0.0,22,12,5,1,False,321.21999999999997,0.0,0.0,0.0,4.0
Karachi,2026-02-25 10:00:00+00:00,3,32.29,85.91,0.06,0.3,94.06,149.81,0.0,0,0.0,10,25,2,2,False,362.43,0.0,0.0,0.0,3.0
Karachi,2026-03-25 21:00:00+00:00,3,32.44,90.27,0.08,0.08,54.87,108.71,0.0,0,0.0,21,25,3,2,False,286.45,0.0,0.0,0.0,3.0
Karachi,2026-03-06 17:00:00+00:00,4,42.41,124.62,0.08,0.47,76.47,113.07,0.0,0,0.0,17,6,3,4,False,357.12,0.0,0.0,0.0,4.0
Karachi,2026-03-01 03:00:00+00:00,4,45.28,166.64,0.1,0.6,94.11,136.43,0.0,0,0.0,3,1,3,6,True,443.15999999999997,0.0,0.0,0.0,4.0
Karachi,2026-05-07 03:00:00+00:00,3,15.98,68.44,0.09,0.26,47.04,98.46,0.0,0,0.0,3,7,5,3,False,230.26999999999998,0.0,0.0,0.0,3.0
Karachi,2026-02-28 16:00:00+00:00,4,34.87,139.59,0.05,0.46,87.44,125.65,0.0,0,0.0,16,28,2,5,True,388.06000000000006,0.0,0.0,0.0,4.0
Karachi,2026-05-07 23:00:00+00:00,3,14.35,57.18,0.09,0.36,51.51,95.3,0.0,0,0.0,23,7,5,3,False,218.79000000000002,0.0,0.0,0.0,3.0
Karachi,2026-02-09 12:00:00+00:00,3,39.29,76.93,0.04,0.11,96.36,176.99,0.0,0,0.0,12,9,2,0,False,389.72,0.0,0.0,0.0,3.0
Karachi,2026-03-06 19:00:00+00:00,4,41.54,121.07,0.13,0.44,76.45,113.94,0.0,0,0.0,19,6,3,4,False,353.57,0.0,0.0,0.0,4.0
Karachi,2026-04-18 19:00:00+00:00,4,33.65,105.69,0.1,0.18,101.6,117.66,0.0,0,0.0,19,18,4,5,True,358.88,0.0,0.0,0.0,4.0
Karachi,2026-01-05 19:00:00+00:00,4,66.57,130.3,1.01,14.52,152.96,305.14,0.0,0,0.0,19,5,1,0,False,670.5,0.0,0.0,0.0,4.0
Karachi,2026-02-25 18:00:00+00:00,3,31.44,74.67,0.06,0.28,90.46,142.77,0.0,0,0.0,18,25,2,2,False,339.68,0.0,0.0,0.0,3.0
Karachi,2026-01-31 02:00:00+00:00,3,38.75,81.76,0.61,4.55,135.91,243.7,0.0,0,0.0,2,31,1,5,True,505.28,0.0,0.0,0.0,3.0
Karachi,2026-02-15 00:00:00+00:00,2,19.92,46.97,0.07,0.08,88.84,123.13,0.0,0,0.0,0,15,2,6,True,279.01,0.0,0.0,0.0,2.0
Karachi,2026-05-07 13:00:00+00:00,3,14.38,53.31,0.04,0.3,48.84,97.28,0.0,0,0.0,13,7,5,3,False,214.15,0.0,0.0,0.0,3.0
Karachi,2026-01-17 04:00:00+00:00,3,30.26,85.94,0.18,0.35,102.09,141.41,0.0,0,0.0,4,17,1,5,True,360.23,0.0,0.0,0.0,3.0
Karachi,2026-03-29 21:00:00+00:00,3,7.34,22.97,0.26,0.39,106.25,121.19,0.0,0,0.0,21,29,3,6,True,258.4,0.0,0.0,0.0,3.0
Karachi,2026-04-15 05:00:00+00:00,3,20.27,51.32,0.18,0.57,122.47,127.2,0.0,0,0.0,5,15,4,2,False,322.01,0.0,0.0,0.0,3.0
Karachi,2026-01-27 12:00:00+00:00,3,26.23,57.11,1.2,6.2,133.35,253.76,0.0,0,0.0,12,27,1,1,False,477.85,0.0,0.0,0.0,3.0
Karachi,2026-05-10 12:00:00+00:00,3,15.71,67.74,0.04,0.29,63.35,91.98,0.0,0,0.0,12,10,5,6,True,239.11,0.0,0.0,0.0,3.0
Karachi,2026-03-04 01:00:00+00:00,3,23.17,55.5,0.07,0.19,97.94,131.74,0.0,0,0.0,1,4,3,2,False,308.61,0.0,0.0,0.0,3.0
Karachi,2026-03-29 08:00:00+00:00,1,4.35,12.24,0.28,0.22,56.19,116.15,0.0,0,0.0,8,29,3,6,True,189.43,0.0,0.0,0.0,1.0
Karachi,2026-05-11 08:00:00+00:00,3,15.52,68.46,0.09,0.35,60.56,90.27,0.0,0,0.0,8,11,5,0,False,235.25,0.0,0.0,0.0,3.0
Karachi,2026-05-05 08:00:00+00:00,3,31.56,86.68,0.1,0.44,85.4,123.19,0.0,0,0.0,8,5,5,1,False,327.37,0.0,0.0,0.0,3.0
Karachi,2026-04-01 12:00:00+00:00,3,9.59,27.76,0.08,0.27,111.11,116.23,0.0,0,0.0,12,1,4,2,False,265.04,0.0,0.0,0.0,3.0
Karachi,2026-02-21 05:00:00+00:00,4,48.82,108.4,2.61,6.33,115.16,355.62,0.0,0,0.0,5,21,2,5,True,636.94,0.0,0.0,0.0,4.0
Karachi,2026-05-13 18:00:00+00:00,3,19.61,55.87,0.08,0.39,71.18,99.54,0.0,0,0.0,18,13,5,2,False,246.67000000000002,0.0,0.0,0.0,3.0
Karachi,2026-03-09 13:00:00+00:00,2,21.85,48.73,0.04,0.26,98.64,150.06,0.0,0,0.0,13,9,3,0,False,319.58000000000004,0.0,0.0,-1.0,2.0
Karachi,2026-02-09 22:00:00+00:00,3,41.75,77.92,0.1,0.21,95.63,176.22,0.0,0,0.0,22,9,2,0,False,391.83,0.0,0.0,0.0,3.0
Karachi,2026-01-17 14:00:00+00:00,3,27.44,85.02,0.14,0.6,114.52,127.27,0.0,0,0.0,14,17,1,5,True,354.98999999999995,0.0,0.0,-1.0,3.0
Karachi,2026-02-26 06:00:00+00:00,3,30.95,76.38,0.06,0.53,100.89,140.54,0.0,0,0.0,6,26,2,3,False,349.35,0.0,0.0,0.0,3.0
Karachi,2026-03-23 13:00:00+00:00,2,10.51,14.92,0.03,0.07,55.76,109.31,0.0,0,0.0,13,23,3,0,False,190.6,0.0,0.0,0.0,2.0
Karachi,2026-03-17 13:00:00+00:00,3,28.31,85.66,0.06,0.31,69.46,115.0,0.0,0,0.0,13,17,3,1,False,298.8,0.0,0.0,0.0,3.0
Karachi,2026-03-16 14:00:00+00:00,3,22.68,73.2,0.07,0.33,85.4,126.64,0.0,0,0.0,14,16,3,0,False,308.32,0.0,0.0,0.0,3.0
Karachi,2026-01-25 12:00:00+00:00,3,29.06,74.4,1.08,3.76,130.15,268.51,0.0,0,0.0,12,25,1,6,True,506.96000000000004,0.0,0.0,0.0,3.0
Karachi,2026-01-14 05:00:00+00:00,4,73.38,130.36,1.33,12.85,126.15,330.94,0.0,0,0.0,5,14,1,2,False,675.01,0.0,0.0,0.0,4.0
Karachi,2026-05-02 12:00:00+00:00,3,37.78,97.54,0.08,0.97,90.35,113.93,0.0,0,0.0,12,2,5,5,True,340.65,0.0,0.0,0.0,3.0
Karachi,2026-04-21 05:00:00+00:00,4,31.89,102.83,0.07,0.34,69.71,110.69,0.0,0,0.0,5,21,4,1,False,315.53,0.0,0.0,0.0,4.0
Karachi,2026-04-15 15:00:00+00:00,3,21.82,64.66,0.08,0.52,108.48,125.01,0.0,0,0.0,15,15,4,2,False,320.57,0.0,0.0,0.0,3.0
Karachi,2026-05-10 22:00:00+00:00,3,14.71,59.61,0.08,0.31,60.93,91.39,0.0,0,0.0,22,10,5,6,True,227.02999999999997,0.0,0.0,0.0,3.0
Karachi,2026-04-04 08:00:00+00:00,3,4.76,16.72,0.34,0.33,133.81,131.92,0.0,0,0.0,8,4,4,5,True,287.88,0.0,0.0,0.0,3.0
Karachi,2026-03-27 11:00:00+00:00,1,4.46,10.26,0.03,0.09,44.58,101.51,0.0,0,0.0,11,27,3,4,False,160.93,0.0,0.0,0.0,1.0
Karachi,2026-04-29 15:00:00+00:00,3,33.95,79.17,0.06,0.5,78.2,121.92,0.0,0,0.0,15,29,4,2,False,313.8,0.0,0.0,0.0,3.0
Karachi,2026-04-25 23:00:00+00:00,3,36.21,99.42,0.15,0.54,59.2,106.95,0.0,0,0.0,23,25,4,5,True,302.46999999999997,0.0,0.0,-1.0,3.0
Karachi,2026-04-10 11:00:00+00:00,3,23.19,68.86,0.07,0.5,101.39,135.86,0.0,0,0.0,11,10,4,4,False,329.87,0.0,0.0,0.0,3.0
Karachi,2026-02-17 10:00:00+00:00,2,21.6,33.96,0.06,0.12,89.64,138.56,0.0,0,0.0,10,17,2,1,False,283.94,0.0,0.0,0.0,2.0
Karachi,2026-01-25 02:00:00+00:00,3,27.19,95.2,1.36,4.36,112.31,235.22,0.0,0,0.0,2,25,1,6,True,475.64,0.0,0.0,0.0,3.0
Karachi,2026-02-06 03:00:00+00:00,5,83.35,141.69,3.3,9.23,133.73,574.7,0.0,0,0.0,3,6,2,4,False,946.0,0.0,0.0,0.0,5.0
Karachi,2026-02-13 07:00:00+00:00,4,57.29,97.73,0.22,0.61,123.0,282.87,0.0,0,0.0,7,13,2,4,False,561.72,0.0,0.0,0.0,4.0
Karachi,2026-03-10 02:00:00+00:00,2,18.18,43.11,0.09,0.22,93.77,123.87,0.0,0,0.0,2,10,3,1,False,279.24,0.0,0.0,0.0,2.0
Karachi,2026-03-24 02:00:00+00:00,2,12.82,22.5,0.07,0.16,48.64,106.65,0.0,0,0.0,2,24,3,1,False,190.84,0.0,0.0,0.0,2.0
Karachi,2026-04-18 09:00:00+00:00,4,47.03,153.05,0.06,0.21,88.5,116.2,0.0,0,0.0,9,18,4,5,True,405.05,0.0,0.0,0.0,4.0
Karachi,2026-01-21 17:00:00+00:00,2,14.5,36.98,0.08,0.32,98.49,119.01,0.0,0,0.0,17,21,1,2,False,269.38,0.0,0.0,0.0,2.0
Karachi,2026-05-11 20:00:00+00:00,3,16.17,62.64,0.09,0.35,58.02,87.22,0.0,0,0.0,20,11,5,0,False,224.49,0.0,0.0,0.0,4.0
Karachi,2026-03-24 19:00:00+00:00,2,10.67,21.03,0.1,0.09,48.96,108.38,0.0,0,0.0,19,24,3,1,False,189.23000000000002,0.0,0.0,0.0,2.0
Karachi,2026-03-30 16:00:00+00:00,3,11.46,37.81,0.16,0.85,124.57,122.85,0.0,0,0.0,16,30,3,0,False,297.7,0.0,0.0,0.0,3.0
Karachi,2026-01-12 18:00:00+00:00,4,51.64,93.72,1.22,10.29,148.33,250.8,0.0,0,0.0,18,12,1,0,False,556.0,0.0,0.0,0.0,4.0
Karachi,2026-03-17 10:00:00+00:00,3,27.94,82.3,0.08,0.34,73.81,115.95,0.0,0,0.0,10,17,3,1,False,300.42,0.0,0.0,0.0,3.0
Karachi,2026-04-24 05:00:00+00:00,3,33.56,78.25,0.1,0.3,46.23,105.5,0.0,0,0.0,5,24,4,4,False,263.94,0.0,0.0,0.0,3.0
Karachi,2026-01-14 19:00:00+00:00,3,21.39,55.44,0.18,0.81,100.76,163.91,0.0,0,0.0,19,14,1,2,False,342.49,0.0,0.0,0.0,3.0
Karachi,2026-05-01 17:00:00+00:00,4,42.92,111.21,0.08,0.64,77.94,106.24,0.0,0,0.0,17,1,5,4,False,339.03,0.0,0.0,0.0,4.0
Karachi,2026-05-14 23:00:00+00:00,2,7.68,45.86,0.08,0.33,32.75,72.22,0.0,0,0.0,23,14,5,3,False,158.92,0.0,0.0,0.0,2.0
Karachi,2026-04-30 02:00:00+00:00,3,36.62,87.03,0.14,0.84,94.61,117.64,0.0,0,0.0,2,30,4,3,False,336.88,0.0,0.0,0.0,3.0
Karachi,2026-03-13 01:00:00+00:00,4,48.16,113.18,0.18,0.28,87.69,124.09,0.0,0,0.0,1,13,3,4,False,373.58000000000004,0.0,0.0,0.0,4.0
Karachi,2026-01-10 10:00:00+00:00,3,30.34,73.06,1.52,6.68,122.15,205.98,0.0,0,0.0,10,10,1,5,True,439.73,0.0,0.0,0.0,3.0
Karachi,2026-04-27 08:00:00+00:00,4,37.09,103.58,0.14,0.38,73.96,109.45,0.0,0,0.0,8,27,4,0,False,324.59999999999997,0.0,0.0,0.0,4.0
Karachi,2026-03-18 22:00:00+00:00,3,36.38,98.78,0.1,0.28,67.66,122.65,0.0,0,0.0,22,18,3,2,False,325.85,0.0,0.0,0.0,3.0
Karachi,2026-03-19 01:00:00+00:00,3,35.77,92.69,0.09,0.28,68.45,122.81,0.0,0,0.0,1,19,3,3,False,320.09000000000003,0.0,0.0,0.0,3.0
Karachi,2026-01-14 09:00:00+00:00,4,64.35,114.44,1.29,10.77,117.31,309.63,0.0,0,0.0,9,14,1,2,False,617.79,0.0,0.0,0.0,4.0
Karachi,2026-04-25 20:00:00+00:00,4,37.2,107.63,0.14,0.49,54.57,105.79,0.0,0,0.0,20,25,4,5,True,305.82,0.0,0.0,0.0,4.0
Karachi,2026-04-12 14:00:00+00:00,4,44.39,130.3,0.09,0.18,84.95,138.76,0.0,0,0.0,14,12,4,6,True,398.67,0.0,0.0,0.0,4.0
Karachi,2026-04-18 11:00:00+00:00,4,45.19,148.69,0.04,0.2,90.23,116.88,0.0,0,0.0,11,18,4,5,True,401.22999999999996,0.0,0.0,0.0,4.0
Karachi,2026-02-11 21:00:00+00:00,5,100.05,168.96,2.68,8.66,175.75,524.99,0.0,0,0.0,21,11,2,2,False,981.09,0.0,0.0,0.0,5.0
Karachi,2026-02-25 03:00:00+00:00,3,31.63,89.39,0.07,0.3,91.16,150.1,0.0,0,0.0,3,25,2,2,False,362.65,0.0,0.0,0.0,3.0
Karachi,2026-03-21 16:00:00+00:00,3,27.66,76.86,0.05,0.11,60.77,109.05,0.0,0,0.0,16,21,3,5,True,274.5,0.0,0.0,0.0,3.0
Karachi,2026-04-15 17:00:00+00:00,3,21.54,68.54,0.11,0.51,105.87,123.02,0.0,0,0.0,17,15,4,2,False,319.59000000000003,0.0,0.0,0.0,3.0
Karachi,2026-03-29 04:00:00+00:00,1,5.21,13.08,0.2,0.25,43.48,117.24,0.0,0,0.0,4,29,3,6,True,179.45999999999998,0.0,0.0,0.0,1.0
Karachi,2026-04-14 02:00:00+00:00,2,12.09,30.87,0.18,0.38,76.03,119.41,0.0,0,0.0,2,14,4,1,False,238.96,0.0,0.0,0.0,2.0
Karachi,2026-01-30 09:00:00+00:00,4,53.0,135.46,2.21,5.36,119.53,301.59,0.0,0,0.0,9,30,1,4,False,617.1500000000001,0.0,0.0,0.0,4.0
Karachi,2026-04-21 14:00:00+00:00,3,28.74,92.28,0.03,0.31,63.94,105.58,0.0,0,0.0,14,21,4,1,False,290.88,0.0,0.0,0.0,3.0
Karachi,2026-02-07 12:00:00+00:00,3,47.21,70.08,0.08,0.79,117.22,218.69,0.0,0,0.0,12,7,2,5,True,454.07,0.0,0.0,0.0,3.0
Karachi,2026-03-10 01:00:00+00:00,2,17.59,40.54,0.09,0.2,93.61,124.43,0.0,0,0.0,1,10,3,1,False,276.46000000000004,0.0,0.0,0.0,2.0
Karachi,2026-01-14 16:00:00+00:00,3,39.11,76.74,0.26,3.24,112.79,214.24,0.0,0,0.0,16,14,1,2,False,446.38,0.0,0.0,0.0,3.0
Karachi,2026-01-26 03:00:00+00:00,3,33.94,83.33,1.35,4.97,125.83,307.18,0.0,0,0.0,3,26,1,0,False,556.6,0.0,0.0,0.0,3.0
Karachi,2026-03-30 19:00:00+00:00,3,11.84,37.27,0.28,0.87,127.11,122.62,0.0,0,0.0,19,30,3,0,False,299.99,0.0,0.0,0.0,3.0
Karachi,2026-03-19 08:00:00+00:00,3,35.91,85.71,0.08,0.24,78.7,127.24,0.0,0,0.0,8,19,3,3,False,327.88,0.0,0.0,0.0,3.0
Karachi,2026-03-15 22:00:00+00:00,3,19.76,51.04,0.21,0.31,89.47,124.07,0.0,0,0.0,22,15,3,6,True,284.86,0.0,0.0,0.0,2.0
Karachi,2026-05-14 20:00:00+00:00,2,7.64,41.91,0.07,0.32,35.2,76.24,0.0,0,0.0,20,14,5,3,False,161.38,0.0,0.0,0.0,2.0
Karachi,2026-03-14 23:00:00+00:00,3,23.79,63.91,0.12,0.42,83.86,121.92,0.0,0,0.0,23,14,3,5,True,294.02,0.0,0.0,0.0,3.0
Karachi,2026-02-23 15:00:00+00:00,3,39.32,62.48,0.05,0.81,111.09,195.97,0.0,0,0.0,15,23,2,0,False,409.72,0.0,0.0,0.0,3.0
Karachi,2026-01-04 13:00:00+00:00,3,35.2,61.48,0.44,6.19,121.98,230.47,0.0,0,0.0,13,4,1,6,True,455.76,0.0,0.0,0.0,3.0
Karachi,2026-04-12 06:00:00+00:00,4,35.56,105.85,0.16,0.28,96.64,134.31,0.0,0,0.0,6,12,4,6,True,372.8,0.0,0.0,1.0,4.0
Karachi,2026-02-04 12:00:00+00:00,4,68.12,151.0,1.93,5.54,122.11,381.83,0.0,0,0.0,12,4,2,2,False,730.53,0.0,0.0,0.0,4.0
Karachi,2026-02-25 06:00:00+00:00,3,31.89,88.98,0.07,0.31,93.15,149.62,0.0,0,0.0,6,25,2,2,False,364.02,0.0,0.0,0.0,3.0
Karachi,2026-04-15 14:00:00+00:00,3,21.82,64.32,0.08,0.52,109.69,124.81,0.0,0,0.0,14,15,4,2,False,321.24,0.0,0.0,0.0,3.0
Karachi,2026-01-06 04:00:00+00:00,5,78.09,199.14,2.1,12.1,117.13,351.38,0.0,0,0.0,4,6,1,1,False,759.94,0.0,0.0,0.0,5.0
Karachi,2026-02-10 09:00:00+00:00,4,51.79,92.82,0.12,0.36,97.56,205.16,0.0,0,0.0,9,10,2,1,False,447.81,0.0,0.0,0.0,3.0
Karachi,2026-04-17 15:00:00+00:00,3,32.98,94.95,0.05,0.19,77.7,110.06,0.0,0,0.0,15,17,4,4,False,315.93,0.0,0.0,0.0,4.0
Karachi,2026-01-24 15:00:00+00:00,3,22.22,58.47,0.7,4.44,131.75,213.27,0.0,0,0.0,15,24,1,5,True,430.85,0.0,0.0,0.0,3.0
Karachi,2026-02-13 17:00:00+00:00,3,33.27,60.78,0.13,0.23,101.46,178.91,0.0,0,0.0,17,13,2,4,False,374.78,0.0,0.0,0.0,3.0
Karachi,2026-01-30 12:00:00+00:00,4,60.0,143.59,2.06,5.83,134.84,324.06,0.0,0,0.0,12,30,1,4,False,670.3800000000001,0.0,0.0,0.0,4.0
Karachi,2026-05-10 01:00:00+00:00,3,14.28,52.98,0.07,0.29,62.85,93.66,0.0,0,0.0,1,10,5,6,True,224.13,0.0,0.0,0.0,3.0
Karachi,2026-04-13 03:00:00+00:00,3,26.25,66.62,0.11,0.23,87.68,119.49,0.0,0,0.0,3,13,4,0,False,300.38,0.0,0.0,0.0,3.0
Karachi,2026-01-15 18:00:00+00:00,2,13.46,28.5,0.1,0.16,96.81,129.71,0.0,0,0.0,18,15,1,3,False,268.74,0.0,0.0,0.0,2.0
Karachi,2026-05-08 10:00:00+00:00,3,14.23,57.38,0.08,0.33,52.56,95.48,0.0,0,0.0,10,8,5,4,False,220.06,0.0,0.0,0.0,3.0
Karachi,2026-04-07 09:00:00+00:00,3,13.9,59.45,0.09,0.4,51.1,122.64,0.0,0,0.0,9,7,4,1,False,247.58000000000004,0.0,0.0,0.0,3.0
Karachi,2026-03-10 04:00:00+00:00,3,19.63,50.64,0.08,0.27,94.31,122.38,0.0,0,0.0,4,10,3,1,False,287.31,0.0,0.0,1.0,3.0
Karachi,2026-02-16 17:00:00+00:00,2,14.88,21.72,0.04,0.11,90.61,124.29,0.0,0,0.0,17,16,2,0,False,251.65,0.0,0.0,0.0,2.0
Karachi,2026-03-27 06:00:00+00:00,1,6.03,12.88,0.04,0.07,48.16,102.46,0.0,0,0.0,6,27,3,4,False,169.64,0.0,0.0,0.0,1.0
Karachi,2026-04-03 00:00:00+00:00,1,5.4,11.11,0.1,0.2,46.0,135.81,0.0,0,0.0,0,3,4,4,False,198.62,0.0,0.0,0.0,1.0
Karachi,2026-01-11 09:00:00+00:00,3,29.8,68.93,1.61,5.51,123.31,201.43,0.0,0,0.0,9,11,1,6,True,430.59000000000003,0.0,0.0,0.0,3.0
Karachi,2026-03-16 11:00:00+00:00,3,19.58,63.17,0.11,0.34,95.73,128.32,0.0,0,0.0,11,16,3,0,False,307.25,0.0,0.0,0.0,3.0
Karachi,2026-04-24 00:00:00+00:00,3,33.42,79.3,0.11,0.29,48.89,106.24,0.0,0,0.0,0,24,4,4,False,268.25,0.0,0.0,0.0,3.0
Karachi,2026-02-26 23:00:00+00:00,3,28.94,75.1,0.08,0.41,92.06,128.83,0.0,0,0.0,23,26,2,3,False,325.41999999999996,0.0,0.0,0.0,3.0
Karachi,2026-04-21 21:00:00+00:00,3,22.96,82.64,0.08,0.2,48.55,98.12,0.0,0,0.0,21,21,4,1,False,252.55,0.0,0.0,0.0,3.0
Karachi,2026-04-12 09:00:00+00:00,4,43.96,134.6,0.21,0.21,92.86,137.97,0.0,0,0.0,9,12,4,6,True,409.81000000000006,0.0,0.0,0.0,4.0
Karachi,2026-03-22 09:00:00+00:00,2,22.32,49.3,0.06,0.1,64.46,109.63,0.0,0,0.0,9,22,3,6,True,245.87,0.0,0.0,-1.0,2.0
Karachi,2026-02-02 14:00:00+00:00,5,127.39,285.91,2.24,10.8,165.06,538.38,0.0,0,0.0,14,2,2,0,False,1129.7800000000002,0.0,0.0,0.0,5.0
Karachi,2026-03-18 02:00:00+00:00,3,32.62,78.66,0.1,0.45,71.17,121.17,0.0,0,0.0,2,18,3,2,False,304.17,0.0,0.0,0.0,3.0
Karachi,2026-04-17 12:00:00+00:00,3,32.3,81.0,0.05,0.23,81.79,112.39,0.0,0,0.0,12,17,4,4,False,307.76,0.0,0.0,0.0,3.0
Karachi,2026-05-12 19:00:00+00:00,3,25.7,95.9,0.1,0.43,71.26,95.72,0.0,0,0.0,19,12,5,1,False,289.11,0.0,0.0,0.0,4.0
Karachi,2026-04-14 18:00:00+00:00,3,24.83,68.52,0.15,0.68,110.6,126.59,0.0,0,0.0,18,14,4,1,False,331.37,0.0,0.0,0.0,3.0
Karachi,2026-03-06 08:00:00+00:00,3,31.3,84.98,0.12,0.62,81.75,115.25,0.0,0,0.0,8,6,3,4,False,314.02,0.0,0.0,0.0,3.0
Karachi,2026-01-09 13:00:00+00:00,3,36.89,70.54,0.98,7.2,130.68,242.87,0.0,0,0.0,13,9,1,4,False,489.16,0.0,0.0,0.0,3.0
Karachi,2026-02-04 05:00:00+00:00,5,91.18,155.79,3.28,9.9,130.94,610.18,0.0,0,0.0,5,4,2,2,False,1001.27,0.0,0.0,0.0,5.0
Karachi,2026-02-18 05:00:00+00:00,3,32.11,60.94,2.75,8.73,89.15,258.86,0.0,0,0.0,5,18,2,2,False,452.54,0.0,0.0,0.0,3.0
Karachi,2026-04-09 07:00:00+00:00,3,25.02,78.02,0.12,0.62,132.47,138.25,0.0,0,0.0,7,9,4,3,False,374.5,0.0,0.0,0.0,3.0
Karachi,2026-01-16 07:00:00+00:00,3,18.47,36.81,0.12,0.29,105.55,135.31,0.0,0,0.0,7,16,1,4,False,296.55,0.0,0.0,0.0,3.0
Karachi,2026-05-04 14:00:00+00:00,4,32.49,107.33,0.1,0.31,105.21,118.34,0.0,0,0.0,14,4,5,0,False,363.78,0.0,0.0,0.0,4.0
Karachi,2026-03-03 23:00:00+00:00,3,22.31,55.51,0.07,0.18,98.46,132.84,0.0,0,0.0,23,3,3,1,False,309.37,0.0,0.0,0.0,3.0
Karachi,2026-02-03 06:00:00+00:00,4,72.88,150.46,2.71,9.24,112.5,447.03,0.0,0,0.0,6,3,2,1,False,794.8199999999999,0.0,0.0,0.0,5.0
Karachi,2026-01-12 21:00:00+00:00,4,52.97,99.34,1.04,10.56,140.67,263.05,0.0,0,0.0,21,12,1,0,False,567.63,0.0,0.0,0.0,4.0
Karachi,2026-01-05 04:00:00+00:00,3,29.83,54.5,0.34,3.68,117.89,188.36,0.0,0,0.0,4,5,1,0,False,394.6,0.0,0.0,0.0,3.0
Karachi,2026-01-11 22:00:00+00:00,3,39.26,81.93,1.59,7.83,132.91,234.77,0.0,0,0.0,22,11,1,6,True,498.28999999999996,0.0,0.0,0.0,3.0
Karachi,2026-04-30 05:00:00+00:00,3,36.67,88.96,0.12,0.72,91.67,116.84,0.0,0,0.0,5,30,4,3,False,334.98,0.0,0.0,0.0,3.0
Karachi,2026-04-26 19:00:00+00:00,4,37.14,103.86,0.13,0.33,62.94,109.27,0.0,0,0.0,19,26,4,6,True,313.67,0.0,0.0,0.0,4.0
Karachi,2026-04-22 12:00:00+00:00,3,25.58,94.88,0.04,0.24,50.66,98.33,0.0,0,0.0,12,22,4,2,False,269.72999999999996,0.0,0.0,0.0,3.0
Karachi,2026-01-31 09:00:00+00:00,4,54.12,127.2,2.26,9.98,124.46,335.68,0.0,0,0.0,9,31,1,5,True,653.7,0.0,0.0,0.0,4.0
Karachi,2026-02-26 10:00:00+00:00,3,30.07,75.2,0.06,0.55,102.39,137.51,0.0,0,0.0,10,26,2,3,False,345.78,0.0,0.0,0.0,3.0
Karachi,2026-02-22 03:00:00+00:00,4,55.28,98.72,0.39,3.85,145.55,272.46,0.0,0,0.0,3,22,2,6,True,576.25,0.0,0.0,0.0,4.0
Karachi,2026-01-03 01:00:00+00:00,4,54.75,100.31,1.21,10.38,139.78,310.57,0.0,0,0.0,1,3,1,5,True,617.0,0.0,0.0,0.0,4.0
Karachi,2026-01-14 12:00:00+00:00,4,61.09,108.89,0.68,8.74,120.86,286.45,0.0,0,0.0,12,14,1,2,False,586.71,0.0,0.0,0.0,4.0
Karachi,2026-02-25 11:00:00+00:00,3,32.33,84.99,0.04,0.3,93.84,149.22,0.0,0,0.0,11,25,2,2,False,360.72,0.0,0.0,0.0,3.0
Karachi,2026-03-22 18:00:00+00:00,2,19.93,41.84,0.05,0.07,60.88,107.52,0.0,0,0.0,18,22,3,6,True,230.29000000000002,0.0,0.0,0.0,2.0
Karachi,2026-01-27 09:00:00+00:00,3,27.18,64.45,1.62,6.15,124.0,272.23,0.0,0,0.0,9,27,1,1,False,495.63,0.0,0.0,0.0,3.0
Karachi,2026-02-12 00:00:00+00:00,5,87.1,145.17,3.38,8.89,139.6,529.68,0.0,0,0.0,0,12,2,3,False,913.8199999999999,0.0,0.0,0.0,5.0
Karachi,2026-05-12 10:00:00+00:00,3,20.65,80.0,0.09,0.37,63.45,90.85,0.0,0,0.0,10,12,5,1,False,255.41,0.0,0.0,0.0,3.0
Karachi,2026-03-21 19:00:00+00:00,3,27.4,75.91,0.08,0.12,62.38,108.83,0.0,0,0.0,19,21,3,5,True,274.72,0.0,0.0,0.0,3.0
Karachi,2026-01-23 00:00:00+00:00,3,5.5,24.8,0.35,0.39,114.78,147.31,0.0,0,0.0,0,23,1,4,False,293.13,0.0,0.0,0.0,3.0
Karachi,2026-03-08 08:00:00+00:00,3,20.25,45.75,0.14,0.47,116.01,146.65,0.0,0,0.0,8,8,3,6,True,329.27,0.0,0.0,0.0,3.0
Karachi,2026-02-07 15:00:00+00:00,3,47.99,71.67,0.08,0.64,112.49,215.42,0.0,0,0.0,15,7,2,5,True,448.28999999999996,0.0,0.0,0.0,3.0
Karachi,2026-03-06 20:00:00+00:00,4,40.58,117.78,0.14,0.44,76.57,114.74,0.0,0,0.0,20,6,3,4,False,350.25,0.0,0.0,0.0,4.0
Karachi,2026-04-09 04:00:00+00:00,3,25.56,79.61,0.13,0.72,136.95,137.62,0.0,0,0.0,4,9,4,3,False,380.59,0.0,0.0,0.0,3.0
Karachi,2026-01-08 01:00:00+00:00,3,35.64,77.85,1.19,5.55,118.78,224.91,0.0,0,0.0,1,8,1,3,False,463.91999999999996,0.0,0.0,0.0,3.0
Karachi,2026-01-05 07:00:00+00:00,3,35.22,70.81,0.81,7.79,117.33,227.43,0.0,0,0.0,7,5,1,0,False,459.39,0.0,0.0,0.0,3.0
Karachi,2026-02-02 12:00:00+00:00,5,107.89,259.12,3.3,10.95,137.27,500.2,0.0,0,0.0,12,2,2,0,False,1018.73,0.0,0.0,0.0,5.0
Karachi,2026-04-12 07:00:00+00:00,4,39.61,120.66,0.2,0.26,95.51,135.85,0.0,0,0.0,7,12,4,6,True,392.0899999999999,0.0,0.0,0.0,4.0
Karachi,2026-03-30 01:00:00+00:00,3,7.87,27.49,0.25,0.52,120.93,121.54,0.0,0,0.0,1,30,3,0,False,278.6,0.0,0.0,0.0,3.0
Karachi,2026-04-09 09:00:00+00:00,3,25.21,78.45,0.1,0.58,130.97,137.78,0.0,0,0.0,9,9,4,3,False,373.09000000000003,0.0,0.0,0.0,3.0
Karachi,2026-01-18 04:00:00+00:00,3,8.48,27.76,0.16,0.59,111.24,118.37,0.0,0,0.0,4,18,1,6,True,266.6,0.0,0.0,0.0,3.0
Karachi,2026-01-18 07:00:00+00:00,3,9.34,32.45,0.14,0.5,111.9,118.78,0.0,0,0.0,7,18,1,6,True,273.11,0.0,0.0,0.0,3.0
Karachi,2026-05-03 14:00:00+00:00,3,32.24,80.27,0.08,1.08,95.5,118.91,0.0,0,0.0,14,3,5,6,True,328.08,0.0,0.0,0.0,3.0
Karachi,2026-02-05 14:00:00+00:00,4,68.32,140.34,1.19,6.06,140.82,326.07,0.0,0,0.0,14,5,2,3,False,682.8,0.0,0.0,0.0,4.0
Karachi,2026-03-06 15:00:00+00:00,4,41.28,123.21,0.07,0.54,78.25,114.41,0.0,0,0.0,15,6,3,4,False,357.76,0.0,0.0,0.0,4.0
Karachi,2026-01-27 00:00:00+00:00,4,50.13,104.53,1.69,8.17,143.13,333.48,0.0,0,0.0,0,27,1,1,False,641.13,0.0,0.0,0.0,4.0
Karachi,2026-05-06 10:00:00+00:00,3,19.53,87.16,0.05,0.24,56.38,114.14,0.0,0,0.0,10,6,5,2,False,277.5,0.0,0.0,0.0,3.0
Karachi,2026-05-08 11:00:00+00:00,3,14.11,56.72,0.06,0.33,52.37,95.54,0.0,0,0.0,11,8,5,4,False,219.13,0.0,0.0,0.0,3.0
Karachi,2026-01-24 02:00:00+00:00,3,5.39,27.31,0.24,0.09,105.84,123.87,0.0,0,0.0,2,24,1,5,True,262.74,0.0,0.0,0.0,3.0
Karachi,2026-02-24 12:00:00+00:00,3,34.41,88.49,0.05,0.42,97.76,168.57,0.0,0,0.0,12,24,2,1,False,389.7,0.0,0.0,0.0,3.0
Karachi,2026-02-28 23:00:00+00:00,4,43.69,164.5,0.1,0.57,92.24,133.45,0.0,0,0.0,23,28,2,5,True,434.54999999999995,0.0,0.0,0.0,4.0
Karachi,2026-03-14 01:00:00+00:00,4,55.41,160.5,0.19,0.36,95.34,123.6,0.0,0,0.0,1,14,3,5,True,435.4,0.0,0.0,0.0,4.0
Karachi,2026-01-05 02:00:00+00:00,3,31.59,54.93,0.32,3.49,120.0,194.23,0.0,0,0.0,2,5,1,0,False,404.55999999999995,0.0,0.0,0.0,3.0
Karachi,2026-04-20 12:00:00+00:00,3,30.89,83.17,0.04,0.43,96.47,114.01,0.0,0,0.0,12,20,4,0,False,325.01,0.0,0.0,0.0,3.0
Karachi,2026-05-08 13:00:00+00:00,3,14.03,56.31,0.05,0.33,49.78,95.25,0.0,0,0.0,13,8,5,4,False,215.75,0.0,0.0,0.0,3.0
Karachi,2026-03-21 12:00:00+00:00,3,27.82,76.33,0.05,0.13,63.05,110.95,0.0,0,0.0,12,21,3,5,True,278.33,0.0,0.0,0.0,3.0
Karachi,2026-04-30 20:00:00+00:00,3,36.51,99.08,0.14,0.54,67.78,108.07,0.0,0,0.0,20,30,4,3,False,312.12,0.0,0.0,0.0,4.0
Karachi,2026-04-29 17:00:00+00:00,3,31.47,70.84,0.08,0.5,79.86,119.7,0.0,0,0.0,17,29,4,2,False,302.45,0.0,0.0,0.0,3.0
Karachi,2026-03-29 22:00:00+00:00,3,7.53,24.04,0.25,0.41,109.97,121.56,0.0,0,0.0,22,29,3,6,True,263.76,0.0,0.0,0.0,3.0
Karachi,2026-04-14 20:00:00+00:00,3,25.4,66.39,0.22,0.73,116.36,131.14,0.0,0,0.0,20,14,4,1,False,340.24,0.0,0.0,0.0,3.0
Karachi,2026-04-03 09:00:00+00:00,2,6.28,9.96,0.2,0.22,75.88,136.43,0.0,0,0.0,9,3,4,4,False,228.97,0.0,0.0,0.0,2.0
Karachi,2026-02-09 21:00:00+00:00,3,39.72,75.28,0.1,0.2,94.62,171.73,0.0,0,0.0,21,9,2,0,False,381.65,0.0,0.0,0.0,3.0
Karachi,2026-01-07 23:00:00+00:00,3,33.35,71.7,1.13,5.41,122.55,214.15,0.0,0,0.0,23,7,1,2,False,448.28999999999996,0.0,0.0,0.0,3.0
Karachi,2026-02-02 15:00:00+00:00,5,132.84,288.53,1.94,10.91,177.7,549.8,0.0,0,0.0,15,2,2,0,False,1161.72,0.0,0.0,0.0,5.0
Karachi,2026-04-09 06:00:00+00:00,3,25.06,78.09,0.11,0.65,133.72,138.13,0.0,0,0.0,6,9,4,3,False,375.76,0.0,0.0,0.0,3.0
Karachi,2026-01-23 21:00:00+00:00,3,5.52,26.42,0.24,0.09,105.38,125.58,0.0,0,0.0,21,23,1,4,False,263.23,0.0,0.0,0.0,3.0
Karachi,2026-02-08 12:00:00+00:00,4,51.2,99.23,0.07,0.19,98.54,214.08,0.0,0,0.0,12,8,2,6,True,463.31000000000006,0.0,0.0,0.0,4.0
Karachi,2026-02-20 05:00:00+00:00,4,56.27,110.65,2.59,9.5,123.99,365.26,0.0,0,0.0,5,20,2,4,False,668.26,0.0,0.0,0.0,4.0
Karachi,2026-04-23 09:00:00+00:00,3,32.73,87.65,0.08,0.33,54.99,104.87,0.0,0,0.0,9,23,4,3,False,280.65,0.0,0.0,0.0,3.0
Karachi,2026-05-09 07:00:00+00:00,3,16.11,67.04,0.08,0.29,58.46,95.57,0.0,0,0.0,7,9,5,5,True,237.55,0.0,0.0,0.0,3.0
Karachi,2026-05-03 17:00:00+00:00,3,32.82,82.94,0.11,1.21,97.68,120.7,0.0,0,0.0,17,3,5,6,True,335.46,0.0,0.0,0.0,3.0
Karachi,2026-05-08 08:00:00+00:00,3,14.58,59.49,0.11,0.35,52.15,95.25,0.0,0,0.0,8,8,5,4,False,221.93,0.0,0.0,0.0,3.0
Karachi,2026-01-21 07:00:00+00:00,3,14.74,41.32,0.08,0.24,103.25,120.7,0.0,0,0.0,7,21,1,2,False,280.33,0.0,0.0,0.0,3.0
Karachi,2026-04-01 14:00:00+00:00,3,10.03,29.08,0.07,0.25,106.84,116.36,0.0,0,0.0,14,1,4,2,False,262.63,0.0,0.0,0.0,3.0
Karachi,2026-03-21 07:00:00+00:00,3,27.26,72.33,0.06,0.16,65.21,115.31,0.0,0,0.0,7,21,3,5,True,280.33,0.0,0.0,0.0,3.0
Karachi,2026-03-27 04:00:00+00:00,1,7.44,15.36,0.05,0.07,49.85,102.49,0.0,0,0.0,4,27,3,4,False,175.26,0.0,0.0,0.0,1.0
Karachi,2026-03-12 07:00:00+00:00,4,60.77,159.95,0.39,0.3,82.49,138.82,0.0,0,0.0,7,12,3,3,False,442.71999999999997,0.0,0.0,0.0,4.0
Karachi,2026-02-28 20:00:00+00:00,4,39.83,152.08,0.1,0.49,90.08,129.55,0.0,0,0.0,20,28,2,5,True,412.13000000000005,0.0,0.0,0.0,4.0
Karachi,2026-01-05 05:00:00+00:00,3,30.16,56.78,0.44,4.46,117.1,193.08,0.0,0,0.0,5,5,1,0,False,402.02,0.0,0.0,0.0,3.0
Karachi,2026-04-14 15:00:00+00:00,3,26.54,81.41,0.09,0.58,103.58,120.24,0.0,0,0.0,15,14,4,1,False,332.44,0.0,0.0,0.0,3.0
Karachi,2026-04-28 05:00:00+00:00,3,32.98,88.88,0.12,0.65,88.23,116.2,0.0,0,0.0,5,28,4,1,False,327.06,0.0,0.0,0.0,3.0
Karachi,2026-04-30 03:00:00+00:00,3,36.99,88.28,0.13,0.79,93.16,117.32,0.0,0,0.0,3,30,4,3,False,336.67,0.0,0.0,0.0,3.0
Karachi,2026-03-11 01:00:00+00:00,3,27.3,62.54,0.08,0.18,71.97,115.74,0.0,0,0.0,1,11,3,2,False,277.81,0.0,0.0,0.0,3.0
Karachi,2026-04-20 15:00:00+00:00,3,33.1,91.65,0.04,0.27,83.29,110.27,0.0,0,0.0,15,20,4,0,False,318.62,0.0,0.0,0.0,3.0
Karachi,2026-02-10 07:00:00+00:00,4,54.36,97.16,0.1,0.35,100.0,208.06,0.0,0,0.0,7,10,2,1,False,460.03,0.0,0.0,0.0,4.0
Karachi,2026-03-21 09:00:00+00:00,3,27.67,74.87,0.07,0.15,64.09,112.83,0.0,0,0.0,9,21,3,5,True,279.68,0.0,0.0,0.0,3.0
Karachi,2026-03-05 17:00:00+00:00,3,26.13,56.79,0.05,0.21,75.34,114.47,0.0,0,0.0,17,5,3,3,False,272.99,0.0,0.0,0.0,3.0
Karachi,2026-01-26 12:00:00+00:00,4,55.33,132.03,1.72,6.07,137.05,349.69,0.0,0,0.0,12,26,1,0,False,681.8900000000001,0.0,0.0,0.0,4.0
Karachi,2026-02-11 03:00:00+00:00,3,33.45,67.67,0.12,0.34,90.3,157.96,0.0,0,0.0,3,11,2,2,False,349.84000000000003,0.0,0.0,0.0,3.0
Karachi,2026-05-03 12:00:00+00:00,3,32.96,82.68,0.09,1.06,100.36,120.61,0.0,0,0.0,12,3,5,6,True,337.76000000000005,0.0,0.0,0.0,3.0
Karachi,2026-01-29 15:00:00+00:00,4,37.57,91.2,0.65,4.85,140.71,246.09,0.0,0,0.0,15,29,1,3,False,521.07,0.0,0.0,1.0,4.0
Karachi,2026-01-22 22:00:00+00:00,3,7.6,30.66,0.39,0.46,113.8,146.61,0.0,0,0.0,22,22,1,3,False,299.52,0.0,0.0,0.0,3.0
Karachi,2026-02-07 13:00:00+00:00,3,47.31,70.43,0.07,0.73,115.36,217.0,0.0,0,0.0,13,7,2,5,True,450.9,0.0,0.0,0.0,3.0
Karachi,2026-01-13 10:00:00+00:00,4,58.85,115.1,2.62,14.69,122.24,295.89,0.0,0,0.0,10,13,1,1,False,609.39,0.0,0.0,0.0,4.0
Karachi,2026-03-15 04:00:00+00:00,3,29.26,80.72,0.11,0.55,95.58,131.43,0.0,0,0.0,4,15,3,6,True,337.65,0.0,0.0,0.0,3.0
Karachi,2026-02-04 15:00:00+00:00,5,0.0,0.0,1.11,6.56,147.57,351.16,0.0,0,0.0,15,4,2,2,False,506.4,0.0,0.0,1.0,5.0
Karachi,2026-01-06 01:00:00+00:00,4,70.91,158.86,2.16,16.29,139.46,363.5,0.0,0,0.0,1,6,1,1,False,751.1800000000001,0.0,0.0,0.0,4.0
Karachi,2026-01-16 09:00:00+00:00,3,18.19,36.11,0.15,0.28,105.28,135.0,0.0,0,0.0,9,16,1,4,False,295.01,0.0,0.0,0.0,3.0
Karachi,2026-01-12 19:00:00+00:00,4,52.5,96.74,1.19,10.71,146.22,255.22,0.0,0,0.0,19,12,1,0,False,562.58,0.0,0.0,0.0,4.0
Karachi,2026-01-23 03:00:00+00:00,3,3.69,18.35,0.3,0.37,115.15,152.97,0.0,0,0.0,3,23,1,4,False,290.83000000000004,0.0,0.0,0.0,3.0
Karachi,2026-03-12 23:00:00+00:00,4,46.44,112.73,0.19,0.25,85.7,123.03,0.0,0,0.0,23,12,3,3,False,368.34000000000003,0.0,0.0,0.0,4.0
Karachi,2026-04-07 06:00:00+00:00,3,13.39,56.86,0.09,0.38,48.27,121.65,0.0,0,0.0,6,7,4,1,False,240.64000000000001,0.0,0.0,0.0,3.0
Karachi,2026-04-25 07:00:00+00:00,3,36.26,87.3,0.12,0.24,47.87,105.49,0.0,0,0.0,7,25,4,5,True,277.28,0.0,0.0,0.0,3.0
Karachi,2026-03-23 07:00:00+00:00,2,15.24,24.15,0.06,0.08,63.57,107.29,0.0,0,0.0,7,23,3,0,False,210.39,0.0,0.0,0.0,2.0
Karachi,2026-04-14 00:00:00+00:00,2,12.25,32.1,0.17,0.37,73.53,118.98,0.0,0,0.0,0,14,4,1,False,237.4,0.0,0.0,0.0,2.0
Karachi,2026-04-17 14:00:00+00:00,3,32.24,88.14,0.05,0.2,78.59,110.58,0.0,0,0.0,14,17,4,4,False,309.8,0.0,0.0,0.0,3.0
Karachi,2026-02-16 20:00:00+00:00,2,16.5,24.23,0.07,0.12,91.59,129.49,0.0,0,0.0,20,16,2,0,False,262.0,0.0,0.0,0.0,2.0
Karachi,2026-04-24 08:00:00+00:00,3,33.52,75.73,0.11,0.29,46.48,105.64,0.0,0,0.0,8,24,4,4,False,261.77,0.0,0.0,0.0,3.0
Karachi,2026-03-02 20:00:00+00:00,3,21.95,54.21,0.11,0.25,115.74,145.9,0.0,0,0.0,20,2,3,0,False,338.15999999999997,0.0,0.0,0.0,3.0
Karachi,2026-03-06 10:00:00+00:00,3,33.94,98.98,0.09,0.69,82.3,116.13,0.0,0,0.0,10,6,3,4,False,332.13,0.0,0.0,0.0,4.0
Karachi,2026-02-01 12:00:00+00:00,3,19.65,53.38,0.54,2.67,110.3,187.28,0.0,0,0.0,12,1,2,6,True,373.82000000000005,0.0,0.0,0.0,3.0
Karachi,2026-05-11 22:00:00+00:00,3,16.7,65.23,0.09,0.35,60.39,87.24,0.0,0,0.0,22,11,5,0,False,230.0,0.0,0.0,-1.0,4.0
Karachi,2026-03-13 04:00:00+00:00,4,58.27,175.48,0.2,0.29,90.57,127.85,0.0,0,0.0,4,13,3,4,False,452.65999999999997,0.0,0.0,0.0,5.0
Karachi,2026-03-30 18:00:00+00:00,3,11.85,37.81,0.24,0.87,126.18,122.79,0.0,0,0.0,18,30,3,0,False,299.74,0.0,0.0,0.0,3.0
Karachi,2026-03-09 04:00:00+00:00,3,20.59,44.19,0.1,0.33,104.84,146.91,0.0,0,0.0,4,9,3,0,False,316.96000000000004,0.0,0.0,0.0,3.0
Karachi,2026-02-02 17:00:00+00:00,5,136.53,282.21,2.09,10.98,192.28,564.53,0.0,0,0.0,17,2,2,0,False,1188.62,0.0,0.0,0.0,5.0
Karachi,2026-05-06 13:00:00+00:00,3,18.51,82.0,0.03,0.28,54.82,111.57,0.0,0,0.0,13,6,5,2,False,267.21000000000004,0.0,0.0,0.0,3.0
Karachi,2026-05-09 04:00:00+00:00,3,15.74,63.31,0.08,0.32,53.96,95.48,0.0,0,0.0,4,9,5,5,True,228.89,0.0,0.0,0.0,3.0
Karachi,2026-02-01 07:00:00+00:00,3,17.11,44.44,0.26,0.8,111.32,163.12,0.0,0,0.0,7,1,2,6,True,337.04999999999995,0.0,0.0,0.0,3.0
Karachi,2026-03-24 06:00:00+00:00,2,14.6,27.72,0.08,0.18,49.31,107.38,0.0,0,0.0,6,24,3,1,False,199.26999999999998,0.0,0.0,0.0,2.0
Karachi,2026-01-27 11:00:00+00:00,3,26.2,59.3,1.42,6.12,129.48,259.73,0.0,0,0.0,11,27,1,1,False,482.25,0.0,0.0,0.0,3.0
Karachi,2026-03-20 08:00:00+00:00,2,18.36,31.05,0.16,0.17,80.94,123.86,0.0,0,0.0,8,20,3,4,False,254.54000000000002,0.0,0.0,0.0,2.0
Karachi,2026-01-04 11:00:00+00:00,3,28.86,51.94,0.69,5.01,116.45,211.22,0.0,0,0.0,11,4,1,6,True,414.16999999999996,0.0,0.0,0.0,3.0
Karachi,2026-01-17 17:00:00+00:00,3,12.52,38.19,0.18,0.52,114.84,121.21,0.0,0,0.0,17,17,1,5,True,287.46,0.0,0.0,0.0,3.0
Karachi,2026-03-21 21:00:00+00:00,3,26.48,70.75,0.08,0.13,63.52,108.94,0.0,0,0.0,21,21,3,5,True,269.9,0.0,0.0,0.0,3.0
Karachi,2026-04-14 07:00:00+00:00,3,15.16,57.2,0.21,0.43,86.72,116.81,0.0,0,0.0,7,14,4,1,False,276.53,0.0,0.0,1.0,3.0
Karachi,2026-03-27 18:00:00+00:00,1,4.04,10.44,0.03,0.11,38.77,95.07,0.0,0,0.0,18,27,3,4,False,148.45999999999998,0.0,0.0,0.0,1.0
Karachi,2026-04-10 00:00:00+00:00,3,23.77,69.91,0.07,0.3,112.4,129.25,0.0,0,0.0,0,10,4,4,False,335.7,0.0,0.0,0.0,3.0
Karachi,2026-02-07 17:00:00+00:00,3,48.46,73.39,0.1,0.56,109.69,214.68,0.0,0,0.0,17,7,2,5,True,446.88,0.0,0.0,0.0,3.0
Karachi,2026-01-30 14:00:00+00:00,4,64.51,140.81,1.27,6.62,150.58,331.58,0.0,0,0.0,14,30,1,4,False,695.37,0.0,0.0,0.0,4.0
Karachi,2026-02-13 14:00:00+00:00,3,41.07,71.49,0.11,0.26,107.31,211.34,0.0,0,0.0,14,13,2,4,False,431.58000000000004,0.0,0.0,0.0,3.0
Karachi,2026-01-05 23:00:00+00:00,4,64.86,133.85,1.57,16.51,149.86,324.28,0.0,0,0.0,23,5,1,0,False,690.93,0.0,0.0,0.0,4.0
Karachi,2026-04-22 21:00:00+00:00,4,31.49,101.28,0.1,0.31,54.12,101.73,0.0,0,0.0,21,22,4,2,False,289.03000000000003,0.0,0.0,0.0,4.0
Karachi,2026-02-20 17:00:00+00:00,5,77.1,147.01,1.81,6.82,180.59,385.9,0.0,0,0.0,17,20,2,4,False,799.23,0.0,0.0,0.0,5.0
Karachi,2026-04-21 09:00:00+00:00,3,31.15,96.05,0.05,0.39,75.48,110.09,0.0,0,0.0,9,21,4,1,False,313.21000000000004,0.0,0.0,0.0,3.0
Karachi,2026-03-16 03:00:00+00:00,2,16.18,43.43,0.15,0.36,99.08,121.67,0.0,0,0.0,3,16,3,0,False,280.87,0.0,0.0,0.0,3.0
Karachi,2026-01-24 17:00:00+00:00,3,19.05,54.61,0.82,3.2,125.81,189.58,0.0,0,0.0,17,24,1,5,True,393.07000000000005,0.0,0.0,0.0,3.0
Karachi,2026-02-16 08:00:00+00:00,2,18.2,28.91,0.05,0.09,93.31,129.31,0.0,0,0.0,8,16,2,0,False,269.87,0.0,0.0,0.0,2.0
Karachi,2026-02-22 05:00:00+00:00,4,52.82,94.29,0.31,3.25,140.38,259.94,0.0,0,0.0,5,22,2,6,True,550.99,0.0,0.0,0.0,3.0
Karachi,2026-03-11 18:00:00+00:00,4,36.95,144.04,0.1,0.37,70.5,129.24,0.0,0,0.0,18,11,3,2,False,381.20000000000005,0.0,0.0,0.0,4.0
Karachi,2026-05-01 12:00:00+00:00,4,39.49,111.81,0.08,0.71,76.05,105.08,0.0,0,0.0,12,1,5,4,False,333.22,0.0,0.0,0.0,4.0
Karachi,2026-04-08 12:00:00+00:00,4,23.53,69.14,0.11,0.79,147.49,131.51,0.0,0,0.0,12,8,4,2,False,372.57,0.0,0.0,0.0,4.0
Karachi,2026-04-12 11:00:00+00:00,4,44.34,130.2,0.13,0.19,90.37,139.25,0.0,0,0.0,11,12,4,6,True,404.48,0.0,0.0,0.0,4.0
Karachi,2026-02-27 17:00:00+00:00,4,36.47,144.77,0.08,0.87,104.45,128.11,0.0,0,0.0,17,27,2,4,False,414.75000000000006,0.0,0.0,0.0,4.0
Karachi,2026-02-04 17:00:00+00:00,5,76.85,153.64,1.62,6.6,156.11,350.65,0.0,0,0.0,17,4,2,2,False,745.47,0.0,0.0,0.0,5.0
Karachi,2026-04-27 06:00:00+00:00,4,37.49,104.23,0.11,0.38,73.77,108.34,0.0,0,0.0,6,27,4,0,False,324.32000000000005,0.0,0.0,0.0,4.0
Karachi,2026-02-26 18:00:00+00:00,3,28.73,71.75,0.07,0.41,91.57,131.25,0.0,0,0.0,18,26,2,3,False,323.78,0.0,0.0,0.0,3.0
Karachi,2026-02-10 14:00:00+00:00,3,39.46,74.46,0.08,0.4,91.29,177.46,0.0,0,0.0,14,10,2,1,False,383.15,0.0,0.0,0.0,3.0
Karachi,2026-05-03 03:00:00+00:00,4,39.49,101.15,0.13,1.2,100.54,119.31,0.0,0,0.0,3,3,5,6,True,361.82,0.0,0.0,0.0,3.0
Karachi,2026-01-05 16:00:00+00:00,4,68.43,136.92,0.88,14.15,148.68,313.41,0.0,0,0.0,16,5,1,0,False,682.47,0.0,0.0,0.0,4.0
Karachi,2026-02-09 15:00:00+00:00,3,35.86,70.73,0.05,0.12,94.22,167.11,0.0,0,0.0,15,9,2,0,False,368.09000000000003,0.0,0.0,0.0,3.0
Karachi,2026-02-06 05:00:00+00:00,5,85.21,149.66,3.24,8.76,122.87,601.49,0.0,0,0.0,5,6,2,4,False,971.23,0.0,0.0,0.0,5.0
Karachi,2026-04-05 16:00:00+00:00,3,19.36,58.44,0.05,0.18,106.98,123.99,0.0,0,0.0,16,5,4,6,True,309.0,0.0,0.0,0.0,3.0
Karachi,2026-04-28 18:00:00+00:00,3,32.06,84.11,0.12,0.66,77.67,114.73,0.0,0,0.0,18,28,4,1,False,309.35,0.0,0.0,0.0,3.0
Karachi,2026-01-24 10:00:00+00:00,3,8.9,34.48,2.01,6.56,104.71,172.0,0.0,0,0.0,10,24,1,5,True,328.65999999999997,0.0,0.0,0.0,3.0
Karachi,2026-02-28 09:00:00+00:00,4,29.79,129.56,0.1,0.44,85.92,124.06,0.0,0,0.0,9,28,2,5,True,369.87,0.0,0.0,0.0,4.0
Karachi,2026-01-30 07:00:00+00:00,4,50.48,125.44,1.73,5.91,118.18,307.05,0.0,0,0.0,7,30,1,4,False,608.79,0.0,0.0,0.0,4.0
Karachi,2026-04-24 10:00:00+00:00,3,32.87,72.65,0.07,0.28,48.52,106.3,0.0,0,0.0,10,24,4,4,False,260.69,0.0,0.0,0.0,3.0
Karachi,2026-01-07 07:00:00+00:00,4,41.73,105.08,1.26,5.59,111.8,227.62,0.0,0,0.0,7,7,1,2,False,493.08,0.0,0.0,0.0,4.0
Karachi,2026-04-30 07:00:00+00:00,3,36.56,90.24,0.14,0.64,89.8,116.61,0.0,0,0.0,7,30,4,3,False,333.99,0.0,0.0,0.0,3.0
Karachi,2026-03-13 06:00:00+00:00,5,70.35,232.43,0.26,0.31,91.05,131.75,0.0,0,0.0,6,13,3,4,False,526.15,0.0,0.0,0.0,5.0
Karachi,2026-04-03 21:00:00+00:00,3,5.16,15.02,0.31,0.33,133.07,130.32,0.0,0,0.0,21,3,4,4,False,284.21,0.0,0.0,0.0,3.0
Karachi,2026-03-30 14:00:00+00:00,3,10.65,36.57,0.14,0.81,124.19,122.39,0.0,0,0.0,14,30,3,0,False,294.75,0.0,0.0,0.0,3.0
Karachi,2026-04-25 22:00:00+00:00,4,36.7,102.82,0.15,0.54,57.83,106.62,0.0,0,0.0,22,25,4,5,True,304.65999999999997,0.0,0.0,0.0,3.0
Karachi,2026-04-02 22:00:00+00:00,1,4.4,10.79,0.1,0.21,43.43,129.13,0.0,0,0.0,22,2,4,3,False,188.06,0.0,0.0,0.0,1.0
Karachi,2026-03-03 03:00:00+00:00,3,23.69,57.87,0.08,0.23,109.38,141.8,0.0,0,0.0,3,3,3,1,False,333.05,0.0,0.0,0.0,3.0
Karachi,2026-04-18 08:00:00+00:00,4,48.24,155.66,0.08,0.21,87.45,115.88,0.0,0,0.0,8,18,4,5,True,407.52000000000004,0.0,0.0,0.0,4.0
Karachi,2026-03-03 10:00:00+00:00,3,21.35,54.63,0.05,0.23,111.12,139.69,0.0,0,0.0,10,3,3,1,False,327.07,0.0,0.0,0.0,3.0
Karachi,2026-04-10 23:00:00+00:00,3,22.24,64.88,0.06,0.15,87.66,127.89,0.0,0,0.0,23,10,4,4,False,302.88,0.0,0.0,0.0,3.0
Karachi,2026-01-14 07:00:00+00:00,4,69.22,122.15,1.13,11.84,121.34,323.35,0.0,0,0.0,7,14,1,2,False,649.03,0.0,0.0,0.0,4.0
Karachi,2026-03-31 04:00:00+00:00,3,8.74,27.48,0.19,0.66,124.34,117.63,0.0,0,0.0,4,31,3,1,False,279.03999999999996,0.0,0.0,0.0,3.0
Karachi,2026-03-23 16:00:00+00:00,1,9.23,13.42,0.03,0.06,51.61,109.47,0.0,0,0.0,16,23,3,0,False,183.82,0.0,0.0,0.0,1.0
Karachi,2026-02-11 19:00:00+00:00,5,107.21,189.48,2.81,8.58,190.9,521.01,0.0,0,0.0,19,11,2,2,False,1019.99,0.0,0.0,0.0,5.0
Karachi,2026-04-13 08:00:00+00:00,3,26.7,86.68,0.2,0.27,79.03,117.29,0.0,0,0.0,8,13,4,0,False,310.17,0.0,0.0,0.0,3.0
Karachi,2026-05-08 15:00:00+00:00,3,14.22,57.15,0.05,0.34,46.94,94.68,0.0,0,0.0,15,8,5,4,False,213.38,0.0,0.0,0.0,3.0
Karachi,2026-04-21 02:00:00+00:00,4,32.62,109.22,0.07,0.3,67.35,110.68,0.0,0,0.0,2,21,4,1,False,320.24,0.0,0.0,0.0,4.0
Karachi,2026-04-11 13:00:00+00:00,3,28.08,77.8,0.06,0.28,100.79,141.28,0.0,0,0.0,13,11,4,5,True,348.28999999999996,0.0,0.0,0.0,3.0
Karachi,2026-01-14 21:00:00+00:00,2,16.14,49.59,0.13,0.29,96.84,147.23,0.0,0,0.0,21,14,1,2,False,310.22,0.0,0.0,-1.0,2.0
Karachi,2026-03-02 13:00:00+00:00,3,22.6,54.96,0.04,0.3,126.08,152.39,0.0,0,0.0,13,2,3,0,False,356.37,0.0,0.0,0.0,3.0
Karachi,2026-02-17 07:00:00+00:00,2,23.0,37.95,0.06,0.14,90.49,140.7,0.0,0,0.0,7,17,2,1,False,292.34,0.0,0.0,0.0,2.0
Karachi,2026-05-09 20:00:00+00:00,3,14.01,50.62,0.08,0.29,58.03,93.61,0.0,0,0.0,20,9,5,5,True,216.64,0.0,0.0,0.0,3.0
Karachi,2026-01-10 12:00:00+00:00,3,33.39,74.47,1.12,6.38,128.68,213.46,0.0,0,0.0,12,10,1,5,True,457.5,0.0,0.0,0.0,3.0
Karachi,2026-04-22 17:00:00+00:00,4,29.5,106.98,0.06,0.3,49.36,99.4,0.0,0,0.0,17,22,4,2,False,285.6,0.0,0.0,0.0,4.0
Karachi,2026-01-26 01:00:00+00:00,3,32.22,78.05,1.53,5.3,125.67,306.29,0.0,0,0.0,1,26,1,0,False,549.06,0.0,0.0,0.0,3.0
Karachi,2026-02-24 00:00:00+00:00,3,37.26,62.81,0.09,0.78,110.37,186.0,0.0,0,0.0,0,24,2,1,False,397.31,0.0,0.0,0.0,3.0
Karachi,2026-03-07 19:00:00+00:00,3,21.59,63.28,0.16,0.49,101.68,133.2,0.0,0,0.0,19,7,3,5,True,320.4,0.0,0.0,0.0,3.0
Karachi,2026-05-03 07:00:00+00:00,3,36.14,90.05,0.15,1.07,102.77,121.2,0.0,0,0.0,7,3,5,6,True,351.38,0.0,0.0,0.0,3.0
Karachi,2026-01-18 16:00:00+00:00,3,15.34,55.31,0.13,0.29,106.83,119.98,0.0,0,0.0,16,18,1,6,True,297.88,0.0,0.0,0.0,3.0
Karachi,2026-02-08 00:00:00+00:00,3,46.77,76.44,0.1,0.28,105.78,207.88,0.0,0,0.0,0,8,2,6,True,437.25,0.0,0.0,0.0,3.0
Karachi,2026-03-26 13:00:00+00:00,2,15.41,32.22,0.03,0.07,59.38,104.22,0.0,0,0.0,13,26,3,3,False,211.32999999999998,0.0,0.0,0.0,2.0
Karachi,2026-02-17 23:00:00+00:00,2,21.11,31.34,0.07,0.17,83.52,137.74,0.0,0,0.0,23,17,2,1,False,273.95000000000005,0.0,0.0,0.0,2.0
Karachi,2026-01-31 04:00:00+00:00,3,39.62,86.8,1.02,6.5,132.3,258.69,0.0,0,0.0,4,31,1,5,True,524.9300000000001,0.0,0.0,0.0,3.0
Karachi,2026-01-19 21:00:00+00:00,3,16.79,51.87,0.14,0.27,106.54,122.3,0.0,0,0.0,21,19,1,0,False,297.91,0.0,0.0,0.0,3.0
Karachi,2026-02-14 13:00:00+00:00,2,21.06,43.53,0.04,0.13,87.79,126.29,0.0,0,0.0,13,14,2,5,True,278.84000000000003,0.0,0.0,0.0,2.0
Karachi,2026-02-28 13:00:00+00:00,4,32.56,137.53,0.04,0.45,87.88,125.22,0.0,0,0.0,13,28,2,5,True,383.67999999999995,0.0,0.0,0.0,4.0
Karachi,2026-03-25 14:00:00+00:00,3,24.03,58.64,0.04,0.1,52.31,107.52,0.0,0,0.0,14,25,3,2,False,242.64,0.0,0.0,0.0,3.0
Karachi,2026-04-19 21:00:00+00:00,3,29.93,79.02,0.13,0.59,109.88,122.93,0.0,0,0.0,21,19,4,6,True,342.48,0.0,0.0,0.0,3.0
Karachi,2026-03-22 04:00:00+00:00,3,23.48,54.14,0.06,0.12,63.7,109.62,0.0,0,0.0,4,22,3,6,True,251.12,0.0,0.0,0.0,3.0
Karachi,2026-01-23 05:00:00+00:00,3,3.95,20.5,0.29,0.33,111.42,156.18,0.0,0,0.0,5,23,1,4,False,292.67,0.0,0.0,0.0,3.0
Karachi,2026-04-18 22:00:00+00:00,4,33.41,104.03,0.1,0.19,99.7,116.02,0.0,0,0.0,22,18,4,5,True,353.45,0.0,0.0,0.0,4.0
Karachi,2026-05-14 05:00:00+00:00,2,9.95,36.55,0.08,0.36,55.15,87.68,0.0,0,0.0,5,14,5,3,False,189.77,0.0,0.0,0.0,2.0
Karachi,2026-03-21 05:00:00+00:00,3,25.81,65.73,0.06,0.17,66.74,117.74,0.0,0,0.0,5,21,3,5,True,276.25,0.0,0.0,0.0,3.0
Karachi,2026-04-15 12:00:00+00:00,3,21.84,65.36,0.09,0.54,113.81,125.4,0.0,0,0.0,12,15,4,2,False,327.04,0.0,0.0,0.0,3.0
Karachi,2026-05-10 13:00:00+00:00,3,15.45,65.14,0.04,0.29,60.28,91.28,0.0,0,0.0,13,10,5,6,True,232.48000000000002,0.0,0.0,0.0,3.0
Karachi,2026-03-19 10:00:00+00:00,3,30.71,64.17,0.12,0.32,87.04,128.65,0.0,0,0.0,10,19,3,3,False,311.01,0.0,0.0,0.0,3.0
Karachi,2026-01-20 11:00:00+00:00,3,15.99,50.08,0.1,0.31,108.46,126.42,0.0,0,0.0,11,20,1,1,False,301.36,0.0,0.0,0.0,3.0
Karachi,2026-02-15 03:00:00+00:00,2,20.63,49.73,0.07,0.09,88.96,125.25,0.0,0,0.0,3,15,2,6,True,284.73,0.0,0.0,0.0,3.0
Karachi,2026-03-08 03:00:00+00:00,3,19.22,47.2,0.12,0.49,113.3,137.1,0.0,0,0.0,3,8,3,6,True,317.42999999999995,0.0,0.0,0.0,3.0
Karachi,2026-05-07 16:00:00+00:00,3,13.66,52.04,0.05,0.33,47.43,95.55,0.0,0,0.0,16,7,5,3,False,209.06,0.0,0.0,0.0,3.0
Karachi,2026-01-17 01:00:00+00:00,3,28.89,75.35,0.18,0.33,104.5,138.39,0.0,0,0.0,1,17,1,5,True,347.64,0.0,0.0,0.0,3.0
Karachi,2026-03-11 11:00:00+00:00,3,24.24,51.75,0.03,0.3,81.36,115.75,0.0,0,0.0,11,11,3,2,False,273.43,0.0,0.0,1.0,3.0
Karachi,2026-01-16 02:00:00+00:00,3,17.11,34.64,0.12,0.24,102.46,132.9,0.0,0,0.0,2,16,1,4,False,287.47,0.0,0.0,0.0,3.0
Karachi,2026-04-16 02:00:00+00:00,3,19.56,63.1,0.18,0.42,112.96,120.71,0.0,0,0.0,2,16,4,3,False,316.93,0.0,0.0,0.0,3.0
Karachi,2026-05-11 11:00:00+00:00,3,15.43,67.26,0.06,0.36,59.01,89.56,0.0,0,0.0,11,11,5,0,False,231.68,0.0,0.0,0.0,3.0
Karachi,2026-02-09 19:00:00+00:00,3,36.56,71.91,0.1,0.16,93.67,165.09,0.0,0,0.0,19,9,2,0,False,367.49,0.0,0.0,0.0,3.0
Karachi,2026-02-01 16:00:00+00:00,3,32.09,70.55,0.46,3.83,125.35,233.71,0.0,0,0.0,16,1,2,6,True,465.99,0.0,0.0,0.0,3.0
Karachi,2026-02-14 06:00:00+00:00,2,23.01,44.88,0.09,0.25,93.94,140.22,0.0,0,0.0,6,14,2,5,True,302.39,0.0,0.0,0.0,2.0
Karachi,2026-02-06 21:00:00+00:00,5,94.22,145.34,1.05,11.26,196.44,459.31,0.0,0,0.0,21,6,2,4,False,907.62,0.0,0.0,0.0,5.0
Karachi,2026-03-09 16:00:00+00:00,2,20.0,45.66,0.05,0.21,94.06,141.71,0.0,0,0.0,16,9,3,0,False,301.69,0.0,0.0,0.0,2.0
Karachi,2026-02-20 03:00:00+00:00,4,51.46,102.63,3.35,9.58,120.69,355.04,0.0,0,0.0,3,20,2,4,False,642.75,0.0,0.0,1.0,4.0
Karachi,2026-04-29 10:00:00+00:00,3,35.56,90.82,0.08,0.48,78.88,124.78,0.0,0,0.0,10,29,4,2,False,330.6,0.0,0.0,0.0,3.0
Karachi,2026-03-02 11:00:00+00:00,3,22.99,55.04,0.05,0.32,132.2,155.36,0.0,0,0.0,11,2,3,0,False,365.96,0.0,0.0,0.0,3.0
Karachi,2026-02-17 05:00:00+00:00,2,22.1,35.72,0.06,0.14,90.87,139.79,0.0,0,0.0,5,17,2,1,False,288.68,0.0,0.0,0.0,2.0
Karachi,2026-04-26 12:00:00+00:00,4,39.62,103.01,0.07,0.33,65.31,108.65,0.0,0,0.0,12,26,4,6,True,316.99,0.0,0.0,0.0,4.0
Karachi,2026-05-09 18:00:00+00:00,3,14.17,52.61,0.06,0.28,55.4,93.03,0.0,0,0.0,18,9,5,5,True,215.55,0.0,0.0,0.0,3.0
Karachi,2026-01-25 09:00:00+00:00,3,25.25,74.91,1.35,3.33,120.6,259.88,0.0,0,0.0,9,25,1,6,True,485.32,0.0,0.0,0.0,3.0
Karachi,2026-03-22 17:00:00+00:00,2,20.08,42.19,0.04,0.07,60.06,107.41,0.0,0,0.0,17,22,3,6,True,229.85,0.0,0.0,0.0,2.0
Karachi,2026-05-02 09:00:00+00:00,4,40.85,104.68,0.13,0.95,89.05,114.47,0.0,0,0.0,9,2,5,5,True,350.13,0.0,0.0,0.0,4.0
Karachi,2026-03-15 08:00:00+00:00,4,40.79,114.44,0.23,0.63,98.16,138.64,0.0,0,0.0,8,15,3,6,True,392.89,0.0,0.0,0.0,4.0
Karachi,2026-03-31 06:00:00+00:00,3,8.71,27.86,0.19,0.68,122.29,117.89,0.0,0,0.0,6,31,3,1,False,277.62,0.0,0.0,0.0,3.0
Karachi,2026-01-03 14:00:00+00:00,4,61.2,105.46,0.54,9.11,136.69,317.73,0.0,0,0.0,14,3,1,5,True,630.73,0.0,0.0,0.0,4.0
Karachi,2026-04-03 02:00:00+00:00,1,6.44,10.91,0.1,0.18,50.07,142.95,0.0,0,0.0,2,3,4,4,False,210.64999999999998,0.0,0.0,0.0,1.0
Karachi,2026-04-10 14:00:00+00:00,3,24.95,68.78,0.08,0.63,95.06,137.2,0.0,0,0.0,14,10,4,4,False,326.7,0.0,0.0,0.0,3.0
Karachi,2026-01-09 11:00:00+00:00,3,35.33,69.7,1.44,7.23,123.29,252.38,0.0,0,0.0,11,9,1,4,False,489.37,0.0,0.0,0.0,3.0
Karachi,2026-02-04 03:00:00+00:00,5,105.87,174.31,2.56,11.2,159.74,586.95,0.0,0,0.0,3,4,2,2,False,1040.63,0.0,0.0,0.0,5.0
Karachi,2026-04-13 10:00:00+00:00,4,32.74,109.24,0.16,0.3,76.15,120.97,0.0,0,0.0,10,13,4,0,False,339.56,0.0,0.0,1.0,4.0
Karachi,2026-01-19 19:00:00+00:00,3,17.34,53.62,0.15,0.27,106.47,122.19,0.0,0,0.0,19,19,1,0,False,300.03999999999996,0.0,0.0,0.0,3.0
Karachi,2026-01-06 13:00:00+00:00,4,73.83,163.75,1.14,7.79,130.92,302.46,0.0,0,0.0,13,6,1,1,False,679.8899999999999,0.0,0.0,0.0,4.0
Karachi,2026-04-19 07:00:00+00:00,3,32.82,98.54,0.09,0.31,105.09,118.85,0.0,0,0.0,7,19,4,6,True,355.70000000000005,0.0,0.0,-1.0,3.0
Karachi,2026-03-23 23:00:00+00:00,2,10.01,17.37,0.07,0.13,48.81,107.46,0.0,0,0.0,23,23,3,0,False,183.85,0.0,0.0,1.0,2.0
Karachi,2026-01-22 15:00:00+00:00,2,15.59,33.27,0.1,0.57,96.4,118.62,0.0,0,0.0,15,22,1,3,False,264.55,0.0,0.0,0.0,2.0
Karachi,2026-04-16 09:00:00+00:00,4,28.39,107.37,0.11,0.33,82.35,115.04,0.0,0,0.0,9,16,4,3,False,333.59000000000003,0.0,0.0,0.0,4.0
Karachi,2026-02-11 17:00:00+00:00,5,111.58,207.01,2.01,8.27,194.5,514.8,0.0,0,0.0,17,11,2,2,False,1038.1699999999998,0.0,0.0,0.0,5.0
Karachi,2026-04-13 12:00:00+00:00,4,34.68,106.56,0.12,0.32,74.25,124.43,0.0,0,0.0,12,13,4,0,False,340.36,0.0,0.0,0.0,3.0
Karachi,2026-03-28 12:00:00+00:00,1,5.39,16.84,0.12,0.27,51.08,101.1,0.0,0,0.0,12,28,3,5,True,174.8,0.0,0.0,0.0,1.0
Karachi,2026-05-04 02:00:00+00:00,4,38.42,113.28,0.12,0.77,105.69,124.78,0.0,0,0.0,2,4,5,0,False,383.05999999999995,0.0,0.0,0.0,4.0
Karachi,2026-01-06 15:00:00+00:00,4,64.59,138.15,0.85,7.21,136.61,274.35,0.0,0,0.0,15,6,1,1,False,621.76,0.0,0.0,0.0,4.0
Karachi,2026-02-24 14:00:00+00:00,3,33.8,89.63,0.05,0.34,93.34,165.13,0.0,0,0.0,14,24,2,1,False,382.28999999999996,0.0,0.0,0.0,3.0
Karachi,2026-01-16 23:00:00+00:00,3,28.71,72.39,0.18,0.34,105.79,137.43,0.0,0,0.0,23,16,1,4,False,344.84000000000003,0.0,0.0,0.0,3.0
Karachi,2026-02-25 15:00:00+00:00,3,32.14,80.21,0.04,0.27,90.11,145.29,0.0,0,0.0,15,25,2,2,False,348.05999999999995,0.0,0.0,0.0,3.0
Karachi,2026-03-18 05:00:00+00:00,3,33.87,84.93,0.1,0.42,72.61,121.58,0.0,0,0.0,5,18,3,2,False,313.51,0.0,0.0,0.0,3.0
Karachi,2026-03-06 22:00:00+00:00,4,38.43,110.69,0.13,0.43,77.66,116.18,0.0,0,0.0,22,6,3,4,False,343.52,0.0,0.0,0.0,4.0
Karachi,2026-03-17 06:00:00+00:00,3,29.5,89.36,0.1,0.4,76.36,116.95,0.0,0,0.0,6,17,3,1,False,312.67,0.0,0.0,0.0,3.0
Karachi,2026-05-12 17:00:00+00:00,3,24.92,87.54,0.06,0.39,69.11,96.11,0.0,0,0.0,17,12,5,1,False,278.13,0.0,0.0,0.0,3.0
Karachi,2026-04-05 23:00:00+00:00,3,23.55,77.65,0.08,0.22,100.68,126.79,0.0,0,0.0,23,5,4,6,True,328.97,0.0,0.0,0.0,3.0
Karachi,2026-03-25 16:00:00+00:00,3,26.14,67.08,0.04,0.08,52.17,107.73,0.0,0,0.0,16,25,3,2,False,253.24,0.0,0.0,0.0,3.0
Karachi,2026-01-07 13:00:00+00:00,4,60.64,135.81,1.23,6.35,131.01,279.27,0.0,0,0.0,13,7,1,2,False,614.31,0.0,0.0,0.0,4.0
Karachi,2026-03-31 13:00:00+00:00,3,8.99,26.5,0.13,0.67,117.59,118.24,0.0,0,0.0,13,31,3,1,False,272.12,0.0,0.0,0.0,3.0
Karachi,2026-04-05 00:00:00+00:00,3,7.14,20.41,0.16,0.24,124.64,128.24,0.0,0,0.0,0,5,4,6,True,280.83000000000004,0.0,0.0,0.0,3.0
Karachi,2026-01-03 21:00:00+00:00,3,49.58,79.79,0.36,4.13,127.36,258.13,0.0,0,0.0,21,3,1,5,True,519.35,0.0,0.0,-1.0,3.0
Karachi,2026-04-19 00:00:00+00:00,4,34.15,104.47,0.09,0.21,98.47,116.41,0.0,0,0.0,0,19,4,6,True,353.8,0.0,0.0,0.0,4.0
Karachi,2026-01-22 08:00:00+00:00,2,12.76,33.9,0.1,0.31,97.57,113.83,0.0,0,0.0,8,22,1,3,False,258.46999999999997,0.0,0.0,0.0,2.0
Karachi,2026-02-06 19:00:00+00:00,5,107.3,168.76,1.74,12.29,208.86,534.32,0.0,0,0.0,19,6,2,4,False,1033.27,0.0,0.0,0.0,5.0
Karachi,2026-01-17 21:00:00+00:00,3,11.22,34.29,0.2,0.61,114.7,124.09,0.0,0,0.0,21,17,1,5,True,285.11,0.0,0.0,0.0,3.0
Karachi,2026-04-29 08:00:00+00:00,3,35.52,91.01,0.12,0.48,79.21,124.48,0.0,0,0.0,8,29,4,2,False,330.82,0.0,0.0,0.0,3.0
Karachi,2026-02-12 16:00:00+00:00,5,107.77,181.49,1.58,8.95,200.75,513.1,0.0,0,0.0,16,12,2,3,False,1013.64,0.0,0.0,0.0,5.0
Karachi,2026-01-28 05:00:00+00:00,3,7.05,16.97,0.37,0.57,112.93,185.2,0.0,0,0.0,5,28,1,2,False,323.09000000000003,0.0,0.0,0.0,3.0
Karachi,2026-05-05 05:00:00+00:00,3,33.78,88.66,0.08,0.49,94.87,124.8,0.0,0,0.0,5,5,5,1,False,342.68,0.0,0.0,0.0,3.0
Karachi,2026-04-05 02:00:00+00:00,3,8.21,24.21,0.14,0.26,123.15,126.91,0.0,0,0.0,2,5,4,6,True,282.88,0.0,0.0,0.0,3.0
Karachi,2026-04-15 10:00:00+00:00,3,21.61,63.91,0.12,0.58,117.9,125.82,0.0,0,0.0,10,15,4,2,False,329.94,0.0,0.0,0.0,3.0
Karachi,2026-05-10 17:00:00+00:00,3,14.4,58.42,0.04,0.28,57.63,90.48,0.0,0,0.0,17,10,5,6,True,221.25,0.0,0.0,0.0,3.0
Karachi,2026-04-02 04:00:00+00:00,3,13.38,34.04,0.1,0.22,101.58,119.98,0.0,0,0.0,4,2,4,3,False,269.3,0.0,0.0,0.0,3.0
Karachi,2026-02-05 22:00:00+00:00,5,80.33,143.14,1.73,7.31,157.64,412.89,0.0,0,0.0,22,5,2,3,False,803.04,0.0,0.0,0.0,5.0
Karachi,2026-01-09 09:00:00+00:00,3,34.04,67.18,1.72,7.37,117.81,261.64,0.0,0,0.0,9,9,1,4,False,489.76,0.0,0.0,0.0,3.0
Karachi,2026-04-08 21:00:00+00:00,4,27.51,85.23,0.19,0.82,143.5,137.3,0.0,0,0.0,21,8,4,2,False,394.55,0.0,0.0,0.0,4.0
Karachi,2026-03-13 13:00:00+00:00,4,54.91,161.33,0.14,0.29,84.72,128.34,0.0,0,0.0,13,13,3,4,False,429.73,0.0,0.0,0.0,4.0
Karachi,2026-01-12 05:00:00+00:00,4,50.03,97.7,1.54,8.66,123.09,271.64,0.0,0,0.0,5,12,1,0,False,552.66,0.0,0.0,1.0,4.0
Karachi,2026-01-28 03:00:00+00:00,3,8.44,18.47,0.3,0.61,116.88,190.03,0.0,0,0.0,3,28,1,2,False,334.73,0.0,0.0,0.0,3.0
Karachi,2026-04-01 07:00:00+00:00,3,9.58,27.61,0.12,0.34,114.87,115.93,0.0,0,0.0,7,1,4,2,False,268.45000000000005,0.0,0.0,0.0,3.0
Karachi,2026-02-07 19:00:00+00:00,3,48.65,75.06,0.14,0.46,108.13,214.62,0.0,0,0.0,19,7,2,5,True,447.06,0.0,0.0,0.0,3.0
Karachi,2026-01-20 18:00:00+00:00,3,15.96,47.06,0.1,0.25,103.63,123.59,0.0,0,0.0,18,20,1,1,False,290.59000000000003,0.0,0.0,0.0,3.0
Karachi,2026-04-24 17:00:00+00:00,3,32.92,67.02,0.07,0.29,48.2,106.71,0.0,0,0.0,17,24,4,4,False,255.20999999999998,0.0,0.0,0.0,3.0
Karachi,2026-02-18 03:00:00+00:00,3,25.35,46.15,1.39,4.94,87.53,182.74,0.0,0,0.0,3,18,2,2,False,348.1,0.0,0.0,1.0,3.0
Karachi,2026-05-06 22:00:00+00:00,3,15.77,71.28,0.09,0.28,45.66,100.67,0.0,0,0.0,22,6,5,2,False,233.75,0.0,0.0,0.0,3.0
Karachi,2026-04-02 03:00:00+00:00,3,13.84,38.47,0.1,0.24,101.38,119.3,0.0,0,0.0,3,2,4,3,False,273.33,0.0,0.0,0.0,3.0
Karachi,2026-02-15 05:00:00+00:00,3,21.7,53.12,0.06,0.09,88.57,127.39,0.0,0,0.0,5,15,2,6,True,290.93,0.0,0.0,0.0,2.0
Karachi,2026-03-25 18:00:00+00:00,3,28.84,78.14,0.07,0.07,53.72,108.15,0.0,0,0.0,18,25,3,2,False,268.99,0.0,0.0,0.0,3.0
Karachi,2026-02-28 11:00:00+00:00,4,31.16,134.75,0.06,0.45,88.16,124.85,0.0,0,0.0,11,28,2,5,True,379.42999999999995,0.0,0.0,0.0,4.0
Karachi,2026-05-07 18:00:00+00:00,3,13.79,53.09,0.07,0.33,49.04,95.48,0.0,0,0.0,18,7,5,3,False,211.8,0.0,0.0,0.0,3.0
Karachi,2026-03-10 19:00:00+00:00,3,26.95,70.24,0.11,0.23,76.67,120.31,0.0,0,0.0,19,10,3,1,False,294.51,0.0,0.0,0.0,3.0
Karachi,2026-02-25 13:00:00+00:00,3,32.41,83.38,0.04,0.29,91.95,147.31,0.0,0,0.0,13,25,2,2,False,355.38,0.0,0.0,0.0,3.0
Karachi,2026-01-30 21:00:00+00:00,4,50.85,99.63,0.71,5.61,150.86,288.41,0.0,0,0.0,21,30,1,4,False,596.07,0.0,0.0,0.0,4.0
Karachi,2026-01-25 07:00:00+00:00,3,26.16,79.9,0.99,3.34,119.58,263.4,0.0,0,0.0,7,25,1,6,True,493.37,0.0,0.0,0.0,3.0
Karachi,2026-01-14 00:00:00+00:00,4,65.61,122.9,1.47,11.6,137.13,293.64,0.0,0,0.0,0,14,1,2,False,632.3499999999999,0.0,0.0,0.0,4.0
Karachi,2026-05-02 07:00:00+00:00,4,41.32,105.95,0.14,0.96,91.14,114.2,0.0,0,0.0,7,2,5,5,True,353.71,0.0,0.0,0.0,4.0
Karachi,2026-02-13 12:00:00+00:00,3,45.89,78.76,0.14,0.32,112.39,234.54,0.0,0,0.0,12,13,2,4,False,472.03999999999996,0.0,0.0,0.0,3.0
Karachi,2026-04-21 00:00:00+00:00,4,33.23,111.51,0.08,0.26,66.48,110.01,0.0,0,0.0,0,21,4,1,False,321.57,0.0,0.0,0.0,4.0
Karachi,2026-01-07 11:00:00+00:00,4,56.24,136.48,1.89,5.97,118.77,270.64,0.0,0,0.0,11,7,1,2,False,589.99,0.0,0.0,0.0,4.0
Karachi,2026-03-20 04:00:00+00:00,2,20.13,34.2,0.16,0.23,80.29,124.6,0.0,0,0.0,4,20,3,4,False,259.61,0.0,0.0,0.0,2.0
Karachi,2026-01-17 19:00:00+00:00,3,10.84,33.01,0.22,0.55,115.28,122.9,0.0,0,0.0,19,17,1,5,True,282.79999999999995,0.0,0.0,0.0,3.0
Karachi,2026-04-07 22:00:00+00:00,3,23.46,81.52,0.22,0.81,93.46,124.29,0.0,0,0.0,22,7,4,1,False,323.76,0.0,0.0,0.0,3.0
Karachi,2026-05-14 12:00:00+00:00,2,7.79,39.11,0.04,0.35,44.08,74.84,0.0,0,0.0,12,14,5,3,False,166.21,0.0,0.0,0.0,2.0
Karachi,2026-05-03 05:00:00+00:00,3,37.81,94.79,0.12,1.08,100.57,120.59,0.0,0,0.0,5,3,5,6,True,354.96000000000004,0.0,0.0,0.0,3.0
Karachi,2026-02-21 00:00:00+00:00,4,52.36,101.84,4.54,8.64,131.12,413.33,0.0,0,0.0,0,21,2,5,True,711.8299999999999,0.0,0.0,0.0,4.0
Karachi,2026-02-09 17:00:00+00:00,3,35.11,70.07,0.07,0.14,93.39,163.09,0.0,0,0.0,17,9,2,0,False,361.87,0.0,0.0,0.0,3.0
Karachi,2026-03-07 00:00:00+00:00,4,36.08,102.74,0.13,0.44,79.63,117.36,0.0,0,0.0,0,7,3,5,True,336.38,0.0,0.0,0.0,3.0
Karachi,2026-05-13 13:00:00+00:00,3,20.94,67.07,0.07,0.54,77.86,97.79,0.0,0,0.0,13,13,5,2,False,264.27,0.0,0.0,0.0,3.0
Karachi,2026-03-28 15:00:00+00:00,1,5.15,15.52,0.09,0.23,51.21,101.77,0.0,0,0.0,15,28,3,5,True,173.97,0.0,0.0,0.0,1.0
Karachi,2026-02-20 01:00:00+00:00,3,48.32,94.16,4.15,8.71,118.34,360.04,0.0,0,0.0,1,20,2,4,False,633.72,0.0,0.0,0.0,3.0
Karachi,2026-03-17 08:00:00+00:00,3,28.4,84.36,0.12,0.37,75.26,116.25,0.0,0,0.0,8,17,3,1,False,304.76,0.0,0.0,0.0,3.0
Karachi,2026-03-06 01:00:00+00:00,3,25.12,51.51,0.08,0.28,76.09,114.32,0.0,0,0.0,1,6,3,4,False,267.4,0.0,0.0,0.0,3.0
Karachi,2026-01-14 23:00:00+00:00,2,14.29,46.06,0.11,0.13,95.93,140.74,0.0,0,0.0,23,14,1,2,False,297.26,0.0,0.0,0.0,2.0
Karachi,2026-03-27 16:00:00+00:00,1,4.02,9.58,0.02,0.08,38.42,96.99,0.0,0,0.0,16,27,3,4,False,149.11,0.0,0.0,0.0,1.0
Karachi,2026-04-21 23:00:00+00:00,3,22.67,81.64,0.08,0.2,48.09,97.94,0.0,0,0.0,23,21,4,1,False,250.62,0.0,0.0,0.0,3.0
Karachi,2026-04-10 16:00:00+00:00,3,23.64,65.43,0.06,0.36,90.67,131.42,0.0,0,0.0,16,10,4,4,False,311.58000000000004,0.0,0.0,0.0,3.0
Karachi,2026-01-15 08:00:00+00:00,2,12.67,31.35,0.1,0.13,98.38,133.39,0.0,0,0.0,8,15,1,3,False,276.02,0.0,0.0,0.0,2.0
Karachi,2026-05-06 09:00:00+00:00,3,19.73,88.21,0.06,0.24,56.24,114.31,0.0,0,0.0,9,6,5,2,False,278.78999999999996,0.0,0.0,0.0,3.0
Karachi,2026-02-16 13:00:00+00:00,2,15.36,22.77,0.02,0.09,92.06,124.51,0.0,0,0.0,13,16,2,0,False,254.81,0.0,0.0,0.0,2.0
Karachi,2026-05-04 07:00:00+00:00,3,31.45,87.4,0.32,0.56,109.0,129.36,0.0,0,0.0,7,4,5,0,False,358.09000000000003,0.0,0.0,0.0,3.0
Karachi,2026-04-11 11:00:00+00:00,3,28.39,80.15,0.06,0.32,108.17,144.14,0.0,0,0.0,11,11,4,5,True,361.23,0.0,0.0,0.0,3.0
Karachi,2026-03-02 09:00:00+00:00,3,23.66,55.81,0.08,0.34,134.26,156.4,0.0,0,0.0,9,2,3,0,False,370.54999999999995,0.0,0.0,0.0,3.0
Karachi,2026-04-05 01:00:00+00:00,3,7.57,21.89,0.15,0.25,124.05,127.55,0.0,0,0.0,1,5,4,6,True,281.46,0.0,0.0,0.0,3.0
Karachi,2026-02-01 23:00:00+00:00,3,10.7,36.07,0.18,0.39,100.79,138.5,0.0,0,0.0,23,1,2,6,True,286.63,0.0,0.0,0.0,2.0
Karachi,2026-02-08 11:00:00+00:00,4,51.22,98.94,0.08,0.18,99.38,214.13,0.0,0,0.0,11,8,2,6,True,463.93,0.0,0.0,0.0,4.0
Karachi,2026-01-18 02:00:00+00:00,3,9.0,28.94,0.17,0.64,112.04,119.25,0.0,0,0.0,2,18,1,6,True,270.04,0.0,0.0,0.0,3.0
Karachi,2026-02-16 10:00:00+00:00,2,17.13,26.7,0.04,0.09,94.18,127.31,0.0,0,0.0,10,16,2,0,False,265.45000000000005,0.0,0.0,0.0,2.0
Karachi,2026-02-10 19:00:00+00:00,3,32.63,64.09,0.17,0.42,92.71,160.66,0.0,0,0.0,19,10,2,1,False,350.67999999999995,0.0,0.0,0.0,3.0
Karachi,2026-01-15 11:00:00+00:00,2,12.83,30.36,0.07,0.13,98.13,132.55,0.0,0,0.0,11,15,1,3,False,274.07,0.0,0.0,0.0,2.0
Karachi,2026-01-23 10:00:00+00:00,3,4.35,22.8,0.35,0.45,104.79,147.4,0.0,0,0.0,10,23,1,4,False,280.14,0.0,0.0,0.0,3.0
Karachi,2026-05-06 12:00:00+00:00,3,18.85,84.06,0.03,0.27,55.71,112.76,0.0,0,0.0,12,6,5,2,False,271.68,0.0,0.0,0.0,3.0
Karachi,2026-05-04 10:00:00+00:00,3,29.4,87.89,0.23,0.43,111.58,123.97,0.0,0,0.0,10,4,5,0,False,353.5,0.0,0.0,0.0,3.0
Karachi,2026-01-21 08:00:00+00:00,3,14.69,40.95,0.09,0.25,103.28,120.97,0.0,0,0.0,8,21,1,2,False,280.23,0.0,0.0,0.0,3.0
Karachi,2026-05-12 09:00:00+00:00,3,20.58,83.07,0.11,0.39,62.87,90.55,0.0,0,0.0,9,12,5,1,False,257.57,0.0,0.0,0.0,3.0
Karachi,2026-01-29 07:00:00+00:00,3,31.44,74.65,1.77,10.5,122.43,292.97,0.0,0,0.0,7,29,1,3,False,533.76,0.0,0.0,0.0,3.0
Karachi,2026-04-19 13:00:00+00:00,3,33.47,92.85,0.05,0.41,102.58,121.91,0.0,0,0.0,13,19,4,6,True,351.27,0.0,0.0,0.0,3.0
Karachi,2026-03-10 11:00:00+00:00,3,23.56,64.99,0.06,0.32,91.63,121.42,0.0,0,0.0,11,10,3,1,False,301.98,0.0,0.0,0.0,3.0
Karachi,2026-03-02 12:00:00+00:00,3,22.77,54.96,0.04,0.31,129.53,153.74,0.0,0,0.0,12,2,3,0,False,361.35,0.0,0.0,0.0,3.0
Karachi,2026-01-07 09:00:00+00:00,4,46.72,118.19,1.85,5.52,112.55,238.91,0.0,0,0.0,9,7,1,2,False,523.74,0.0,0.0,0.0,4.0
Karachi,2026-03-08 09:00:00+00:00,3,20.3,45.36,0.12,0.47,115.77,147.09,0.0,0,0.0,9,8,3,6,True,329.11,0.0,0.0,0.0,3.0
Karachi,2026-04-16 22:00:00+00:00,3,28.71,77.96,0.13,0.21,85.02,116.74,0.0,0,0.0,22,16,4,3,False,308.77,0.0,0.0,0.0,3.0
Karachi,2026-04-30 12:00:00+00:00,3,37.02,98.65,0.07,0.4,67.38,112.66,0.0,0,0.0,12,30,4,3,False,316.18,0.0,0.0,0.0,3.0
Karachi,2026-04-22 19:00:00+00:00,4,30.89,106.26,0.1,0.31,51.92,100.7,0.0,0,0.0,19,22,4,2,False,290.18,0.0,0.0,0.0,4.0
Karachi,2026-01-29 23:00:00+00:00,4,50.61,108.93,1.95,8.63,141.15,332.95,0.0,0,0.0,23,29,1,3,False,644.22,0.0,0.0,0.0,4.0
Karachi,2026-03-05 22:00:00+00:00,3,26.2,54.32,0.08,0.24,74.97,114.89,0.0,0,0.0,22,5,3,3,False,270.7,0.0,0.0,0.0,3.0
Karachi,2026-04-16 13:00:00+00:00,3,28.22,91.04,0.05,0.24,74.62,113.26,0.0,0,0.0,13,16,4,3,False,307.43,0.0,0.0,0.0,3.0
Karachi,2026-04-08 20:00:00+00:00,4,27.56,85.48,0.21,0.82,143.71,137.08,0.0,0,0.0,20,8,4,2,False,394.86,0.0,0.0,0.0,4.0
Karachi,2026-02-27 12:00:00+00:00,4,29.26,112.31,0.05,0.64,98.23,125.09,0.0,0,0.0,12,27,2,4,False,365.58000000000004,0.0,0.0,0.0,4.0
Karachi,2026-04-22 10:00:00+00:00,3,24.61,91.52,0.05,0.23,51.91,98.65,0.0,0,0.0,10,22,4,2,False,266.97,0.0,0.0,0.0,3.0
Karachi,2026-01-29 10:00:00+00:00,3,29.15,73.81,2.13,7.44,117.04,260.76,0.0,0,0.0,10,29,1,3,False,490.33,0.0,0.0,0.0,3.0
Karachi,2026-02-04 22:00:00+00:00,4,65.96,121.22,3.07,7.31,140.15,382.52,0.0,0,0.0,22,4,2,2,False,720.23,0.0,0.0,0.0,4.0
Karachi,2026-05-01 10:00:00+00:00,4,37.72,108.53,0.11,0.67,74.66,104.49,0.0,0,0.0,10,1,5,4,False,326.18,0.0,0.0,0.0,4.0
Karachi,2026-03-22 02:00:00+00:00,3,23.91,56.51,0.06,0.13,64.24,109.63,0.0,0,0.0,2,22,3,6,True,254.48,0.0,0.0,0.0,3.0
Karachi,2026-03-14 09:00:00+00:00,4,48.57,129.81,0.12,0.33,89.03,123.37,0.0,0,0.0,9,14,3,5,True,391.23,0.0,0.0,0.0,4.0
Karachi,2026-05-15 00:00:00+00:00,2,7.58,45.48,0.08,0.33,32.24,71.15,0.0,0,0.0,0,15,5,4,False,156.86,0.0,0.0,0.0,
Karachi,2026-03-27 23:00:00+00:00,1,4.26,10.97,0.06,0.16,42.4,89.0,0.0,0,0.0,23,27,3,4,False,146.85,0.0,0.0,0.0,1.0
Karachi,2026-03-20 06:00:00+00:00,2,19.08,32.34,0.14,0.19,80.52,124.03,0.0,0,0.0,6,20,3,4,False,256.29999999999995,0.0,0.0,0.0,2.0
Karachi,2026-03-05 09:00:00+00:00,2,21.87,46.32,0.06,0.21,90.45,117.5,0.0,0,0.0,9,5,3,3,False,276.40999999999997,0.0,0.0,0.0,2.0
Karachi,2026-04-30 21:00:00+00:00,4,36.84,100.28,0.14,0.56,69.4,108.81,0.0,0,0.0,21,30,4,3,False,316.03,0.0,0.0,1.0,4.0
Karachi,2026-03-14 00:00:00+00:00,4,55.2,159.86,0.18,0.35,92.88,122.62,0.0,0,0.0,0,14,3,5,True,431.09000000000003,0.0,0.0,0.0,4.0
Karachi,2026-03-19 21:00:00+00:00,2,21.63,35.3,0.3,0.5,79.39,125.43,0.0,0,0.0,21,19,3,3,False,262.55,0.0,0.0,0.0,2.0
Karachi,2026-04-24 15:00:00+00:00,3,32.96,67.82,0.06,0.29,46.82,106.7,0.0,0,0.0,15,24,4,4,False,254.65000000000003,0.0,0.0,0.0,3.0
Karachi,2026-04-13 09:00:00+00:00,3,29.73,99.03,0.19,0.28,77.15,118.95,0.0,0,0.0,9,13,4,0,False,325.33,0.0,0.0,0.0,4.0
Karachi,2026-05-04 01:00:00+00:00,4,37.97,110.6,0.13,0.84,106.33,125.12,0.0,0,0.0,1,4,5,0,False,380.99,0.0,0.0,0.0,4.0
Karachi,2026-05-12 00:00:00+00:00,3,17.34,68.86,0.08,0.36,62.92,87.54,0.0,0,0.0,0,12,5,1,False,237.10000000000002,0.0,0.0,-1.0,3.0
Karachi,2026-02-22 04:00:00+00:00,4,53.99,96.18,0.35,3.57,143.09,265.49,0.0,0,0.0,4,22,2,6,True,562.6700000000001,0.0,0.0,0.0,4.0
Karachi,2026-01-01 03:00:00+00:00,3,13.5,63.68,0.31,0.46,104.77,126.95,0.0,0,0.0,3,1,1,3,False,309.67,0.0,0.0,0.0,3.0
Karachi,2026-01-26 10:00:00+00:00,4,50.41,129.2,1.92,5.63,128.94,343.4,0.0,0,0.0,10,26,1,0,False,659.5,0.0,0.0,0.0,4.0
Karachi,2026-02-16 19:00:00+00:00,2,15.86,23.22,0.07,0.12,91.21,127.48,0.0,0,0.0,19,16,2,0,False,257.96,0.0,0.0,0.0,2.0
Karachi,2026-04-28 01:00:00+00:00,3,31.67,82.81,0.14,0.66,85.27,112.76,0.0,0,0.0,1,28,4,1,False,313.31,0.0,0.0,0.0,3.0
Karachi,2026-02-08 05:00:00+00:00,3,49.17,86.98,0.09,0.22,102.9,211.1,0.0,0,0.0,5,8,2,6,True,450.46000000000004,0.0,0.0,0.0,3.0
Karachi,2026-04-13 06:00:00+00:00,3,22.01,63.42,0.12,0.25,83.93,114.02,0.0,0,0.0,6,13,4,0,False,283.75,0.0,0.0,0.0,3.0
Karachi,2026-01-12 11:00:00+00:00,3,48.45,90.69,1.71,8.2,130.46,262.96,0.0,0,0.0,11,12,1,0,False,542.47,0.0,0.0,0.0,3.0
Karachi,2026-04-11 04:00:00+00:00,3,20.7,65.22,0.07,0.26,103.51,131.29,0.0,0,0.0,4,11,4,5,True,321.04999999999995,0.0,0.0,0.0,3.0
Karachi,2026-02-22 01:00:00+00:00,4,58.38,106.84,0.49,4.19,151.07,291.31,0.0,0,0.0,1,22,2,6,True,612.28,0.0,0.0,0.0,4.0
Karachi,2026-04-02 14:00:00+00:00,2,6.21,10.18,0.08,0.16,73.7,113.08,0.0,0,0.0,14,2,4,3,False,203.41,0.0,0.0,0.0,2.0
Karachi,2026-02-05 04:00:00+00:00,4,52.47,119.38,2.71,7.29,108.01,336.43,0.0,0,0.0,4,5,2,3,False,626.29,0.0,0.0,0.0,4.0
Karachi,2026-04-27 21:00:00+00:00,3,28.36,74.83,0.13,0.48,74.65,106.23,0.0,0,0.0,21,27,4,0,False,284.68,0.0,0.0,0.0,3.0
Karachi,2026-01-21 02:00:00+00:00,3,15.28,43.88,0.09,0.21,103.03,121.79,0.0,0,0.0,2,21,1,2,False,284.28000000000003,0.0,0.0,0.0,3.0
Karachi,2026-03-08 18:00:00+00:00,3,20.03,42.9,0.1,0.36,101.64,146.63,0.0,0,0.0,18,8,3,6,True,311.65999999999997,0.0,0.0,0.0,3.0
Karachi,2026-02-19 10:00:00+00:00,3,41.15,88.91,2.39,6.82,119.98,283.36,0.0,0,0.0,10,19,2,3,False,542.61,0.0,0.0,0.0,4.0
Karachi,2026-03-16 17:00:00+00:00,3,25.49,83.47,0.07,0.35,79.16,124.08,0.0,0,0.0,17,16,3,0,False,312.61999999999995,0.0,0.0,0.0,3.0
Karachi,2026-01-15 17:00:00+00:00,2,13.2,28.27,0.08,0.15,96.08,129.6,0.0,0,0.0,17,15,1,3,False,267.38,0.0,0.0,0.0,2.0
Karachi,2026-02-04 13:00:00+00:00,4,71.52,156.66,1.44,5.92,131.91,369.93,0.0,0,0.0,13,4,2,2,False,737.38,0.0,0.0,0.0,4.0
Karachi,2026-01-23 16:00:00+00:00,3,4.17,17.42,0.18,0.2,106.75,127.86,0.0,0,0.0,16,23,1,4,False,256.58,0.0,0.0,0.0,3.0
Karachi,2026-04-02 01:00:00+00:00,3,13.77,41.0,0.11,0.24,100.42,118.25,0.0,0,0.0,1,2,4,3,False,273.78999999999996,0.0,0.0,0.0,3.0
Karachi,2026-04-13 22:00:00+00:00,2,12.89,33.91,0.17,0.37,71.37,118.09,0.0,0,0.0,22,13,4,0,False,236.8,0.0,0.0,0.0,2.0
Karachi,2026-05-12 15:00:00+00:00,3,24.07,82.3,0.05,0.36,69.27,96.11,0.0,0,0.0,15,12,5,1,False,272.16,0.0,0.0,0.0,3.0
Karachi,2026-02-05 11:00:00+00:00,4,59.14,134.35,2.38,6.21,118.21,313.28,0.0,0,0.0,11,5,2,3,False,633.5699999999999,0.0,0.0,0.0,4.0
Karachi,2026-01-07 03:00:00+00:00,3,37.38,91.26,1.31,6.08,112.86,224.4,0.0,0,0.0,3,7,1,2,False,473.2900000000001,0.0,0.0,0.0,3.0
Karachi,2026-03-02 18:00:00+00:00,3,21.9,54.0,0.08,0.25,116.83,147.1,0.0,0,0.0,18,2,3,0,False,340.15999999999997,0.0,0.0,0.0,3.0
Karachi,2026-01-15 02:00:00+00:00,2,13.15,39.74,0.1,0.1,96.09,137.87,0.0,0,0.0,2,15,1,3,False,287.05,0.0,0.0,0.0,2.0
Karachi,2026-02-07 22:00:00+00:00,3,47.6,75.96,0.12,0.33,106.45,211.02,0.0,0,0.0,22,7,2,5,True,441.48,0.0,0.0,0.0,3.0
Karachi,2026-04-24 21:00:00+00:00,3,33.71,68.54,0.12,0.26,49.74,106.54,0.0,0,0.0,21,24,4,4,False,258.91,0.0,0.0,0.0,3.0
Karachi,2026-04-22 13:00:00+00:00,3,26.2,97.38,0.04,0.25,50.06,98.23,0.0,0,0.0,13,22,4,2,False,272.16,0.0,0.0,0.0,4.0
Karachi,2026-04-17 04:00:00+00:00,3,35.48,83.86,0.1,0.22,81.64,113.12,0.0,0,0.0,4,17,4,4,False,314.42,0.0,0.0,0.0,3.0
Karachi,2026-03-05 16:00:00+00:00,3,25.91,56.63,0.04,0.21,76.22,114.66,0.0,0,0.0,16,5,3,3,False,273.66999999999996,0.0,0.0,0.0,3.0
Karachi,2026-03-30 23:00:00+00:00,3,10.12,30.88,0.22,0.76,128.21,119.41,0.0,0,0.0,23,30,3,0,False,289.6,0.0,0.0,0.0,3.0
Karachi,2026-04-02 07:00:00+00:00,2,11.41,25.08,0.08,0.15,99.51,118.39,0.0,0,0.0,7,2,4,3,False,254.62,0.0,0.0,-1.0,2.0
Karachi,2026-04-16 07:00:00+00:00,4,26.4,100.21,0.13,0.37,90.6,116.6,0.0,0,0.0,7,16,4,3,False,334.30999999999995,0.0,0.0,1.0,4.0
Karachi,2026-01-30 05:00:00+00:00,4,49.79,116.81,2.0,6.91,119.53,328.4,0.0,0,0.0,5,30,1,4,False,623.4399999999999,0.0,0.0,0.0,4.0
Karachi,2026-04-08 14:00:00+00:00,4,24.6,74.11,0.1,0.81,143.71,131.91,0.0,0,0.0,14,8,4,2,False,375.24,0.0,0.0,0.0,4.0
Karachi,2026-03-17 00:00:00+00:00,4,31.9,102.28,0.1,0.4,76.28,121.69,0.0,0,0.0,0,17,3,1,False,332.65,0.0,0.0,1.0,4.0
Karachi,2026-01-12 02:00:00+00:00,3,45.56,90.67,1.58,8.46,124.98,256.45,0.0,0,0.0,2,12,1,0,False,527.7,0.0,0.0,0.0,3.0
Karachi,2026-01-23 23:00:00+00:00,3,5.76,28.55,0.24,0.1,105.5,125.06,0.0,0,0.0,23,23,1,4,False,265.21000000000004,0.0,0.0,0.0,3.0
Karachi,2026-04-02 08:00:00+00:00,2,10.87,23.67,0.09,0.13,98.89,117.05,0.0,0,0.0,8,2,4,3,False,250.7,0.0,0.0,0.0,2.0
Karachi,2026-04-27 12:00:00+00:00,3,32.7,84.51,0.07,0.33,69.32,109.16,0.0,0,0.0,12,27,4,0,False,296.09000000000003,0.0,0.0,0.0,3.0
Karachi,2026-05-09 09:00:00+00:00,3,16.0,67.42,0.07,0.27,59.5,95.18,0.0,0,0.0,9,9,5,5,True,238.44,0.0,0.0,0.0,3.0
Karachi,2026-04-04 22:00:00+00:00,3,6.69,19.42,0.17,0.24,125.33,129.36,0.0,0,0.0,22,4,4,5,True,281.21000000000004,0.0,0.0,0.0,3.0
Karachi,2026-03-28 05:00:00+00:00,1,6.03,15.66,0.07,0.2,38.18,90.99,0.0,0,0.0,5,28,3,5,True,151.13,0.0,0.0,0.0,1.0
Karachi,2026-02-01 20:00:00+00:00,3,16.64,47.72,0.3,1.22,109.18,162.82,0.0,0,0.0,20,1,2,6,True,337.88,0.0,0.0,0.0,3.0
Karachi,2026-04-13 13:00:00+00:00,3,32.42,92.45,0.11,0.32,72.77,124.74,0.0,0,0.0,13,13,4,0,False,322.81,0.0,0.0,-1.0,3.0
Karachi,2026-05-08 20:00:00+00:00,3,14.88,57.69,0.1,0.35,51.02,95.15,0.0,0,0.0,20,8,5,4,False,219.19,0.0,0.0,0.0,3.0
Karachi,2026-04-23 02:00:00+00:00,3,32.71,96.96,0.09,0.34,54.36,103.34,0.0,0,0.0,2,23,4,3,False,287.79999999999995,0.0,0.0,0.0,3.0
Karachi,2026-03-21 23:00:00+00:00,3,25.2,63.83,0.07,0.13,64.79,109.37,0.0,0,0.0,23,21,3,5,True,263.39,0.0,0.0,0.0,3.0
Karachi,2026-03-19 15:00:00+00:00,2,19.88,30.72,0.41,0.82,90.99,132.67,0.0,0,0.0,15,19,3,3,False,275.49,0.0,0.0,0.0,2.0
Karachi,2026-01-26 14:00:00+00:00,4,58.78,131.81,1.03,5.85,146.84,340.94,0.0,0,0.0,14,26,1,0,False,685.25,0.0,0.0,0.0,4.0
Karachi,2026-03-14 06:00:00+00:00,4,50.29,140.2,0.12,0.34,94.91,124.92,0.0,0,0.0,6,14,3,5,True,410.78000000000003,0.0,0.0,0.0,4.0
Karachi,2026-01-14 17:00:00+00:00,3,31.74,67.39,0.24,2.14,107.97,193.74,0.0,0,0.0,17,14,1,2,False,403.22,0.0,0.0,0.0,3.0
Karachi,2026-04-27 19:00:00+00:00,3,27.56,71.91,0.12,0.4,70.44,104.22,0.0,0,0.0,19,27,4,0,False,274.65,0.0,0.0,0.0,3.0
Karachi,2026-01-18 17:00:00+00:00,3,16.2,58.41,0.15,0.28,106.34,120.38,0.0,0,0.0,17,18,1,6,True,301.76,0.0,0.0,0.0,3.0
Karachi,2026-05-05 18:00:00+00:00,3,19.5,86.43,0.08,0.37,50.49,115.81,0.0,0,0.0,18,5,5,1,False,272.68,0.0,0.0,0.0,3.0
Karachi,2026-03-10 18:00:00+00:00,3,26.78,70.75,0.09,0.24,77.5,120.81,0.0,0,0.0,18,10,3,1,False,296.17,0.0,0.0,0.0,3.0
Karachi,2026-03-16 15:00:00+00:00,3,23.75,76.97,0.06,0.33,82.77,126.16,0.0,0,0.0,15,16,3,0,False,310.03999999999996,0.0,0.0,0.0,3.0
Karachi,2026-01-15 15:00:00+00:00,2,12.99,28.87,0.05,0.14,95.6,130.62,0.0,0,0.0,15,15,1,3,False,268.27,0.0,0.0,0.0,2.0
Karachi,2026-02-21 19:00:00+00:00,4,68.32,134.55,1.28,5.71,175.19,353.91,0.0,0,0.0,19,21,2,5,True,738.96,0.0,0.0,0.0,4.0
Karachi,2026-04-05 13:00:00+00:00,3,17.91,54.85,0.04,0.2,110.49,124.06,0.0,0,0.0,13,5,4,6,True,307.55,0.0,0.0,0.0,3.0
Karachi,2026-01-01 05:00:00+00:00,3,15.55,78.68,0.32,0.42,106.42,129.81,0.0,0,0.0,5,1,1,3,False,331.2,0.0,0.0,0.0,4.0
Karachi,2026-05-01 01:00:00+00:00,4,36.6,103.06,0.12,0.49,70.59,108.49,0.0,0,0.0,1,1,5,4,False,319.35,0.0,0.0,0.0,4.0
Karachi,2026-04-08 05:00:00+00:00,4,32.43,93.41,0.2,0.97,142.91,139.95,0.0,0,0.0,5,8,4,2,False,409.87,0.0,0.0,1.0,4.0
Karachi,2026-01-07 02:00:00+00:00,3,37.18,90.49,1.35,6.28,113.92,224.55,0.0,0,0.0,2,7,1,2,False,473.77,0.0,0.0,0.0,3.0
Karachi,2026-04-28 03:00:00+00:00,3,32.54,85.99,0.13,0.66,87.7,114.88,0.0,0,0.0,3,28,4,1,False,321.9,0.0,0.0,0.0,3.0
Karachi,2026-02-25 01:00:00+00:00,3,31.71,89.5,0.07,0.28,89.58,151.76,0.0,0,0.0,1,25,2,2,False,362.9,0.0,0.0,0.0,3.0
Karachi,2026-04-02 05:00:00+00:00,3,12.8,29.95,0.09,0.2,101.36,120.02,0.0,0,0.0,5,2,4,3,False,264.42,0.0,0.0,0.0,3.0
Karachi,2026-02-05 05:00:00+00:00,4,54.65,128.74,2.42,6.73,107.17,327.12,0.0,0,0.0,5,5,2,3,False,626.8299999999999,0.0,0.0,0.0,4.0
Karachi,2026-04-12 02:00:00+00:00,3,25.44,58.46,0.12,0.29,96.83,130.55,0.0,0,0.0,2,12,4,6,True,311.69000000000005,0.0,0.0,0.0,3.0
Karachi,2026-02-02 07:00:00+00:00,3,30.68,79.42,1.65,6.49,106.87,257.9,0.0,0,0.0,7,2,2,0,False,483.01,0.0,0.0,0.0,4.0
Karachi,2026-05-03 19:00:00+00:00,3,34.07,87.58,0.18,1.2,101.8,123.44,0.0,0,0.0,19,3,5,6,True,348.27,0.0,0.0,0.0,3.0
Karachi,2026-01-07 18:00:00+00:00,3,35.72,73.79,0.89,4.21,130.09,203.02,0.0,0,0.0,18,7,1,2,False,447.72,0.0,0.0,0.0,3.0
Karachi,2026-02-27 11:00:00+00:00,4,27.96,104.71,0.06,0.6,95.82,124.5,0.0,0,0.0,11,27,2,4,False,353.65,0.0,0.0,1.0,4.0
Karachi,2026-01-12 09:00:00+00:00,3,47.56,90.66,2.13,8.5,124.39,265.23,0.0,0,0.0,9,12,1,0,False,538.47,0.0,0.0,0.0,3.0
Karachi,2026-03-13 15:00:00+00:00,4,49.43,152.78,0.12,0.29,85.86,123.74,0.0,0,0.0,15,13,3,4,False,412.22,0.0,0.0,0.0,4.0
Karachi,2026-03-31 05:00:00+00:00,3,8.74,27.79,0.19,0.67,123.26,117.82,0.0,0,0.0,5,31,3,1,False,278.47,0.0,0.0,0.0,3.0
Karachi,2026-04-24 06:00:00+00:00,3,33.58,77.75,0.1,0.3,46.03,105.44,0.0,0,0.0,6,24,4,4,False,263.2,0.0,0.0,0.0,3.0
Karachi,2026-03-22 06:00:00+00:00,3,23.23,53.2,0.06,0.11,63.81,109.36,0.0,0,0.0,6,22,3,6,True,249.77000000000004,0.0,0.0,0.0,3.0
Karachi,2026-01-11 20:00:00+00:00,3,33.98,70.94,1.56,7.16,136.91,215.66,0.0,0,0.0,20,11,1,6,True,466.21,0.0,0.0,0.0,3.0
Karachi,2026-05-04 03:00:00+00:00,4,38.57,113.07,0.13,0.72,105.36,125.49,0.0,0,0.0,3,4,5,0,False,383.34,0.0,0.0,0.0,4.0
Karachi,2026-03-11 09:00:00+00:00,2,23.63,45.78,0.05,0.26,81.63,114.42,0.0,0,0.0,9,11,3,2,False,265.77,0.0,0.0,0.0,2.0
Karachi,2026-01-04 03:00:00+00:00,3,29.11,49.72,0.21,1.71,117.7,190.68,0.0,0,0.0,3,4,1,6,True,389.13,0.0,0.0,0.0,3.0
Karachi,2026-04-25 04:00:00+00:00,3,35.37,78.25,0.11,0.26,48.79,106.27,0.0,0,0.0,4,25,4,5,True,269.05,0.0,0.0,0.0,3.0
Karachi,2026-05-08 18:00:00+00:00,3,14.59,57.27,0.07,0.35,48.99,94.54,0.0,0,0.0,18,8,5,4,False,215.81,0.0,0.0,0.0,3.0
Karachi,2026-01-12 17:00:00+00:00,4,50.75,90.92,1.0,9.6,148.77,247.48,0.0,0,0.0,17,12,1,0,False,548.52,0.0,0.0,0.0,4.0
Karachi,2026-01-26 17:00:00+00:00,4,59.76,128.2,0.95,5.2,152.62,326.14,0.0,0,0.0,17,26,1,0,False,672.8699999999999,0.0,0.0,0.0,4.0
Karachi,2026-04-19 17:00:00+00:00,3,31.96,84.7,0.08,0.5,105.62,124.53,0.0,0,0.0,17,19,4,6,True,347.39,0.0,0.0,0.0,3.0
Karachi,2026-02-02 05:00:00+00:00,3,11.75,35.36,0.53,1.63,100.02,157.58,0.0,0,0.0,5,2,2,0,False,306.87,0.0,0.0,1.0,3.0
Karachi,2026-02-01 14:00:00+00:00,3,28.36,66.16,0.46,3.79,120.09,225.87,0.0,0,0.0,14,1,2,6,True,444.73,0.0,0.0,0.0,3.0
Karachi,2026-02-19 19:00:00+00:00,5,76.6,137.21,2.88,8.18,179.89,426.74,0.0,0,0.0,19,19,2,3,False,831.5,0.0,0.0,0.0,4.0
Karachi,2026-02-08 02:00:00+00:00,3,47.26,79.11,0.09,0.25,104.49,208.17,0.0,0,0.0,2,8,2,6,True,439.37,0.0,0.0,0.0,3.0
Karachi,2026-01-12 04:00:00+00:00,3,48.43,94.9,1.54,8.54,123.47,266.78,0.0,0,0.0,4,12,1,0,False,543.66,0.0,0.0,0.0,4.0
Karachi,2026-03-21 17:00:00+00:00,3,27.6,76.97,0.06,0.11,60.82,108.65,0.0,0,0.0,17,21,3,5,True,274.21000000000004,0.0,0.0,0.0,3.0
Karachi,2026-05-12 18:00:00+00:00,3,25.22,91.49,0.08,0.41,69.83,95.94,0.0,0,0.0,18,12,5,1,False,282.96999999999997,0.0,0.0,0.0,3.0
Karachi,2026-03-19 09:00:00+00:00,3,33.65,75.88,0.1,0.28,81.9,127.25,0.0,0,0.0,9,19,3,3,False,319.06,0.0,0.0,0.0,3.0
Karachi,2026-04-19 04:00:00+00:00,4,33.95,102.86,0.09,0.27,101.5,117.98,0.0,0,0.0,4,19,4,6,True,356.65000000000003,0.0,0.0,0.0,4.0
Karachi,2026-05-09 02:00:00+00:00,3,15.6,61.65,0.08,0.34,51.1,95.65,0.0,0,0.0,2,9,5,5,True,224.42000000000002,0.0,0.0,0.0,3.0
Karachi,2026-04-08 07:00:00+00:00,4,29.39,82.67,0.21,0.86,147.24,137.57,0.0,0,0.0,7,8,4,2,False,397.94,0.0,0.0,0.0,4.0
Karachi,2026-02-01 05:00:00+00:00,3,19.62,45.65,0.22,0.67,115.67,169.13,0.0,0,0.0,5,1,2,6,True,350.96,0.0,0.0,0.0,3.0
Karachi,2026-02-19 06:00:00+00:00,3,23.99,46.78,0.48,3.89,116.64,188.68,0.0,0,0.0,6,19,2,3,False,380.46000000000004,0.0,0.0,0.0,3.0
Karachi,2026-03-31 14:00:00+00:00,3,9.12,26.59,0.12,0.64,115.89,117.74,0.0,0,0.0,14,31,3,1,False,270.1,0.0,0.0,0.0,3.0
Karachi,2026-03-08 15:00:00+00:00,3,19.92,42.73,0.05,0.36,103.09,146.12,0.0,0,0.0,15,8,3,6,True,312.27,0.0,0.0,0.0,3.0
Karachi,2026-01-29 08:00:00+00:00,3,31.35,76.21,1.81,9.64,119.79,284.71,0.0,0,0.0,8,29,1,3,False,523.51,0.0,0.0,0.0,3.0
Karachi,2026-01-07 15:00:00+00:00,4,48.9,102.71,0.72,4.96,134.22,239.83,0.0,0,0.0,15,7,1,2,False,531.34,0.0,0.0,0.0,3.0
Karachi,2026-02-01 22:00:00+00:00,3,12.18,39.45,0.21,0.57,103.1,144.06,0.0,0,0.0,22,1,2,6,True,299.57,0.0,0.0,0.0,3.0
Karachi,2026-04-23 04:00:00+00:00,3,32.53,93.88,0.08,0.33,55.12,103.66,0.0,0,0.0,4,23,4,3,False,285.6,0.0,0.0,0.0,3.0
Karachi,2026-02-04 20:00:00+00:00,4,73.59,139.76,2.72,7.27,152.25,372.79,0.0,0,0.0,20,4,2,2,False,748.3800000000001,0.0,0.0,-1.0,4.0
Karachi,2026-03-24 23:00:00+00:00,2,10.56,20.65,0.09,0.13,49.04,108.08,0.0,0,0.0,23,24,3,1,False,188.55,0.0,0.0,0.0,2.0
Karachi,2026-03-22 01:00:00+00:00,3,24.2,58.17,0.06,0.13,64.63,109.53,0.0,0,0.0,1,22,3,6,True,256.72,0.0,0.0,0.0,3.0
Karachi,2026-01-07 00:00:00+00:00,3,37.0,88.85,1.54,6.72,116.42,222.18,0.0,0,0.0,0,7,1,2,False,472.71000000000004,0.0,0.0,0.0,3.0
Karachi,2026-03-03 01:00:00+00:00,3,23.46,57.28,0.09,0.23,110.28,143.15,0.0,0,0.0,1,3,3,1,False,334.49,0.0,0.0,0.0,3.0
Karachi,2026-01-23 08:00:00+00:00,3,4.19,22.44,0.3,0.34,105.4,151.59,0.0,0,0.0,8,23,1,4,False,284.26,0.0,0.0,0.0,3.0
Karachi,2026-03-28 08:00:00+00:00,1,6.19,18.3,0.12,0.27,35.17,94.67,0.0,0,0.0,8,28,3,5,True,154.72,0.0,0.0,0.0,1.0
Karachi,2026-04-19 12:00:00+00:00,3,33.34,94.12,0.05,0.38,103.2,120.99,0.0,0,0.0,12,19,4,6,True,352.08,0.0,0.0,0.0,3.0
Karachi,2026-05-05 20:00:00+00:00,3,20.19,87.76,0.1,0.37,54.14,114.97,0.0,0,0.0,20,5,5,1,False,277.53,0.0,0.0,0.0,3.0
Karachi,2026-03-10 20:00:00+00:00,3,27.11,69.71,0.11,0.22,75.57,119.5,0.0,0,0.0,20,10,3,1,False,292.21999999999997,0.0,0.0,0.0,3.0
Karachi,2026-03-31 12:00:00+00:00,3,8.79,26.29,0.15,0.68,118.94,118.38,0.0,0,0.0,12,31,3,1,False,273.23,0.0,0.0,0.0,3.0
Karachi,2026-04-16 20:00:00+00:00,3,26.62,74.86,0.14,0.21,85.39,116.68,0.0,0,0.0,20,16,4,3,False,303.9,0.0,0.0,0.0,3.0
Karachi,2026-04-20 10:00:00+00:00,3,30.16,80.85,0.06,0.56,104.02,116.89,0.0,0,0.0,10,20,4,0,False,332.53999999999996,0.0,0.0,0.0,3.0
Karachi,2026-05-12 03:00:00+00:00,4,0.0,0.0,0.08,0.37,64.28,88.4,0.0,0,0.0,3,12,5,1,False,153.13,0.0,0.0,1.0,3.0
Karachi,2026-03-30 21:00:00+00:00,3,11.27,34.79,0.25,0.85,128.25,121.11,0.0,0,0.0,21,30,3,0,False,296.52,0.0,0.0,0.0,3.0
Karachi,2026-04-19 19:00:00+00:00,3,31.03,81.75,0.14,0.55,108.97,124.73,0.0,0,0.0,19,19,4,6,True,347.17,0.0,0.0,0.0,3.0
Karachi,2026-05-11 12:00:00+00:00,3,15.5,67.16,0.05,0.36,58.36,89.31,0.0,0,0.0,12,11,5,0,False,230.74,0.0,0.0,0.0,3.0
Karachi,2026-01-23 01:00:00+00:00,3,4.54,21.21,0.33,0.38,116.03,149.07,0.0,0,0.0,1,23,1,4,False,291.56,0.0,0.0,0.0,3.0
Karachi,2026-05-06 03:00:00+00:00,3,20.42,90.03,0.08,0.3,56.12,114.73,0.0,0,0.0,3,6,5,2,False,281.68,0.0,0.0,0.0,3.0
Karachi,2026-01-03 20:00:00+00:00,4,53.45,86.17,0.42,4.86,129.58,271.57,0.0,0,0.0,20,3,1,5,True,546.05,0.0,0.0,0.0,3.0
Karachi,2026-02-27 19:00:00+00:00,4,41.11,159.9,0.15,1.11,112.1,132.02,0.0,0,0.0,19,27,2,4,False,446.39,0.0,0.0,0.0,4.0
Karachi,2026-04-10 20:00:00+00:00,3,21.6,62.45,0.07,0.12,87.59,126.71,0.0,0,0.0,20,10,4,4,False,298.54,0.0,0.0,0.0,3.0
Karachi,2026-04-30 18:00:00+00:00,3,35.23,95.08,0.1,0.45,62.44,106.84,0.0,0,0.0,18,30,4,3,False,300.14,0.0,0.0,0.0,3.0
Karachi,2026-02-10 22:00:00+00:00,3,32.3,64.16,0.15,0.39,92.15,158.42,0.0,0,0.0,22,10,2,1,False,347.57,0.0,0.0,0.0,3.0
Karachi,2026-05-14 18:00:00+00:00,2,7.59,38.74,0.05,0.32,36.52,77.71,0.0,0,0.0,18,14,5,3,False,160.93,0.0,0.0,0.0,2.0
Karachi,2026-02-05 13:00:00+00:00,4,65.27,138.66,1.49,6.12,133.64,322.52,0.0,0,0.0,13,5,2,3,False,667.7,0.0,0.0,0.0,4.0
Karachi,2026-03-13 17:00:00+00:00,4,48.28,152.64,0.13,0.28,87.89,121.69,0.0,0,0.0,17,13,3,4,False,410.90999999999997,0.0,0.0,0.0,4.0
Karachi,2026-03-02 10:00:00+00:00,3,23.26,55.21,0.06,0.33,133.76,156.0,0.0,0,0.0,10,2,3,0,False,368.62,0.0,0.0,0.0,3.0
Karachi,2026-03-06 00:00:00+00:00,3,25.45,52.08,0.08,0.26,75.49,114.6,0.0,0,0.0,0,6,3,4,False,267.96000000000004,0.0,0.0,0.0,3.0
Karachi,2026-03-27 17:00:00+00:00,1,4.02,9.99,0.02,0.1,38.22,95.83,0.0,0,0.0,17,27,3,4,False,148.18,0.0,0.0,0.0,1.0
Karachi,2026-03-20 00:00:00+00:00,2,22.0,37.54,0.22,0.35,79.38,125.3,0.0,0,0.0,0,20,3,4,False,264.79,0.0,0.0,0.0,2.0
Karachi,2026-03-22 08:00:00+00:00,3,22.73,51.02,0.07,0.1,64.4,109.72,0.0,0,0.0,8,22,3,6,True,248.04,0.0,0.0,0.0,2.0
Karachi,2026-04-16 15:00:00+00:00,3,26.85,80.15,0.06,0.22,75.34,113.08,0.0,0,0.0,15,16,4,3,False,295.7,0.0,0.0,0.0,3.0
Karachi,2026-04-08 22:00:00+00:00,4,27.39,84.66,0.18,0.82,143.42,137.76,0.0,0,0.0,22,8,4,2,False,394.22999999999996,0.0,0.0,0.0,4.0
Karachi,2026-01-04 09:00:00+00:00,3,24.95,45.27,0.61,3.37,114.1,190.61,0.0,0,0.0,9,4,1,6,True,378.91,0.0,0.0,0.0,3.0
Karachi,2026-04-25 06:00:00+00:00,3,35.99,84.35,0.11,0.25,48.09,105.62,0.0,0,0.0,6,25,4,5,True,274.41,0.0,0.0,0.0,3.0
Karachi,2026-01-29 16:00:00+00:00,4,40.53,94.35,0.69,4.82,143.59,254.59,0.0,0,0.0,16,29,1,3,False,538.57,0.0,0.0,0.0,4.0
Karachi,2026-01-18 09:00:00+00:00,3,10.83,39.03,0.2,0.45,111.78,119.77,0.0,0,0.0,9,18,1,6,True,282.06,0.0,0.0,0.0,3.0
Karachi,2026-02-11 11:00:00+00:00,5,84.25,190.7,4.18,8.64,122.47,494.18,0.0,0,0.0,11,11,2,2,False,904.4200000000001,0.0,0.0,1.0,5.0
Karachi,2026-02-13 19:00:00+00:00,3,29.88,56.51,0.18,0.24,98.68,166.74,0.0,0,0.0,19,13,2,4,False,352.23,0.0,0.0,0.0,3.0
Karachi,2026-02-19 11:00:00+00:00,4,46.58,101.76,2.92,7.81,123.56,320.57,0.0,0,0.0,11,19,2,3,False,603.2,0.0,0.0,1.0,4.0
Karachi,2026-02-04 14:00:00+00:00,4,74.05,158.65,1.16,6.32,140.19,358.19,0.0,0,0.0,14,4,2,2,False,738.56,0.0,0.0,0.0,5.0
Karachi,2026-01-27 07:00:00+00:00,3,30.6,72.25,1.25,6.39,123.19,292.77,0.0,0,0.0,7,27,1,1,False,526.45,0.0,0.0,0.0,3.0
Karachi,2026-03-28 07:00:00+00:00,1,6.21,17.24,0.09,0.24,34.68,93.18,0.0,0,0.0,7,28,3,5,True,151.64,0.0,0.0,0.0,1.0
Karachi,2026-02-10 11:00:00+00:00,3,47.65,86.56,0.08,0.35,94.79,198.45,0.0,0,0.0,11,10,2,1,False,427.88,0.0,0.0,0.0,3.0
Karachi,2026-01-23 02:00:00+00:00,3,3.97,19.13,0.31,0.38,116.58,151.39,0.0,0,0.0,2,23,1,4,False,291.76,0.0,0.0,0.0,3.0
Karachi,2026-05-01 09:00:00+00:00,4,37.47,109.47,0.12,0.62,74.16,104.57,0.0,0,0.0,9,1,5,4,False,326.40999999999997,0.0,0.0,0.0,4.0
Karachi,2026-02-11 13:00:00+00:00,5,104.36,220.96,1.99,8.24,164.36,529.59,0.0,0,0.0,13,11,2,2,False,1029.5,0.0,0.0,0.0,5.0
Karachi,2026-02-19 12:00:00+00:00,4,54.44,116.72,2.9,8.56,133.26,359.07,0.0,0,0.0,12,19,2,3,False,674.95,0.0,0.0,0.0,4.0
Karachi,2026-01-21 00:00:00+00:00,3,15.47,44.68,0.09,0.22,102.76,122.28,0.0,0,0.0,0,21,1,2,False,285.5,0.0,0.0,0.0,3.0
Karachi,2026-05-12 01:00:00+00:00,3,17.64,70.91,0.08,0.36,63.79,87.68,0.0,0,0.0,1,12,5,1,False,240.46,0.0,0.0,0.0,3.0
Karachi,2026-03-25 00:00:00+00:00,2,11.04,21.53,0.08,0.14,48.42,107.39,0.0,0,0.0,0,25,3,2,False,188.60000000000002,0.0,0.0,0.0,2.0
Karachi,2026-03-10 03:00:00+00:00,2,18.86,46.56,0.09,0.25,94.2,123.05,0.0,0,0.0,3,10,3,1,False,283.01,0.0,0.0,0.0,3.0
Karachi,2026-02-16 21:00:00+00:00,2,17.02,25.09,0.07,0.12,91.79,130.86,0.0,0,0.0,21,16,2,0,False,264.95000000000005,0.0,0.0,0.0,2.0
Karachi,2026-04-11 19:00:00+00:00,3,27.0,76.98,0.15,0.29,91.77,136.03,0.0,0,0.0,19,11,4,5,True,332.22,0.0,0.0,0.0,3.0
Karachi,2026-04-30 10:00:00+00:00,3,37.43,98.62,0.09,0.48,77.73,115.45,0.0,0,0.0,10,30,4,3,False,329.8,0.0,0.0,0.0,3.0
Karachi,2026-03-21 08:00:00+00:00,3,27.59,74.0,0.08,0.16,64.52,114.09,0.0,0,0.0,8,21,3,5,True,280.44,0.0,0.0,0.0,3.0
Karachi,2026-03-28 20:00:00+00:00,1,4.61,13.04,0.15,0.23,39.09,104.94,0.0,0,0.0,20,28,3,5,True,162.06,0.0,0.0,0.0,1.0
Karachi,2026-02-08 19:00:00+00:00,3,48.22,92.91,0.1,0.13,94.02,198.66,0.0,0,0.0,19,8,2,6,True,434.03999999999996,0.0,0.0,0.0,3.0
Karachi,2026-05-09 11:00:00+00:00,3,15.6,65.6,0.05,0.25,58.72,94.57,0.0,0,0.0,11,9,5,5,True,234.78999999999996,0.0,0.0,0.0,3.0
Karachi,2026-03-22 10:00:00+00:00,2,22.02,47.97,0.05,0.09,64.28,109.72,0.0,0,0.0,10,22,3,6,True,244.13,0.0,0.0,0.0,2.0
Karachi,2026-02-08 03:00:00+00:00,3,47.95,81.57,0.09,0.24,103.8,209.24,0.0,0,0.0,3,8,2,6,True,442.89,0.0,0.0,0.0,3.0
Karachi,2026-01-15 23:00:00+00:00,3,15.88,32.89,0.12,0.21,100.51,131.19,0.0,0,0.0,23,15,1,3,False,280.8,0.0,0.0,1.0,3.0
Karachi,2026-05-06 20:00:00+00:00,3,16.02,72.49,0.09,0.29,46.27,102.48,0.0,0,0.0,20,6,5,2,False,237.64,0.0,0.0,0.0,3.0
Karachi,2026-04-11 22:00:00+00:00,3,26.54,71.74,0.15,0.3,93.57,134.95,0.0,0,0.0,22,11,4,5,True,327.25,0.0,0.0,0.0,3.0
Karachi,2026-03-27 15:00:00+00:00,1,4.06,9.38,0.02,0.07,39.28,98.1,0.0,0,0.0,15,27,3,4,False,150.91,0.0,0.0,0.0,1.0
Karachi,2026-04-27 10:00:00+00:00,3,34.96,96.96,0.09,0.35,72.47,109.53,0.0,0,0.0,10,27,4,0,False,314.36,0.0,0.0,-1.0,3.0
Karachi,2026-02-07 14:00:00+00:00,3,47.51,70.8,0.07,0.68,113.59,215.49,0.0,0,0.0,14,7,2,5,True,448.14,0.0,0.0,0.0,3.0
Karachi,2026-01-15 10:00:00+00:00,2,12.76,30.63,0.09,0.13,98.41,132.74,0.0,0,0.0,10,15,1,3,False,274.76,0.0,0.0,0.0,2.0
Karachi,2026-05-06 11:00:00+00:00,3,19.23,85.73,0.04,0.25,56.17,113.5,0.0,0,0.0,11,6,5,2,False,274.92,0.0,0.0,0.0,3.0
Karachi,2026-02-13 11:00:00+00:00,3,48.17,82.6,0.18,0.36,114.51,245.22,0.0,0,0.0,11,13,2,4,False,491.03999999999996,0.0,0.0,-1.0,3.0
Karachi,2026-03-13 16:00:00+00:00,4,48.29,152.19,0.12,0.28,86.94,122.44,0.0,0,0.0,16,13,3,4,False,410.26,0.0,0.0,0.0,4.0
Karachi,2026-03-28 23:00:00+00:00,1,4.17,12.41,0.14,0.22,33.61,113.72,0.0,0,0.0,23,28,3,5,True,164.26999999999998,0.0,0.0,0.0,1.0
Karachi,2026-04-13 11:00:00+00:00,4,34.82,113.1,0.14,0.31,75.27,123.03,0.0,0,0.0,11,13,4,0,False,346.66999999999996,0.0,0.0,0.0,4.0
Karachi,2026-04-02 09:00:00+00:00,2,10.18,21.05,0.1,0.13,98.11,116.03,0.0,0,0.0,9,2,4,3,False,245.6,0.0,0.0,0.0,2.0
Karachi,2026-01-15 00:00:00+00:00,2,13.79,44.03,0.11,0.11,95.86,139.25,0.0,0,0.0,0,15,1,3,False,293.15,0.0,0.0,0.0,2.0
Karachi,2026-05-06 01:00:00+00:00,3,20.89,90.07,0.08,0.32,57.48,115.04,0.0,0,0.0,1,6,5,2,False,283.88,0.0,0.0,0.0,3.0
Karachi,2026-04-03 07:00:00+00:00,2,7.35,10.63,0.14,0.18,65.98,142.95,0.0,0,0.0,7,3,4,4,False,227.23,0.0,0.0,0.0,2.0
Karachi,2026-01-24 01:00:00+00:00,3,5.51,27.82,0.24,0.09,105.94,124.11,0.0,0,0.0,1,24,1,5,True,263.71,0.0,0.0,0.0,3.0
Karachi,2026-03-24 21:00:00+00:00,2,10.32,20.1,0.1,0.1,49.2,108.45,0.0,0,0.0,21,24,3,1,False,188.27,0.0,0.0,0.0,2.0
Karachi,2026-03-25 07:00:00+00:00,2,15.68,34.74,0.07,0.14,50.23,105.79,0.0,0,0.0,7,25,3,2,False,206.65,0.0,0.0,0.0,2.0
Karachi,2026-01-29 22:00:00+00:00,4,49.62,106.52,1.73,7.89,143.34,318.52,0.0,0,0.0,22,29,1,3,False,627.6199999999999,0.0,0.0,0.0,4.0
Karachi,2026-01-27 01:00:00+00:00,4,48.42,102.01,1.76,8.93,139.21,341.14,0.0,0,0.0,1,27,1,1,False,641.47,0.0,0.0,0.0,3.0
Karachi,2026-02-02 13:00:00+00:00,5,119.02,276.65,2.77,10.8,151.33,522.74,0.0,0,0.0,13,2,2,0,False,1083.31,0.0,0.0,0.0,5.0
Karachi,2026-02-27 20:00:00+00:00,4,42.91,164.88,0.16,1.19,115.26,133.88,0.0,0,0.0,20,27,2,4,False,458.28,0.0,0.0,0.0,4.0
Karachi,2026-03-13 00:00:00+00:00,4,47.19,111.8,0.18,0.26,86.99,123.45,0.0,0,0.0,0,13,3,4,False,369.87,0.0,0.0,0.0,4.0
Karachi,2026-01-06 12:00:00+00:00,4,72.7,165.73,1.44,7.56,124.55,299.9,0.0,0,0.0,12,6,1,1,False,671.88,0.0,0.0,0.0,4.0
Karachi,2026-01-09 22:00:00+00:00,3,31.13,65.75,1.5,7.38,127.42,227.07,0.0,0,0.0,22,9,1,4,False,460.25,0.0,0.0,0.0,3.0
Karachi,2026-01-04 17:00:00+00:00,3,44.75,75.14,0.56,6.6,129.49,251.91,0.0,0,0.0,17,4,1,6,True,508.45000000000005,0.0,0.0,0.0,3.0
Karachi,2026-01-13 02:00:00+00:00,4,60.43,110.45,1.55,12.52,133.94,329.0,0.0,0,0.0,2,13,1,1,False,647.89,0.0,0.0,0.0,4.0
Karachi,2026-03-14 02:00:00+00:00,4,55.33,159.88,0.18,0.36,97.66,124.75,0.0,0,0.0,2,14,3,5,True,438.15999999999997,0.0,0.0,0.0,4.0
Karachi,2026-02-13 21:00:00+00:00,3,27.72,53.69,0.16,0.25,96.94,159.07,0.0,0,0.0,21,13,2,4,False,337.83,0.0,0.0,0.0,3.0
Karachi,2026-02-27 01:00:00+00:00,3,28.52,77.63,0.08,0.45,94.06,127.43,0.0,0,0.0,1,27,2,4,False,328.17,0.0,0.0,0.0,3.0
Karachi,2026-04-11 12:00:00+00:00,3,28.31,78.86,0.06,0.29,104.52,142.76,0.0,0,0.0,12,11,4,5,True,354.8,0.0,0.0,0.0,3.0
Karachi,2026-04-06 04:00:00+00:00,3,24.57,82.86,0.07,0.3,92.11,124.76,0.0,0,0.0,4,6,4,0,False,324.67,0.0,0.0,0.0,3.0
Karachi,2026-01-03 18:00:00+00:00,4,59.48,97.13,0.59,6.46,134.28,294.8,0.0,0,0.0,18,3,1,5,True,592.74,0.0,0.0,0.0,4.0
Karachi,2026-03-13 03:00:00+00:00,4,52.55,139.19,0.19,0.29,89.3,126.09,0.0,0,0.0,3,13,3,4,False,407.61,0.0,0.0,0.0,4.0
Karachi,2026-01-12 03:00:00+00:00,3,46.78,92.15,1.54,8.44,123.85,260.94,0.0,0,0.0,3,12,1,0,False,533.7,0.0,0.0,0.0,3.0
Karachi,2026-03-28 14:00:00+00:00,1,5.23,15.93,0.09,0.24,51.93,101.5,0.0,0,0.0,14,28,3,5,True,174.92000000000002,0.0,0.0,0.0,1.0
Karachi,2026-05-09 05:00:00+00:00,3,15.86,64.6,0.07,0.31,55.62,95.53,0.0,0,0.0,5,9,5,5,True,231.98999999999998,0.0,0.0,0.0,3.0
Karachi,2026-04-24 04:00:00+00:00,3,33.5,78.66,0.1,0.31,46.6,105.55,0.0,0,0.0,4,24,4,4,False,264.71999999999997,0.0,0.0,0.0,3.0
Karachi,2026-04-22 02:00:00+00:00,3,22.69,82.7,0.08,0.22,49.52,97.94,0.0,0,0.0,2,22,4,2,False,253.15,0.0,0.0,0.0,3.0
Karachi,2026-03-31 20:00:00+00:00,3,9.24,27.04,0.2,0.55,114.08,117.11,0.0,0,0.0,20,31,3,1,False,268.22,0.0,0.0,0.0,3.0
Karachi,2026-02-01 21:00:00+00:00,3,14.1,43.23,0.24,0.83,105.84,151.97,0.0,0,0.0,21,1,2,6,True,316.21000000000004,0.0,0.0,0.0,3.0
Karachi,2026-03-16 23:00:00+00:00,3,30.32,97.95,0.1,0.39,76.86,121.27,0.0,0,0.0,23,16,3,0,False,326.89,0.0,0.0,0.0,4.0
Karachi,2026-05-12 11:00:00+00:00,3,20.88,77.14,0.07,0.35,64.3,91.46,0.0,0,0.0,11,12,5,1,False,254.2,0.0,0.0,0.0,3.0
Karachi,2026-03-22 00:00:00+00:00,3,24.57,60.44,0.06,0.13,64.95,109.52,0.0,0,0.0,0,22,3,6,True,259.66999999999996,0.0,0.0,0.0,3.0
Karachi,2026-01-26 15:00:00+00:00,4,60.11,132.44,0.88,5.59,150.35,337.13,0.0,0,0.0,15,26,1,0,False,686.5,0.0,0.0,0.0,4.0
Karachi,2026-04-12 04:00:00+00:00,3,27.54,69.11,0.11,0.3,96.84,131.11,0.0,0,0.0,4,12,4,6,True,325.01,0.0,0.0,0.0,3.0
Karachi,2026-02-07 20:00:00+00:00,3,48.49,75.73,0.13,0.41,107.41,214.16,0.0,0,0.0,20,7,2,5,True,446.33,0.0,0.0,0.0,3.0
Karachi,2026-04-28 12:00:00+00:00,3,31.08,80.73,0.08,0.51,75.97,114.85,0.0,0,0.0,12,28,4,1,False,303.22,0.0,0.0,0.0,3.0
Karachi,2026-01-09 18:00:00+00:00,3,37.96,75.36,1.27,7.3,135.22,231.5,0.0,0,0.0,18,9,1,4,False,488.61,0.0,0.0,0.0,3.0
Karachi,2026-03-21 11:00:00+00:00,3,27.8,75.96,0.05,0.14,63.68,111.39,0.0,0,0.0,11,21,3,5,True,279.02,0.0,0.0,0.0,3.0
Karachi,2026-04-05 22:00:00+00:00,3,22.8,74.11,0.09,0.21,103.38,126.85,0.0,0,0.0,22,5,4,6,True,327.43999999999994,0.0,0.0,0.0,3.0
Karachi,2026-04-19 02:00:00+00:00,4,34.29,104.04,0.09,0.24,99.16,117.06,0.0,0,0.0,2,19,4,6,True,354.88,0.0,0.0,0.0,4.0
Karachi,2026-01-26 02:00:00+00:00,3,33.06,80.82,1.44,5.09,125.51,307.62,0.0,0,0.0,2,26,1,0,False,553.54,0.0,0.0,0.0,3.0
Karachi,2026-04-23 01:00:00+00:00,3,32.77,98.17,0.09,0.34,54.24,103.43,0.0,0,0.0,1,23,4,3,False,289.04,0.0,0.0,0.0,3.0
Karachi,2026-01-30 01:00:00+00:00,4,51.32,110.46,2.06,8.8,134.8,348.67,0.0,0,0.0,1,30,1,4,False,656.1100000000001,0.0,0.0,0.0,4.0
Karachi,2026-03-17 17:00:00+00:00,3,31.07,96.06,0.07,0.35,65.69,115.86,0.0,0,0.0,17,17,3,1,False,309.09999999999997,0.0,0.0,0.0,3.0
Karachi,2026-01-20 15:00:00+00:00,3,16.21,49.18,0.07,0.28,104.92,124.83,0.0,0,0.0,15,20,1,1,False,295.49,0.0,0.0,0.0,3.0
Karachi,2026-03-16 22:00:00+00:00,3,28.8,93.57,0.1,0.38,77.31,120.81,0.0,0,0.0,22,16,3,0,False,320.96999999999997,0.0,0.0,0.0,3.0
Karachi,2026-04-11 05:00:00+00:00,3,21.28,67.81,0.07,0.28,107.69,134.43,0.0,0,0.0,5,11,4,5,True,331.56,0.0,0.0,0.0,3.0
Karachi,2026-01-06 16:00:00+00:00,4,57.26,122.91,0.87,6.77,135.07,252.0,0.0,0,0.0,16,6,1,1,False,574.88,0.0,0.0,0.0,4.0
Karachi,2026-04-27 13:00:00+00:00,3,31.61,79.29,0.07,0.33,67.43,108.34,0.0,0,0.0,13,27,4,0,False,287.07000000000005,0.0,0.0,0.0,3.0
Karachi,2026-01-31 23:00:00+00:00,3,45.25,91.05,0.43,3.07,134.48,253.87,0.0,0,0.0,23,31,1,5,True,528.15,0.0,0.0,-1.0,3.0
Karachi,2026-03-10 16:00:00+00:00,3,26.31,71.18,0.06,0.27,79.62,121.32,0.0,0,0.0,16,10,3,1,False,298.76,0.0,0.0,0.0,3.0
Karachi,2026-04-04 23:00:00+00:00,3,6.88,19.7,0.17,0.24,125.2,128.96,0.0,0,0.0,23,4,4,5,True,281.15,0.0,0.0,0.0,3.0
Karachi,2026-03-03 00:00:00+00:00,3,23.16,56.77,0.09,0.23,111.34,143.79,0.0,0,0.0,0,3,3,1,False,335.38,0.0,0.0,0.0,3.0
Karachi,2026-01-09 16:00:00+00:00,3,38.9,75.37,0.79,6.92,135.29,230.44,0.0,0,0.0,16,9,1,4,False,487.71,0.0,0.0,0.0,3.0
Karachi,2026-04-13 15:00:00+00:00,3,25.09,60.95,0.09,0.3,69.91,122.81,0.0,0,0.0,15,13,4,0,False,279.15,0.0,0.0,0.0,2.0
Karachi,2026-02-28 02:00:00+00:00,4,41.9,179.76,0.12,1.02,110.07,134.47,0.0,0,0.0,2,28,2,5,True,467.34000000000003,0.0,0.0,0.0,4.0
Karachi,2026-01-06 18:00:00+00:00,4,49.74,108.13,1.27,6.55,132.67,234.45,0.0,0,0.0,18,6,1,1,False,532.81,0.0,0.0,0.0,4.0
Karachi,2026-04-19 20:00:00+00:00,3,30.49,80.36,0.14,0.57,109.83,124.1,0.0,0,0.0,20,19,4,6,True,345.49,0.0,0.0,0.0,3.0
Karachi,2026-02-26 19:00:00+00:00,3,28.74,72.03,0.09,0.4,91.21,130.83,0.0,0,0.0,19,26,2,3,False,323.3,0.0,0.0,0.0,3.0
Karachi,2026-01-03 16:00:00+00:00,4,62.05,103.52,0.55,7.87,137.17,309.22,0.0,0,0.0,16,3,1,5,True,620.38,0.0,0.0,0.0,4.0
Karachi,2026-03-08 16:00:00+00:00,3,19.89,42.61,0.06,0.36,101.76,145.76,0.0,0,0.0,16,8,3,6,True,310.44,0.0,0.0,0.0,3.0
Karachi,2026-01-15 19:00:00+00:00,2,13.87,29.18,0.11,0.17,97.56,129.76,0.0,0,0.0,19,15,1,3,False,270.65,0.0,0.0,0.0,2.0
Karachi,2026-01-04 18:00:00+00:00,3,44.52,74.59,0.62,6.33,129.37,250.61,0.0,0,0.0,18,4,1,6,True,506.04,0.0,0.0,0.0,3.0
Karachi,2026-03-05 18:00:00+00:00,3,26.32,56.78,0.06,0.21,75.25,114.54,0.0,0,0.0,18,5,3,3,False,273.16,0.0,0.0,0.0,3.0
Karachi,2026-05-01 05:00:00+00:00,4,37.57,112.81,0.11,0.49,73.35,106.55,0.0,0,0.0,5,1,5,4,False,330.88,0.0,0.0,0.0,4.0
Karachi,2026-03-14 04:00:00+00:00,4,53.09,152.86,0.15,0.35,98.87,126.03,0.0,0,0.0,4,14,3,5,True,431.35,0.0,0.0,0.0,4.0
Karachi,2026-04-16 04:00:00+00:00,3,22.34,78.33,0.15,0.4,103.86,118.75,0.0,0,0.0,4,16,4,3,False,323.83000000000004,0.0,0.0,0.0,3.0
Karachi,2026-01-13 04:00:00+00:00,4,62.98,115.49,1.64,14.12,130.34,342.51,0.0,0,0.0,4,13,1,1,False,667.0799999999999,0.0,0.0,0.0,4.0
Karachi,2026-02-27 03:00:00+00:00,3,27.95,81.06,0.08,0.48,93.31,126.67,0.0,0,0.0,3,27,2,4,False,329.55,0.0,0.0,0.0,3.0
Karachi,2026-04-20 04:00:00+00:00,3,30.2,79.75,0.09,0.62,105.3,118.69,0.0,0,0.0,4,20,4,0,False,334.65,0.0,0.0,0.0,3.0
Karachi,2026-01-19 01:00:00+00:00,3,22.02,76.36,0.16,0.28,105.98,126.18,0.0,0,0.0,1,19,1,0,False,330.98,0.0,0.0,0.0,3.0
Karachi,2026-03-11 02:00:00+00:00,3,27.14,60.32,0.08,0.18,71.79,115.37,0.0,0,0.0,2,11,3,2,False,274.88,0.0,0.0,0.0,3.0
Karachi,2026-04-23 03:00:00+00:00,3,32.59,95.46,0.09,0.33,54.63,103.25,0.0,0,0.0,3,23,4,3,False,286.35,0.0,0.0,0.0,3.0
Karachi,2026-01-14 20:00:00+00:00,3,18.13,51.89,0.15,0.47,98.29,153.68,0.0,0,0.0,20,14,1,2,False,322.61,0.0,0.0,0.0,2.0
Karachi,2026-04-14 04:00:00+00:00,2,11.57,30.4,0.18,0.38,78.72,118.16,0.0,0,0.0,4,14,4,1,False,239.41,0.0,0.0,0.0,2.0
Karachi,2026-04-21 20:00:00+00:00,3,23.35,83.81,0.08,0.2,49.09,98.57,0.0,0,0.0,20,21,4,1,False,255.1,0.0,0.0,0.0,3.0
Karachi,2026-01-13 01:00:00+00:00,4,57.78,105.91,1.46,11.71,134.98,314.4,0.0,0,0.0,1,13,1,1,False,626.24,0.0,0.0,0.0,4.0
Karachi,2026-01-03 19:00:00+00:00,4,56.96,92.3,0.5,5.69,132.08,285.19,0.0,0,0.0,19,3,1,5,True,572.72,0.0,0.0,0.0,4.0
Karachi,2026-03-08 14:00:00+00:00,3,19.93,42.86,0.05,0.37,104.83,146.05,0.0,0,0.0,14,8,3,6,True,314.09000000000003,0.0,0.0,0.0,3.0
Karachi,2026-04-05 05:00:00+00:00,3,11.51,35.79,0.11,0.27,119.85,125.23,0.0,0,0.0,5,5,4,6,True,292.76,0.0,0.0,0.0,3.0
Karachi,2026-03-05 10:00:00+00:00,2,22.29,47.5,0.05,0.21,89.53,117.68,0.0,0,0.0,10,5,3,3,False,277.26,0.0,0.0,0.0,2.0
Karachi,2026-04-19 05:00:00+00:00,4,33.61,101.72,0.08,0.28,102.58,118.22,0.0,0,0.0,5,19,4,6,True,356.49,0.0,0.0,0.0,4.0
Karachi,2026-01-04 02:00:00+00:00,3,31.33,52.92,0.22,1.91,118.68,198.17,0.0,0,0.0,2,4,1,6,True,403.23,0.0,0.0,0.0,3.0
Karachi,2026-03-17 15:00:00+00:00,3,29.86,94.16,0.06,0.33,67.38,115.49,0.0,0,0.0,15,17,3,1,False,307.28,0.0,0.0,0.0,3.0
Karachi,2026-04-14 06:00:00+00:00,2,13.11,44.94,0.18,0.4,83.7,116.53,0.0,0,0.0,6,14,4,1,False,258.86,0.0,0.0,0.0,3.0
Karachi,2026-02-27 16:00:00+00:00,4,34.46,137.27,0.06,0.76,101.31,126.81,0.0,0,0.0,16,27,2,4,False,400.67,0.0,0.0,0.0,4.0
Karachi,2026-04-07 23:00:00+00:00,3,25.25,85.17,0.21,0.86,100.17,126.64,0.0,0,0.0,23,7,4,1,False,338.3,0.0,0.0,0.0,3.0
Karachi,2026-05-05 00:00:00+00:00,4,34.06,100.84,0.1,0.59,101.1,125.13,0.0,0,0.0,0,5,5,1,False,361.82,0.0,0.0,0.0,3.0
Karachi,2026-03-17 23:00:00+00:00,3,32.28,81.12,0.11,0.43,69.25,120.36,0.0,0,0.0,23,17,3,1,False,303.55,0.0,0.0,0.0,3.0
Karachi,2026-03-02 16:00:00+00:00,3,22.14,54.52,0.05,0.26,118.52,148.6,0.0,0,0.0,16,2,3,0,False,344.09000000000003,0.0,0.0,0.0,3.0
Karachi,2026-04-13 07:00:00+00:00,3,23.92,73.84,0.16,0.26,81.43,115.39,0.0,0,0.0,7,13,4,0,False,295.0,0.0,0.0,0.0,3.0
Karachi,2026-04-28 14:00:00+00:00,3,31.34,80.98,0.07,0.51,72.58,113.58,0.0,0,0.0,14,28,4,1,False,299.06,0.0,0.0,0.0,3.0
Karachi,2026-03-16 16:00:00+00:00,3,24.69,80.48,0.06,0.34,80.53,125.18,0.0,0,0.0,16,16,3,0,False,311.28000000000003,0.0,0.0,0.0,3.0
Karachi,2026-01-07 17:00:00+00:00,3,37.69,77.98,0.72,4.01,130.48,205.64,0.0,0,0.0,17,7,1,2,False,456.52,0.0,0.0,0.0,3.0
Karachi,2026-05-04 11:00:00+00:00,3,30.04,92.76,0.18,0.4,111.36,122.22,0.0,0,0.0,11,4,5,0,False,356.96000000000004,0.0,0.0,0.0,3.0
Karachi,2026-01-18 15:00:00+00:00,3,14.58,52.56,0.12,0.3,107.51,119.81,0.0,0,0.0,15,18,1,6,True,294.88,0.0,0.0,0.0,3.0
Karachi,2026-01-20 23:00:00+00:00,3,15.59,44.95,0.1,0.22,102.36,122.62,0.0,0,0.0,23,20,1,1,False,285.84000000000003,0.0,0.0,0.0,3.0
Karachi,2026-01-12 00:00:00+00:00,3,42.42,86.5,1.59,8.13,128.31,245.31,0.0,0,0.0,0,12,1,0,False,512.26,0.0,0.0,0.0,3.0
Karachi,2026-01-24 03:00:00+00:00,3,5.35,27.18,0.24,0.1,105.89,124.14,0.0,0,0.0,3,24,1,5,True,262.9,0.0,0.0,0.0,3.0
Karachi,2026-04-05 20:00:00+00:00,3,21.0,65.03,0.1,0.19,108.28,126.36,0.0,0,0.0,20,5,4,6,True,320.96,0.0,0.0,0.0,3.0
Karachi,2026-04-11 07:00:00+00:00,3,24.5,76.42,0.09,0.33,113.02,141.86,0.0,0,0.0,7,11,4,5,True,356.22,0.0,0.0,0.0,3.0
Karachi,2026-05-01 03:00:00+00:00,4,36.84,107.24,0.11,0.49,71.83,106.99,0.0,0,0.0,3,1,5,4,False,323.5,0.0,0.0,0.0,4.0
Karachi,2026-05-14 07:00:00+00:00,2,9.15,39.2,0.09,0.39,51.03,81.42,0.0,0,0.0,7,14,5,3,False,181.28000000000003,0.0,0.0,0.0,2.0
Karachi,2026-02-24 11:00:00+00:00,3,34.85,87.84,0.05,0.47,100.14,170.58,0.0,0,0.0,11,24,2,1,False,393.93,0.0,0.0,0.0,3.0
Karachi,2026-01-18 23:00:00+00:00,3,21.31,74.91,0.17,0.28,105.79,125.0,0.0,0,0.0,23,18,1,6,True,327.46000000000004,0.0,0.0,0.0,3.0
Karachi,2026-03-19 23:00:00+00:00,2,22.44,38.18,0.25,0.4,78.99,125.43,0.0,0,0.0,23,19,3,3,False,265.69,0.0,0.0,0.0,2.0
Karachi,2026-03-11 00:00:00+00:00,3,27.36,64.5,0.09,0.19,72.27,116.32,0.0,0,0.0,0,11,3,2,False,280.73,0.0,0.0,0.0,3.0
Karachi,2026-04-05 07:00:00+00:00,3,13.97,44.14,0.1,0.26,117.95,124.83,0.0,0,0.0,7,5,4,6,True,301.25,0.0,0.0,0.0,3.0
Karachi,2026-02-19 18:00:00+00:00,5,81.4,147.76,2.66,8.59,186.51,443.49,0.0,0,0.0,18,19,2,3,False,870.41,0.0,0.0,0.0,5.0
Karachi,2026-05-12 07:00:00+00:00,3,20.21,85.2,0.12,0.41,62.94,89.91,0.0,0,0.0,7,12,5,1,False,258.78999999999996,0.0,0.0,0.0,3.0
Karachi,2026-03-19 13:00:00+00:00,2,20.87,35.82,0.33,0.6,96.84,133.33,0.0,0,0.0,13,19,3,3,False,287.79,0.0,0.0,0.0,2.0
Karachi,2026-01-23 04:00:00+00:00,3,3.77,19.24,0.29,0.35,113.49,154.97,0.0,0,0.0,4,23,1,4,False,292.11,0.0,0.0,0.0,3.0
Karachi,2026-04-04 21:00:00+00:00,3,6.51,19.32,0.19,0.24,125.21,129.64,0.0,0,0.0,21,4,4,5,True,281.11,0.0,0.0,0.0,3.0
Karachi,2026-04-30 04:00:00+00:00,3,36.87,88.65,0.12,0.75,92.09,117.01,0.0,0,0.0,4,30,4,3,False,335.49,0.0,0.0,0.0,3.0
Karachi,2026-02-21 17:00:00+00:00,4,69.6,140.27,1.16,5.72,176.25,363.49,0.0,0,0.0,17,21,2,5,True,756.49,0.0,0.0,0.0,4.0
Karachi,2026-02-08 13:00:00+00:00,4,51.2,99.4,0.07,0.2,97.49,213.87,0.0,0,0.0,13,8,2,6,True,462.23,0.0,0.0,0.0,4.0
Karachi,2026-01-04 20:00:00+00:00,3,41.99,69.91,0.47,5.58,127.55,239.03,0.0,0,0.0,20,4,1,6,True,484.53,0.0,0.0,0.0,3.0
Karachi,2026-03-05 20:00:00+00:00,3,26.59,56.36,0.08,0.23,74.88,114.75,0.0,0,0.0,20,5,3,3,False,272.89,0.0,0.0,0.0,3.0
Karachi,2026-01-18 00:00:00+00:00,3,9.97,31.48,0.18,0.65,113.34,121.18,0.0,0,0.0,0,18,1,6,True,276.8,0.0,0.0,0.0,3.0
Karachi,2026-04-11 20:00:00+00:00,3,26.94,76.3,0.16,0.3,91.99,135.79,0.0,0,0.0,20,11,4,5,True,331.48,0.0,0.0,0.0,3.0
Karachi,2026-02-05 15:00:00+00:00,4,70.93,141.51,1.1,6.02,147.39,331.44,0.0,0,0.0,15,5,2,3,False,698.39,0.0,0.0,0.0,4.0
Karachi,2026-04-28 04:00:00+00:00,3,32.81,87.64,0.13,0.66,88.3,115.7,0.0,0,0.0,4,28,4,1,False,325.24,0.0,0.0,0.0,3.0
Karachi,2026-01-01 04:00:00+00:00,3,14.8,73.2,0.31,0.42,105.79,128.59,0.0,0,0.0,4,1,1,3,False,323.11,0.0,0.0,0.0,3.0
Karachi,2026-03-27 21:00:00+00:00,1,4.08,10.67,0.06,0.14,41.31,91.45,0.0,0,0.0,21,27,3,4,False,147.71,0.0,0.0,0.0,1.0
Karachi,2026-04-22 04:00:00+00:00,3,22.87,83.96,0.07,0.22,50.87,98.18,0.0,0,0.0,4,22,4,2,False,256.16999999999996,0.0,0.0,0.0,3.0
Karachi,2026-04-24 12:00:00+00:00,3,32.56,70.43,0.05,0.27,49.08,106.95,0.0,0,0.0,12,24,4,4,False,259.34,0.0,0.0,0.0,3.0
Karachi,2026-03-14 17:00:00+00:00,3,38.26,95.53,0.06,0.32,73.99,118.68,0.0,0,0.0,17,14,3,5,True,326.84,0.0,0.0,-1.0,3.0
Karachi,2026-04-13 05:00:00+00:00,3,21.38,56.57,0.11,0.24,86.03,113.71,0.0,0,0.0,5,13,4,0,False,278.03999999999996,0.0,0.0,0.0,3.0
Karachi,2026-05-08 12:00:00+00:00,3,14.03,56.36,0.06,0.33,51.52,95.51,0.0,0,0.0,12,8,5,4,False,217.81,0.0,0.0,0.0,3.0
Karachi,2026-02-04 16:00:00+00:00,5,76.65,156.33,1.25,6.53,152.72,349.89,0.0,0,0.0,16,4,2,2,False,743.37,0.0,0.0,0.0,5.0
Karachi,2026-04-10 21:00:00+00:00,3,21.69,62.88,0.06,0.12,87.43,126.97,0.0,0,0.0,21,10,4,4,False,299.15,0.0,0.0,0.0,3.0
Karachi,2026-02-02 21:00:00+00:00,5,127.81,250.28,1.27,10.27,187.22,541.22,0.0,0,0.0,21,2,2,0,False,1118.0700000000002,0.0,0.0,0.0,5.0
Karachi,2026-05-04 09:00:00+00:00,3,29.34,85.42,0.3,0.48,111.15,125.95,0.0,0,0.0,9,4,5,0,False,352.64,0.0,0.0,0.0,3.0
Karachi,2026-01-14 18:00:00+00:00,3,25.93,60.58,0.22,1.36,104.17,177.31,0.0,0,0.0,18,14,1,2,False,369.57,0.0,0.0,0.0,3.0
Karachi,2026-01-26 23:00:00+00:00,4,52.1,108.28,1.52,7.29,146.26,326.65,0.0,0,0.0,23,26,1,0,False,642.0999999999999,0.0,0.0,0.0,4.0
Karachi,2026-02-11 10:00:00+00:00,4,67.26,154.55,4.76,8.19,101.89,425.73,0.0,0,0.0,10,11,2,2,False,762.38,0.0,0.0,0.0,5.0
Karachi,2026-02-27 18:00:00+00:00,4,38.91,153.04,0.12,1.0,108.64,130.16,0.0,0,0.0,18,27,2,4,False,431.87,0.0,0.0,0.0,4.0
Karachi,2026-05-03 23:00:00+00:00,4,36.99,100.16,0.16,1.02,106.71,126.38,0.0,0,0.0,23,3,5,6,True,371.42,0.0,0.0,1.0,4.0
Karachi,2026-02-16 11:00:00+00:00,2,16.56,25.39,0.03,0.09,93.9,126.66,0.0,0,0.0,11,16,2,0,False,262.63,0.0,0.0,0.0,2.0
Karachi,2026-03-25 01:00:00+00:00,2,11.5,22.03,0.08,0.15,47.77,106.58,0.0,0,0.0,1,25,3,2,False,188.11,0.0,0.0,0.0,2.0
Karachi,2026-03-13 18:00:00+00:00,4,49.0,153.46,0.16,0.28,89.06,121.8,0.0,0,0.0,18,13,3,4,False,413.76000000000005,0.0,0.0,0.0,4.0
Karachi,2026-03-25 23:00:00+00:00,3,34.78,93.79,0.09,0.1,56.6,109.63,0.0,0,0.0,23,25,3,2,False,294.99,0.0,0.0,0.0,3.0
Karachi,2026-04-20 06:00:00+00:00,3,30.34,80.58,0.09,0.64,106.16,118.95,0.0,0,0.0,6,20,4,0,False,336.76,0.0,0.0,0.0,3.0
Karachi,2026-02-13 09:00:00+00:00,4,52.27,90.1,0.26,0.46,118.45,262.33,0.0,0,0.0,9,13,2,4,False,523.87,0.0,0.0,0.0,4.0
Karachi,2026-01-26 00:00:00+00:00,3,31.22,74.37,1.58,5.43,127.28,302.3,0.0,0,0.0,0,26,1,0,False,542.1800000000001,0.0,0.0,0.0,3.0
Karachi,2026-01-16 10:00:00+00:00,3,17.92,35.49,0.14,0.27,104.75,134.47,0.0,0,0.0,10,16,1,4,False,293.03999999999996,0.0,0.0,0.0,3.0
Karachi,2026-01-03 04:00:00+00:00,4,59.62,111.22,1.36,11.74,136.12,348.19,0.0,0,0.0,4,3,1,5,True,668.25,0.0,0.0,0.0,4.0
Karachi,2026-01-24 09:00:00+00:00,3,7.34,31.65,1.98,5.42,102.09,162.76,0.0,0,0.0,9,24,1,5,True,311.24,0.0,0.0,0.0,3.0
Karachi,2026-01-11 03:00:00+00:00,3,34.66,76.12,1.06,7.89,126.77,223.02,0.0,0,0.0,3,11,1,6,True,469.52,0.0,0.0,0.0,3.0
Karachi,2026-03-19 11:00:00+00:00,3,27.28,51.66,0.17,0.42,92.21,131.45,0.0,0,0.0,11,19,3,3,False,303.19,0.0,0.0,0.0,2.0
Karachi,2026-01-31 21:00:00+00:00,4,54.3,111.22,0.56,5.1,143.44,280.89,0.0,0,0.0,21,31,1,5,True,595.51,0.0,0.0,0.0,4.0
Karachi,2026-01-09 01:00:00+00:00,3,40.23,81.56,1.65,7.21,116.68,306.32,0.0,0,0.0,1,9,1,4,False,553.65,0.0,0.0,0.0,3.0
Karachi,2026-05-08 01:00:00+00:00,3,14.24,57.63,0.09,0.37,51.86,94.7,0.0,0,0.0,1,8,5,4,False,218.89000000000001,0.0,0.0,0.0,3.0
Karachi,2026-05-13 08:00:00+00:00,4,37.11,103.44,0.1,0.93,107.31,111.78,0.0,0,0.0,8,13,5,2,False,360.67,0.0,0.0,0.0,3.0
Karachi,2026-01-12 01:00:00+00:00,3,44.07,88.77,1.6,8.37,126.13,250.99,0.0,0,0.0,1,12,1,0,False,519.9300000000001,0.0,0.0,0.0,3.0
Karachi,2026-03-21 00:00:00+00:00,2,17.65,37.1,0.06,0.14,70.99,121.39,0.0,0,0.0,0,21,3,5,True,247.32999999999998,0.0,0.0,0.0,2.0
Karachi,2026-04-03 06:00:00+00:00,2,7.53,10.78,0.12,0.17,62.44,145.4,0.0,0,0.0,6,3,4,4,False,226.44,0.0,0.0,1.0,2.0
Karachi,2026-03-03 11:00:00+00:00,3,21.31,54.84,0.04,0.23,109.96,140.24,0.0,0,0.0,11,3,3,1,False,326.62,0.0,0.0,0.0,3.0
Karachi,2026-03-11 10:00:00+00:00,2,23.79,48.08,0.04,0.28,82.07,114.92,0.0,0,0.0,10,11,3,2,False,269.18,0.0,0.0,0.0,3.0
Karachi,2026-01-09 23:00:00+00:00,3,29.9,65.22,1.57,7.29,125.1,226.36,0.0,0,0.0,23,9,1,4,False,455.44,0.0,0.0,0.0,3.0
Karachi,2026-01-17 22:00:00+00:00,3,11.07,34.08,0.2,0.63,114.48,123.74,0.0,0,0.0,22,17,1,5,True,284.2,0.0,0.0,0.0,3.0
Karachi,2026-04-27 11:00:00+00:00,3,33.8,90.79,0.08,0.34,71.09,109.48,0.0,0,0.0,11,27,4,0,False,305.58000000000004,0.0,0.0,0.0,3.0
Karachi,2026-01-04 19:00:00+00:00,3,43.63,72.87,0.54,5.99,128.75,246.3,0.0,0,0.0,19,4,1,6,True,498.08000000000004,0.0,0.0,0.0,3.0
Karachi,2026-05-03 08:00:00+00:00,3,35.43,88.99,0.16,1.08,103.79,121.23,0.0,0,0.0,8,3,5,6,True,350.68,0.0,0.0,0.0,3.0
Karachi,2026-02-19 20:00:00+00:00,4,69.92,124.19,2.69,7.81,169.31,403.23,0.0,0,0.0,20,19,2,3,False,777.1500000000001,0.0,0.0,-1.0,4.0
Karachi,2026-03-27 13:00:00+00:00,1,4.2,9.56,0.03,0.08,42.09,100.15,0.0,0,0.0,13,27,3,4,False,156.11,0.0,0.0,0.0,1.0
Karachi,2026-04-04 12:00:00+00:00,3,5.08,17.19,0.17,0.28,132.97,131.68,0.0,0,0.0,12,4,4,5,True,287.37,0.0,0.0,0.0,3.0
Karachi,2026-02-28 17:00:00+00:00,4,35.8,140.64,0.06,0.46,87.69,126.09,0.0,0,0.0,17,28,2,5,True,390.74,0.0,0.0,0.0,4.0
Karachi,2026-02-05 21:00:00+00:00,5,79.01,143.47,1.49,6.95,158.71,391.25,0.0,0,0.0,21,5,2,3,False,780.88,0.0,0.0,0.0,5.0
Karachi,2026-03-23 01:00:00+00:00,2,19.18,37.07,0.06,0.07,62.3,106.86,0.0,0,0.0,1,23,3,0,False,225.54000000000002,0.0,0.0,0.0,2.0
Karachi,2026-04-01 15:00:00+00:00,3,10.32,29.96,0.07,0.24,104.7,116.74,0.0,0,0.0,15,1,4,2,False,262.03000000000003,0.0,0.0,0.0,3.0
Karachi,2026-02-03 00:00:00+00:00,5,110.18,211.82,1.19,8.58,169.68,479.73,0.0,0,0.0,0,3,2,1,False,981.1800000000001,0.0,0.0,0.0,5.0
Karachi,2026-03-24 22:00:00+00:00,2,10.3,20.08,0.09,0.11,49.26,108.35,0.0,0,0.0,22,24,3,1,False,188.19,0.0,0.0,0.0,2.0
Karachi,2026-04-07 12:00:00+00:00,3,15.08,59.79,0.09,0.54,65.35,122.84,0.0,0,0.0,12,7,4,1,False,263.69000000000005,0.0,0.0,0.0,3.0
Karachi,2026-03-07 17:00:00+00:00,3,22.47,67.96,0.1,0.48,98.46,132.2,0.0,0,0.0,17,7,3,5,True,321.66999999999996,0.0,0.0,0.0,3.0
Karachi,2026-02-08 21:00:00+00:00,3,45.66,90.58,0.09,0.11,95.19,189.84,0.0,0,0.0,21,8,2,6,True,421.47,0.0,0.0,0.0,3.0
Karachi,2026-05-09 13:00:00+00:00,3,15.0,62.06,0.04,0.25,56.26,93.57,0.0,0,0.0,13,9,5,5,True,227.18,0.0,0.0,0.0,3.0
Karachi,2026-01-20 13:00:00+00:00,3,16.14,49.74,0.07,0.29,106.69,125.64,0.0,0,0.0,13,20,1,1,False,298.57,0.0,0.0,0.0,3.0
Karachi,2026-05-11 10:00:00+00:00,3,15.4,67.46,0.07,0.36,59.55,89.73,0.0,0,0.0,10,11,5,0,False,232.57,0.0,0.0,0.0,3.0
Karachi,2026-05-01 20:00:00+00:00,4,41.63,104.96,0.14,0.67,82.06,107.66,0.0,0,0.0,20,1,5,4,False,337.12,0.0,0.0,0.0,4.0
Karachi,2026-04-25 14:00:00+00:00,4,36.32,100.22,0.06,0.24,46.62,104.35,0.0,0,0.0,14,25,4,5,True,287.81,0.0,0.0,1.0,4.0
Karachi,2026-04-16 03:00:00+00:00,3,21.0,71.23,0.16,0.41,108.53,119.76,0.0,0,0.0,3,16,4,3,False,321.09,0.0,0.0,0.0,3.0
Karachi,2026-02-27 02:00:00+00:00,3,28.26,79.26,0.08,0.46,93.96,127.02,0.0,0,0.0,2,27,2,4,False,329.03999999999996,0.0,0.0,0.0,3.0
Karachi,2026-04-22 00:00:00+00:00,3,22.6,81.65,0.08,0.21,48.17,97.69,0.0,0,0.0,0,22,4,2,False,250.39999999999998,0.0,0.0,0.0,3.0
Karachi,2026-04-06 00:00:00+00:00,3,24.07,80.02,0.08,0.23,98.46,126.4,0.0,0,0.0,0,6,4,0,False,329.26,0.0,0.0,0.0,3.0
Karachi,2026-05-06 19:00:00+00:00,3,16.4,73.67,0.08,0.3,47.22,103.76,0.0,0,0.0,19,6,5,2,False,241.43,0.0,0.0,0.0,3.0
Karachi,2026-02-16 23:00:00+00:00,2,18.06,26.98,0.07,0.13,91.82,133.45,0.0,0,0.0,23,16,2,0,False,270.51,0.0,0.0,0.0,2.0
Karachi,2026-04-07 21:00:00+00:00,3,21.9,77.83,0.22,0.77,88.38,122.64,0.0,0,0.0,21,7,4,1,False,311.73999999999995,0.0,0.0,0.0,3.0
Karachi,2026-03-29 07:00:00+00:00,1,4.54,12.08,0.24,0.21,53.85,116.1,0.0,0,0.0,7,29,3,6,True,187.01999999999998,0.0,0.0,0.0,1.0
Karachi,2026-03-24 00:00:00+00:00,2,10.9,19.01,0.07,0.14,48.55,107.01,0.0,0,0.0,0,24,3,1,False,185.68,0.0,0.0,0.0,2.0
Karachi,2026-04-11 21:00:00+00:00,3,26.8,74.76,0.16,0.3,92.49,135.41,0.0,0,0.0,21,11,4,5,True,329.91999999999996,0.0,0.0,0.0,3.0
Karachi,2026-02-11 12:00:00+00:00,5,96.57,212.16,2.92,8.44,145.65,521.49,0.0,0,0.0,12,11,2,2,False,987.23,0.0,0.0,0.0,5.0
Karachi,2026-01-30 15:00:00+00:00,4,62.7,129.42,0.95,6.47,154.84,320.82,0.0,0,0.0,15,30,1,4,False,675.2,0.0,0.0,0.0,4.0
Karachi,2026-04-09 00:00:00+00:00,4,26.82,82.86,0.16,0.8,142.1,137.48,0.0,0,0.0,0,9,4,3,False,390.22,0.0,0.0,0.0,4.0
Karachi,2026-04-28 20:00:00+00:00,3,32.93,88.14,0.15,0.66,78.11,116.29,0.0,0,0.0,20,28,4,1,False,316.28000000000003,0.0,0.0,0.0,3.0
Karachi,2026-04-20 21:00:00+00:00,4,34.75,109.95,0.08,0.22,69.35,109.25,0.0,0,0.0,21,20,4,0,False,323.6,0.0,0.0,0.0,4.0
Karachi,2026-04-16 23:00:00+00:00,3,30.02,79.8,0.13,0.22,84.49,116.52,0.0,0,0.0,23,16,4,3,False,311.17999999999995,0.0,0.0,0.0,3.0
Karachi,2026-02-07 03:00:00+00:00,4,64.11,88.59,0.35,3.36,146.68,301.04,0.0,0,0.0,3,7,2,5,True,604.1300000000001,0.0,0.0,0.0,4.0
Karachi,2026-02-20 09:00:00+00:00,4,57.69,126.34,2.8,7.49,124.21,334.72,0.0,0,0.0,9,20,2,4,False,653.25,0.0,0.0,0.0,4.0
Karachi,2026-01-30 00:00:00+00:00,4,51.19,110.4,2.04,8.95,138.43,342.58,0.0,0,0.0,0,30,1,4,False,653.5899999999999,0.0,0.0,0.0,4.0
Karachi,2026-03-17 16:00:00+00:00,3,30.58,96.22,0.06,0.34,66.31,115.62,0.0,0,0.0,16,17,3,1,False,309.13,0.0,0.0,0.0,3.0
Karachi,2026-04-24 11:00:00+00:00,3,32.64,71.44,0.06,0.27,49.21,106.63,0.0,0,0.0,11,24,4,4,False,260.25,0.0,0.0,0.0,3.0
Karachi,2026-01-17 16:00:00+00:00,3,15.75,48.17,0.16,0.52,114.69,121.98,0.0,0,0.0,16,17,1,5,True,301.27,0.0,0.0,0.0,3.0
Karachi,2026-01-25 15:00:00+00:00,4,32.26,72.5,0.77,4.06,140.4,268.0,0.0,0,0.0,15,25,1,6,True,517.99,0.0,0.0,1.0,4.0
Karachi,2026-03-05 08:00:00+00:00,2,21.45,45.14,0.07,0.21,91.16,117.43,0.0,0,0.0,8,5,3,3,False,275.46,0.0,0.0,0.0,2.0
Karachi,2026-01-08 02:00:00+00:00,3,36.54,80.21,1.16,5.49,117.33,228.73,0.0,0,0.0,2,8,1,3,False,469.46,0.0,0.0,0.0,3.0
Karachi,2026-01-16 01:00:00+00:00,3,16.7,34.01,0.12,0.23,101.74,132.18,0.0,0,0.0,1,16,1,4,False,284.98,0.0,0.0,0.0,3.0
Karachi,2026-03-13 07:00:00+00:00,5,71.95,233.81,0.28,0.31,89.83,133.08,0.0,0,0.0,7,13,3,4,False,529.26,0.0,0.0,0.0,5.0
Karachi,2026-02-23 18:00:00+00:00,3,38.33,61.24,0.1,0.79,109.88,190.95,0.0,0,0.0,18,23,2,0,False,401.28999999999996,0.0,0.0,0.0,3.0
Karachi,2026-05-03 02:00:00+00:00,4,40.26,104.2,0.14,1.27,100.7,118.75,0.0,0,0.0,2,3,5,6,True,365.32,0.0,0.0,0.0,4.0
Karachi,2026-05-01 11:00:00+00:00,4,38.51,109.78,0.09,0.7,75.46,104.76,0.0,0,0.0,11,1,5,4,False,329.29999999999995,0.0,0.0,0.0,4.0
Karachi,2026-05-11 01:00:00+00:00,3,14.82,61.54,0.07,0.31,60.87,91.33,0.0,0,0.0,1,11,5,0,False,228.94,0.0,0.0,0.0,3.0
Karachi,2026-04-23 12:00:00+00:00,3,32.94,84.76,0.05,0.32,52.72,105.07,0.0,0,0.0,12,23,4,3,False,275.86,0.0,0.0,0.0,3.0
Karachi,2026-04-12 20:00:00+00:00,4,48.54,148.82,0.17,0.23,83.56,139.24,0.0,0,0.0,20,12,4,6,True,420.55999999999995,0.0,0.0,0.0,4.0
Karachi,2026-02-06 06:00:00+00:00,5,86.18,153.75,3.17,9.08,118.8,607.05,0.0,0,0.0,6,6,2,4,False,978.03,0.0,0.0,0.0,5.0
Karachi,2026-01-15 21:00:00+00:00,2,14.89,31.15,0.12,0.19,99.04,130.18,0.0,0,0.0,21,15,1,3,False,275.57,0.0,0.0,0.0,2.0
Karachi,2026-04-10 18:00:00+00:00,3,21.9,62.56,0.06,0.18,88.91,126.73,0.0,0,0.0,18,10,4,4,False,300.34000000000003,0.0,0.0,0.0,3.0
Karachi,2026-03-20 07:00:00+00:00,2,18.66,31.58,0.14,0.18,80.63,123.78,0.0,0,0.0,7,20,3,4,False,254.97,0.0,0.0,0.0,2.0
Karachi,2026-05-14 10:00:00+00:00,2,7.97,38.94,0.06,0.37,48.11,76.7,0.0,0,0.0,10,14,5,3,False,172.14999999999998,0.0,0.0,0.0,2.0
Karachi,2026-04-19 03:00:00+00:00,4,34.15,103.58,0.09,0.26,100.42,117.72,0.0,0,0.0,3,19,4,6,True,356.22,0.0,0.0,0.0,4.0
Karachi,2026-01-11 12:00:00+00:00,3,29.66,65.87,1.18,5.23,133.86,198.36,0.0,0,0.0,12,11,1,6,True,434.16,0.0,0.0,0.0,3.0
Karachi,2026-02-01 04:00:00+00:00,3,22.24,48.93,0.24,0.82,117.62,178.24,0.0,0,0.0,4,1,2,6,True,368.09000000000003,0.0,0.0,0.0,3.0
Karachi,2026-03-27 19:00:00+00:00,1,4.04,10.68,0.05,0.12,39.53,93.98,0.0,0,0.0,19,27,3,4,False,148.4,0.0,0.0,0.0,1.0
Karachi,2026-04-28 11:00:00+00:00,3,31.0,80.96,0.09,0.52,78.58,115.65,0.0,0,0.0,11,28,4,1,False,306.79999999999995,0.0,0.0,0.0,3.0
Karachi,2026-02-08 15:00:00+00:00,4,51.65,99.73,0.07,0.22,95.58,214.23,0.0,0,0.0,15,8,2,6,True,461.48,0.0,0.0,0.0,4.0
Karachi,2026-04-14 12:00:00+00:00,4,30.12,109.51,0.11,0.55,100.91,118.69,0.0,0,0.0,12,14,4,1,False,359.89,0.0,0.0,0.0,4.0
Karachi,2026-05-09 19:00:00+00:00,3,14.07,51.41,0.07,0.29,56.6,93.36,0.0,0,0.0,19,9,5,5,True,215.8,0.0,0.0,0.0,3.0
Karachi,2026-02-04 06:00:00+00:00,5,80.69,143.45,3.4,9.12,116.91,582.18,0.0,0,0.0,6,4,2,2,False,935.75,0.0,0.0,0.0,4.0
Karachi,2026-03-30 04:00:00+00:00,3,8.46,32.23,0.24,0.65,124.24,120.47,0.0,0,0.0,4,30,3,0,False,286.28999999999996,0.0,0.0,0.0,3.0
Karachi,2026-04-17 05:00:00+00:00,3,35.73,83.16,0.1,0.22,81.64,112.86,0.0,0,0.0,5,17,4,4,False,313.71,0.0,0.0,0.0,3.0
Karachi,2026-02-09 03:00:00+00:00,3,40.3,91.5,0.08,0.1,97.83,173.31,0.0,0,0.0,3,9,2,0,False,403.12,0.0,0.0,0.0,3.0
Karachi,2026-04-14 08:00:00+00:00,3,17.89,71.26,0.23,0.47,90.07,117.53,0.0,0,0.0,8,14,4,1,False,297.45000000000005,0.0,0.0,0.0,3.0
Karachi,2026-04-01 08:00:00+00:00,3,9.4,27.1,0.14,0.32,114.72,115.95,0.0,0,0.0,8,1,4,2,False,267.63,0.0,0.0,0.0,3.0
Karachi,2026-02-25 00:00:00+00:00,3,31.83,89.7,0.08,0.27,89.12,152.35,0.0,0,0.0,0,25,2,2,False,363.35,0.0,0.0,0.0,3.0
Karachi,2026-01-19 16:00:00+00:00,3,18.54,58.32,0.11,0.27,106.32,122.76,0.0,0,0.0,16,19,1,0,False,306.32,0.0,0.0,0.0,3.0
Karachi,2026-02-04 18:00:00+00:00,5,76.69,150.95,2.33,6.85,157.72,356.79,0.0,0,0.0,18,4,2,2,False,751.3299999999999,0.0,0.0,0.0,5.0
Karachi,2026-03-16 01:00:00+00:00,2,17.3,44.97,0.17,0.34,96.11,122.26,0.0,0,0.0,1,16,3,0,False,281.15,0.0,0.0,0.0,2.0
Karachi,2026-01-20 16:00:00+00:00,3,16.14,48.63,0.07,0.26,104.28,124.32,0.0,0,0.0,16,20,1,1,False,293.7,0.0,0.0,0.0,3.0
Karachi,2026-03-03 04:00:00+00:00,3,23.56,57.89,0.07,0.23,109.67,140.92,0.0,0,0.0,4,3,3,1,False,332.34000000000003,0.0,0.0,0.0,3.0
Karachi,2026-02-21 18:00:00+00:00,4,69.46,138.21,1.35,5.78,177.29,360.72,0.0,0,0.0,18,21,2,5,True,752.8100000000001,0.0,0.0,0.0,4.0
Karachi,2026-05-08 16:00:00+00:00,3,14.35,57.4,0.05,0.34,46.83,94.43,0.0,0,0.0,16,8,5,4,False,213.4,0.0,0.0,0.0,3.0
Karachi,2026-03-04 02:00:00+00:00,3,23.6,55.54,0.07,0.2,98.07,131.3,0.0,0,0.0,2,4,3,2,False,308.78,0.0,0.0,0.0,3.0
Karachi,2026-02-24 17:00:00+00:00,3,33.1,91.54,0.07,0.3,90.24,159.72,0.0,0,0.0,17,24,2,1,False,374.97,0.0,0.0,0.0,3.0
Karachi,2026-04-08 15:00:00+00:00,4,25.48,77.53,0.1,0.81,142.47,132.89,0.0,0,0.0,15,8,4,2,False,379.28,0.0,0.0,0.0,4.0
Karachi,2026-02-14 03:00:00+00:00,2,24.5,47.68,0.11,0.26,93.84,146.34,0.0,0,0.0,3,14,2,5,True,312.73,0.0,0.0,0.0,2.0
Karachi,2026-04-28 13:00:00+00:00,3,31.27,80.91,0.07,0.5,73.7,114.27,0.0,0,0.0,13,28,4,1,False,300.71999999999997,0.0,0.0,0.0,3.0
Karachi,2026-03-28 18:00:00+00:00,1,4.81,14.16,0.14,0.23,46.89,101.25,0.0,0,0.0,18,28,3,5,True,167.48000000000002,0.0,0.0,0.0,1.0
Karachi,2026-05-14 08:00:00+00:00,2,8.83,40.42,0.08,0.4,49.47,79.11,0.0,0,0.0,8,14,5,3,False,178.31,0.0,0.0,0.0,2.0
Karachi,2026-02-12 12:00:00+00:00,5,88.19,165.28,2.79,8.28,152.98,462.8,0.0,0,0.0,12,12,2,3,False,880.3199999999999,0.0,0.0,0.0,5.0
Karachi,2026-04-05 03:00:00+00:00,3,9.13,27.5,0.13,0.26,122.26,126.19,0.0,0,0.0,3,5,4,6,True,285.47,0.0,0.0,0.0,3.0
Karachi,2026-01-10 06:00:00+00:00,3,23.44,56.39,0.98,6.06,117.37,186.19,0.0,0,0.0,6,10,1,5,True,390.43,0.0,0.0,0.0,3.0
Karachi,2026-01-17 18:00:00+00:00,3,11.11,33.82,0.22,0.53,115.12,121.83,0.0,0,0.0,18,17,1,5,True,282.63,0.0,0.0,0.0,3.0
Karachi,2026-04-17 06:00:00+00:00,3,35.5,82.02,0.1,0.22,81.79,112.93,0.0,0,0.0,6,17,4,4,False,312.56,0.0,0.0,0.0,3.0
Karachi,2026-04-26 20:00:00+00:00,4,35.21,101.22,0.14,0.3,63.19,108.56,0.0,0,0.0,20,26,4,6,True,308.62,0.0,0.0,0.0,3.0
Karachi,2026-03-09 19:00:00+00:00,2,18.07,40.85,0.1,0.17,93.06,134.14,0.0,0,0.0,19,9,3,0,False,286.39,0.0,0.0,0.0,2.0
Karachi,2026-01-08 04:00:00+00:00,3,35.04,77.33,0.97,4.81,115.73,222.63,0.0,0,0.0,4,8,1,3,False,456.51,0.0,0.0,0.0,3.0
Karachi,2026-02-28 05:00:00+00:00,4,34.31,156.57,0.1,0.61,93.6,127.66,0.0,0,0.0,5,28,2,5,True,412.85,0.0,0.0,0.0,4.0
Karachi,2026-05-07 04:00:00+00:00,3,16.03,67.14,0.08,0.26,47.59,98.55,0.0,0,0.0,4,7,5,3,False,229.65000000000003,0.0,0.0,0.0,3.0
Karachi,2026-03-15 16:00:00+00:00,3,21.05,58.74,0.16,0.21,91.76,124.39,0.0,0,0.0,16,15,3,6,True,296.31,0.0,0.0,0.0,3.0
Karachi,2026-03-06 02:00:00+00:00,3,24.89,51.42,0.07,0.3,77.15,113.86,0.0,0,0.0,2,6,3,4,False,267.69,0.0,0.0,0.0,3.0
Karachi,2026-05-05 02:00:00+00:00,3,34.77,95.11,0.09,0.6,100.32,126.48,0.0,0,0.0,2,5,5,1,False,357.37,0.0,0.0,0.0,3.0
Karachi,2026-02-25 07:00:00+00:00,3,32.07,88.55,0.07,0.31,93.43,149.98,0.0,0,0.0,7,25,2,2,False,364.40999999999997,0.0,0.0,0.0,3.0
Karachi,2026-03-26 00:00:00+00:00,3,35.2,92.49,0.09,0.1,57.28,109.87,0.0,0,0.0,0,26,3,3,False,295.03,0.0,0.0,0.0,3.0
Karachi,2026-01-23 06:00:00+00:00,3,4.07,21.36,0.27,0.32,108.84,154.72,0.0,0,0.0,6,23,1,4,False,289.58000000000004,0.0,0.0,0.0,3.0
Karachi,2026-02-10 10:00:00+00:00,3,49.89,89.91,0.1,0.35,96.24,202.25,0.0,0,0.0,10,10,2,1,False,438.74,0.0,0.0,-1.0,3.0
Karachi,2026-01-02 19:00:00+00:00,4,53.8,97.19,1.06,8.0,141.35,278.61,0.0,0,0.0,19,2,1,4,False,580.01,0.0,0.0,0.0,4.0
Karachi,2026-03-02 08:00:00+00:00,3,24.43,57.32,0.09,0.35,133.85,157.41,0.0,0,0.0,8,2,3,0,False,373.45,0.0,0.0,0.0,3.0
Karachi,2026-01-13 03:00:00+00:00,4,61.94,113.35,1.6,13.33,132.42,337.38,0.0,0,0.0,3,13,1,1,False,660.02,0.0,0.0,0.0,4.0
Karachi,2026-03-08 05:00:00+00:00,3,19.48,45.98,0.12,0.48,114.26,140.75,0.0,0,0.0,5,8,3,6,True,321.07,0.0,0.0,0.0,3.0
Karachi,2026-04-20 03:00:00+00:00,3,29.86,78.97,0.09,0.62,105.78,118.81,0.0,0,0.0,3,20,4,0,False,334.13,0.0,0.0,0.0,3.0
Karachi,2026-04-01 06:00:00+00:00,3,9.8,28.21,0.12,0.37,115.02,115.9,0.0,0,0.0,6,1,4,2,False,269.41999999999996,0.0,0.0,0.0,3.0
Karachi,2026-01-27 03:00:00+00:00,3,43.63,95.65,1.58,8.67,130.87,342.38,0.0,0,0.0,3,27,1,1,False,622.78,0.0,0.0,0.0,3.0
Karachi,2026-04-12 10:00:00+00:00,4,44.35,132.97,0.16,0.2,91.59,138.7,0.0,0,0.0,10,12,4,6,True,407.96999999999997,0.0,0.0,0.0,4.0
Karachi,2026-02-02 00:00:00+00:00,2,9.67,33.37,0.16,0.28,98.87,135.32,0.0,0,0.0,0,2,2,0,False,277.66999999999996,0.0,0.0,-1.0,2.0
Karachi,2026-02-18 02:00:00+00:00,2,22.84,39.19,0.78,2.52,85.3,162.44,0.0,0,0.0,2,18,2,2,False,313.07,0.0,0.0,0.0,3.0
Karachi,2026-01-22 17:00:00+00:00,3,11.42,18.53,0.23,0.56,101.84,132.75,0.0,0,0.0,17,22,1,3,False,265.33000000000004,0.0,0.0,1.0,3.0
Karachi,2026-01-11 10:00:00+00:00,3,30.26,70.03,1.54,5.22,125.93,201.74,0.0,0,0.0,10,11,1,6,True,434.72,0.0,0.0,0.0,3.0
Karachi,2026-03-12 16:00:00+00:00,4,47.52,128.25,0.17,0.38,82.68,131.57,0.0,0,0.0,16,12,3,3,False,390.57,0.0,0.0,0.0,4.0
Karachi,2026-01-03 17:00:00+00:00,4,61.09,100.66,0.59,7.16,135.89,302.51,0.0,0,0.0,17,3,1,5,True,607.9,0.0,0.0,0.0,4.0
Karachi,2026-03-03 02:00:00+00:00,3,23.64,57.6,0.08,0.22,109.58,142.62,0.0,0,0.0,2,3,3,1,False,333.74,0.0,0.0,0.0,3.0
Karachi,2026-01-21 18:00:00+00:00,2,14.3,36.27,0.09,0.29,98.34,118.23,0.0,0,0.0,18,21,1,2,False,267.52000000000004,0.0,0.0,0.0,2.0
Karachi,2026-03-30 06:00:00+00:00,3,8.54,33.33,0.24,0.71,123.05,119.74,0.0,0,0.0,6,30,3,0,False,285.61,0.0,0.0,0.0,3.0
Karachi,2026-03-23 00:00:00+00:00,2,19.36,38.13,0.06,0.07,61.9,107.04,0.0,0,0.0,0,23,3,0,False,226.56,0.0,0.0,0.0,2.0
Karachi,2026-03-11 17:00:00+00:00,4,33.17,120.75,0.07,0.36,70.76,126.89,0.0,0,0.0,17,11,3,2,False,352.0,0.0,0.0,0.0,4.0
Karachi,2026-03-17 14:00:00+00:00,3,28.91,89.42,0.05,0.32,68.13,114.9,0.0,0,0.0,14,17,3,1,False,301.73,0.0,0.0,0.0,3.0
Karachi,2026-05-03 04:00:00+00:00,3,38.67,97.94,0.13,1.13,100.48,120.08,0.0,0,0.0,4,3,5,6,True,358.43,0.0,0.0,-1.0,3.0
Karachi,2026-04-23 14:00:00+00:00,3,32.81,82.03,0.05,0.31,50.97,104.96,0.0,0,0.0,14,23,4,3,False,271.13,0.0,0.0,0.0,3.0
Karachi,2026-05-07 19:00:00+00:00,3,13.98,54.03,0.09,0.33,49.57,95.53,0.0,0,0.0,19,7,5,3,False,213.53,0.0,0.0,0.0,3.0
Karachi,2026-02-07 18:00:00+00:00,3,48.65,74.33,0.13,0.51,109.06,214.89,0.0,0,0.0,18,7,2,5,True,447.57,0.0,0.0,0.0,3.0
Karachi,2026-01-09 10:00:00+00:00,3,34.47,68.38,1.64,7.29,119.81,257.35,0.0,0,0.0,10,9,1,4,False,488.94000000000005,0.0,0.0,0.0,3.0
Karachi,2026-04-26 11:00:00+00:00,4,39.03,101.5,0.08,0.33,65.65,108.52,0.0,0,0.0,11,26,4,6,True,315.11,0.0,0.0,1.0,4.0
Karachi,2026-02-19 21:00:00+00:00,4,61.74,109.89,2.97,7.75,155.95,378.95,0.0,0,0.0,21,19,2,3,False,717.25,0.0,0.0,0.0,4.0
Karachi,2026-03-11 19:00:00+00:00,4,41.63,168.04,0.14,0.37,70.61,131.25,0.0,0,0.0,19,11,3,2,False,412.03999999999996,0.0,0.0,0.0,4.0
Karachi,2026-02-26 13:00:00+00:00,3,29.27,72.33,0.04,0.48,97.68,134.53,0.0,0,0.0,13,26,2,3,False,334.33000000000004,0.0,0.0,0.0,3.0
Karachi,2026-04-06 02:00:00+00:00,3,24.51,82.12,0.07,0.26,95.7,125.43,0.0,0,0.0,2,6,4,0,False,328.09000000000003,0.0,0.0,0.0,3.0
Karachi,2026-01-10 04:00:00+00:00,3,23.74,56.32,1.11,5.96,116.85,193.03,0.0,0,0.0,4,10,1,5,True,397.01,0.0,0.0,0.0,3.0
Karachi,2026-04-30 08:00:00+00:00,3,36.84,92.71,0.14,0.59,86.81,116.6,0.0,0,0.0,8,30,4,3,False,333.69,0.0,0.0,0.0,3.0
Karachi,2026-02-10 12:00:00+00:00,3,44.2,81.91,0.08,0.37,93.6,189.47,0.0,0,0.0,12,10,2,1,False,409.63,0.0,0.0,0.0,3.0
Karachi,2026-05-07 02:00:00+00:00,3,15.85,69.41,0.09,0.27,46.05,98.43,0.0,0,0.0,2,7,5,3,False,230.1,0.0,0.0,0.0,3.0
Karachi,2026-05-12 13:00:00+00:00,3,22.29,77.15,0.06,0.34,67.46,93.69,0.0,0,0.0,13,12,5,1,False,260.99,0.0,0.0,0.0,3.0
Karachi,2026-01-06 14:00:00+00:00,4,72.39,156.57,0.95,7.73,135.73,297.84,0.0,0,0.0,14,6,1,1,False,671.2099999999999,0.0,0.0,0.0,4.0
Karachi,2026-02-03 21:00:00+00:00,5,101.92,178.05,1.01,7.86,169.08,440.82,0.0,0,0.0,21,3,2,1,False,898.74,0.0,0.0,0.0,5.0
Karachi,2026-02-17 03:00:00+00:00,2,20.7,32.01,0.07,0.13,90.94,139.23,0.0,0,0.0,3,17,2,1,False,283.08,0.0,0.0,0.0,2.0
Karachi,2026-01-18 19:00:00+00:00,3,18.25,65.63,0.18,0.28,106.04,121.96,0.0,0,0.0,19,18,1,6,True,312.34,0.0,0.0,0.0,3.0
Karachi,2026-03-14 10:00:00+00:00,4,48.4,128.22,0.09,0.33,87.31,123.08,0.0,0,0.0,10,14,3,5,True,387.43,0.0,0.0,0.0,4.0
Karachi,2026-02-14 05:00:00+00:00,2,23.47,45.48,0.09,0.26,93.7,142.53,0.0,0,0.0,5,14,2,5,True,305.53,0.0,0.0,0.0,2.0
Karachi,2026-03-11 12:00:00+00:00,3,24.89,56.71,0.03,0.32,79.88,117.03,0.0,0,0.0,12,11,3,2,False,278.86,0.0,0.0,0.0,3.0
Karachi,2026-01-22 09:00:00+00:00,2,13.22,35.54,0.11,0.34,97.4,113.48,0.0,0,0.0,9,22,1,3,False,260.09000000000003,0.0,0.0,0.0,2.0
Karachi,2026-04-16 05:00:00+00:00,3,23.61,84.55,0.14,0.39,99.29,117.79,0.0,0,0.0,5,16,4,3,False,325.77000000000004,0.0,0.0,0.0,3.0
Karachi,2026-05-09 17:00:00+00:00,3,14.27,53.94,0.05,0.28,54.42,92.77,0.0,0,0.0,17,9,5,5,True,215.73,0.0,0.0,0.0,3.0
Karachi,2026-03-14 16:00:00+00:00,4,40.97,102.14,0.05,0.32,74.44,118.92,0.0,0,0.0,16,14,3,5,True,336.84000000000003,0.0,0.0,0.0,3.0
Karachi,2026-03-03 09:00:00+00:00,3,21.51,54.74,0.07,0.23,111.62,139.44,0.0,0,0.0,9,3,3,1,False,327.61,0.0,0.0,0.0,3.0
Karachi,2026-03-16 13:00:00+00:00,3,21.7,69.96,0.07,0.33,88.79,127.35,0.0,0,0.0,13,16,3,0,False,308.2,0.0,0.0,0.0,3.0
Karachi,2026-01-07 10:00:00+00:00,4,52.26,130.53,2.0,5.75,114.37,257.18,0.0,0,0.0,10,7,1,2,False,562.0899999999999,0.0,0.0,0.0,4.0
Karachi,2026-03-06 23:00:00+00:00,4,37.3,106.83,0.13,0.43,78.64,116.86,0.0,0,0.0,23,6,3,4,False,340.19,0.0,0.0,0.0,4.0
Karachi,2026-03-28 16:00:00+00:00,1,5.02,15.05,0.1,0.23,50.24,101.35,0.0,0,0.0,16,28,3,5,True,171.99,0.0,0.0,0.0,1.0
Karachi,2026-03-30 13:00:00+00:00,3,10.22,35.75,0.15,0.8,125.16,122.4,0.0,0,0.0,13,30,3,0,False,294.48,0.0,0.0,0.0,3.0
Karachi,2026-04-09 21:00:00+00:00,3,23.86,71.53,0.09,0.32,115.32,127.25,0.0,0,0.0,21,9,4,3,False,338.37,0.0,0.0,0.0,3.0
Karachi,2026-01-14 22:00:00+00:00,2,15.02,47.86,0.12,0.19,96.14,143.25,0.0,0,0.0,22,14,1,2,False,302.58,0.0,0.0,0.0,2.0
Karachi,2026-02-22 00:00:00+00:00,4,59.78,111.19,0.55,4.42,154.54,300.36,0.0,0,0.0,0,22,2,6,True,630.84,0.0,0.0,0.0,4.0
Karachi,2026-03-19 07:00:00+00:00,3,36.85,91.97,0.07,0.24,76.01,126.13,0.0,0,0.0,7,19,3,3,False,331.27,0.0,0.0,0.0,3.0
Karachi,2026-03-31 07:00:00+00:00,3,8.56,27.37,0.19,0.69,121.31,117.78,0.0,0,0.0,7,31,3,1,False,275.9,0.0,0.0,0.0,3.0
Karachi,2026-03-25 22:00:00+00:00,3,33.7,92.81,0.09,0.09,55.72,109.06,0.0,0,0.0,22,25,3,2,False,291.47,0.0,0.0,0.0,3.0
Karachi,2026-04-20 05:00:00+00:00,3,30.4,80.38,0.09,0.62,105.42,118.86,0.0,0,0.0,5,20,4,0,False,335.77000000000004,0.0,0.0,0.0,3.0
Karachi,2026-04-12 12:00:00+00:00,4,44.23,128.29,0.11,0.19,89.05,139.37,0.0,0,0.0,12,12,4,6,True,401.24,0.0,0.0,0.0,4.0
Karachi,2026-05-04 05:00:00+00:00,4,36.32,102.35,0.18,0.63,105.31,127.91,0.0,0,0.0,5,4,5,0,False,372.7,0.0,0.0,0.0,3.0
Karachi,2026-01-24 07:00:00+00:00,3,6.02,28.54,1.0,2.49,103.09,146.76,0.0,0,0.0,7,24,1,5,True,287.9,0.0,0.0,0.0,3.0
Karachi,2026-04-27 17:00:00+00:00,3,28.04,71.4,0.07,0.35,66.87,104.11,0.0,0,0.0,17,27,4,0,False,270.84,0.0,0.0,0.0,3.0
Karachi,2026-02-24 15:00:00+00:00,3,33.62,90.43,0.06,0.31,92.11,163.59,0.0,0,0.0,15,24,2,1,False,380.12,0.0,0.0,0.0,3.0
Karachi,2026-05-11 17:00:00+00:00,3,15.62,61.83,0.05,0.35,54.77,87.24,0.0,0,0.0,17,11,5,0,False,219.86,0.0,0.0,0.0,3.0
Karachi,2026-01-06 02:00:00+00:00,4,74.12,174.5,2.28,15.06,131.34,368.39,0.0,0,0.0,2,6,1,1,False,765.6899999999999,0.0,0.0,0.0,5.0
Karachi,2026-02-25 19:00:00+00:00,3,31.34,74.1,0.08,0.3,91.23,142.56,0.0,0,0.0,19,25,2,2,False,339.61,0.0,0.0,0.0,3.0
Karachi,2026-04-25 12:00:00+00:00,3,36.47,98.33,0.06,0.23,47.99,105.07,0.0,0,0.0,12,25,4,5,True,288.15,0.0,0.0,0.0,3.0
Karachi,2026-04-15 22:00:00+00:00,3,16.24,47.58,0.21,0.47,111.4,120.05,0.0,0,0.0,22,15,4,2,False,295.95,0.0,0.0,0.0,3.0
Karachi,2026-05-10 23:00:00+00:00,3,14.8,60.24,0.08,0.31,60.98,91.49,0.0,0,0.0,23,10,5,6,True,227.89999999999998,0.0,0.0,0.0,3.0
Karachi,2026-04-23 10:00:00+00:00,3,32.88,87.03,0.06,0.33,54.43,104.99,0.0,0,0.0,10,23,4,3,False,279.71999999999997,0.0,0.0,0.0,3.0
Karachi,2026-03-06 09:00:00+00:00,3,32.63,92.16,0.12,0.66,82.1,115.67,0.0,0,0.0,9,6,3,4,False,323.34,0.0,0.0,0.0,3.0
Karachi,2026-02-21 03:00:00+00:00,4,49.69,105.68,3.65,7.32,116.5,397.56,0.0,0,0.0,3,21,2,5,True,680.4000000000001,0.0,0.0,0.0,4.0
Karachi,2026-01-13 12:00:00+00:00,4,60.05,117.98,1.67,11.76,134.1,273.36,0.0,0,0.0,12,13,1,1,False,598.92,0.0,0.0,0.0,4.0
Karachi,2026-03-01 02:00:00+00:00,4,45.23,168.06,0.1,0.6,93.17,135.77,0.0,0,0.0,2,1,3,6,True,442.92999999999995,0.0,0.0,0.0,4.0
Karachi,2026-03-14 08:00:00+00:00,4,49.19,132.62,0.14,0.34,90.92,124.09,0.0,0,0.0,8,14,3,5,True,397.29999999999995,0.0,0.0,0.0,4.0
Karachi,2026-02-19 08:00:00+00:00,3,33.42,68.36,0.93,5.25,120.7,230.48,0.0,0,0.0,8,19,2,3,False,459.14,0.0,0.0,0.0,3.0
Karachi,2026-01-19 09:00:00+00:00,3,20.43,68.05,0.21,0.31,107.6,127.02,0.0,0,0.0,9,19,1,0,False,323.61999999999995,0.0,0.0,0.0,3.0
Karachi,2026-04-13 21:00:00+00:00,2,13.17,33.89,0.17,0.36,70.07,117.33,0.0,0,0.0,21,13,4,0,False,234.99,0.0,0.0,0.0,2.0
Karachi,2026-05-04 19:00:00+00:00,4,33.26,115.5,0.13,0.35,97.66,118.74,0.0,0,0.0,19,4,5,0,False,365.64,0.0,0.0,0.0,4.0
Karachi,2026-03-17 18:00:00+00:00,3,31.51,94.98,0.09,0.37,65.6,116.82,0.0,0,0.0,18,17,3,1,False,309.37,0.0,0.0,0.0,3.0
Karachi,2026-04-24 13:00:00+00:00,3,32.65,69.37,0.05,0.27,48.1,106.81,0.0,0,0.0,13,24,4,4,False,257.25,0.0,0.0,0.0,3.0
Karachi,2026-04-01 13:00:00+00:00,3,9.8,28.4,0.07,0.26,108.99,116.3,0.0,0,0.0,13,1,4,2,False,263.82,0.0,0.0,0.0,3.0
Karachi,2026-04-22 11:00:00+00:00,3,25.05,92.99,0.05,0.23,51.36,98.47,0.0,0,0.0,11,22,4,2,False,268.15,0.0,0.0,0.0,3.0
Karachi,2026-01-12 13:00:00+00:00,3,49.32,89.48,0.99,7.82,139.91,254.76,0.0,0,0.0,13,12,1,0,False,542.28,0.0,0.0,0.0,4.0
Karachi,2026-02-02 22:00:00+00:00,5,123.57,239.51,1.1,9.7,183.15,523.46,0.0,0,0.0,22,2,2,0,False,1080.49,0.0,0.0,0.0,5.0
Karachi,2026-04-07 10:00:00+00:00,3,14.28,59.92,0.09,0.44,54.25,123.01,0.0,0,0.0,10,7,4,1,False,251.99,0.0,0.0,0.0,3.0
Karachi,2026-03-13 09:00:00+00:00,5,68.44,211.14,0.38,0.3,86.87,134.26,0.0,0,0.0,9,13,3,4,False,501.39,0.0,0.0,0.0,4.0
Karachi,2026-01-10 18:00:00+00:00,3,33.78,67.45,1.03,6.36,139.77,209.43,0.0,0,0.0,18,10,1,5,True,457.82000000000005,0.0,0.0,0.0,4.0
Karachi,2026-01-18 10:00:00+00:00,3,11.62,42.04,0.19,0.41,111.54,120.11,0.0,0,0.0,10,18,1,6,True,285.91,0.0,0.0,0.0,3.0
Karachi,2026-01-08 16:00:00+00:00,3,30.53,58.44,0.83,4.5,128.68,222.84,0.0,0,0.0,16,8,1,3,False,445.82000000000005,0.0,0.0,0.0,3.0
Karachi,2026-02-27 14:00:00+00:00,4,31.55,124.56,0.05,0.67,98.93,125.22,0.0,0,0.0,14,27,2,4,False,380.98,0.0,0.0,0.0,4.0
Karachi,2026-01-25 13:00:00+00:00,3,30.48,73.81,0.9,3.86,134.17,268.24,0.0,0,0.0,13,25,1,6,True,511.46000000000004,0.0,0.0,0.0,3.0
Karachi,2026-04-24 02:00:00+00:00,3,33.43,79.21,0.1,0.3,47.75,105.8,0.0,0,0.0,2,24,4,4,False,266.59,0.0,0.0,0.0,3.0
Karachi,2026-03-11 08:00:00+00:00,2,23.91,45.34,0.07,0.24,79.54,114.39,0.0,0,0.0,8,11,3,2,False,263.49,0.0,0.0,0.0,2.0
Karachi,2026-04-19 15:00:00+00:00,3,32.94,89.0,0.06,0.46,103.6,123.74,0.0,0,0.0,15,19,4,6,True,349.8,0.0,0.0,0.0,3.0
Karachi,2026-01-06 09:00:00+00:00,4,64.04,156.68,1.69,6.43,111.24,268.48,0.0,0,0.0,9,6,1,1,False,608.5600000000001,0.0,0.0,0.0,4.0
Karachi,2026-04-21 12:00:00+00:00,3,30.09,93.74,0.03,0.37,71.94,108.37,0.0,0,0.0,12,21,4,1,False,304.54,0.0,0.0,0.0,3.0
Karachi,2026-04-17 20:00:00+00:00,4,55.14,173.89,0.09,0.17,74.92,109.19,0.0,0,0.0,20,17,4,4,False,413.4,0.0,0.0,0.0,4.0
Karachi,2026-01-24 20:00:00+00:00,3,16.65,56.21,1.11,3.82,118.21,167.63,0.0,0,0.0,20,24,1,5,True,363.63,0.0,0.0,0.0,3.0
Karachi,2026-03-19 22:00:00+00:00,2,22.3,37.5,0.27,0.45,78.83,125.3,0.0,0,0.0,22,19,3,3,False,264.65,0.0,0.0,0.0,2.0
Karachi,2026-01-30 17:00:00+00:00,4,59.33,116.62,0.97,6.36,157.28,310.55,0.0,0,0.0,17,30,1,4,False,651.11,0.0,0.0,0.0,4.0
Karachi,2026-03-10 09:00:00+00:00,3,22.76,63.47,0.09,0.33,93.38,120.97,0.0,0,0.0,9,10,3,1,False,301.0,0.0,0.0,0.0,3.0
Karachi,2026-02-05 19:00:00+00:00,5,76.47,142.76,1.82,6.44,159.09,366.19,0.0,0,0.0,19,5,2,3,False,752.77,0.0,0.0,0.0,5.0
Karachi,2026-03-17 02:00:00+00:00,4,33.22,103.77,0.1,0.41,75.12,120.99,0.0,0,0.0,2,17,3,1,False,333.61,0.0,0.0,0.0,4.0
Karachi,2026-04-16 21:00:00+00:00,3,27.6,76.35,0.14,0.21,85.26,116.69,0.0,0,0.0,21,16,4,3,False,306.25,0.0,0.0,0.0,3.0
Karachi,2026-03-18 23:00:00+00:00,3,36.27,97.33,0.1,0.28,68.02,122.73,0.0,0,0.0,23,18,3,2,False,324.73,0.0,0.0,0.0,3.0
Karachi,2026-02-22 02:00:00+00:00,4,56.93,102.72,0.44,3.98,147.8,282.39,0.0,0,0.0,2,22,2,6,True,594.26,0.0,0.0,0.0,4.0
Karachi,2026-03-15 07:00:00+00:00,4,38.73,109.88,0.15,0.64,99.37,138.27,0.0,0,0.0,7,15,3,6,True,387.03999999999996,0.0,0.0,0.0,4.0
Karachi,2026-01-04 21:00:00+00:00,3,40.09,66.71,0.42,5.15,126.25,230.68,0.0,0,0.0,21,4,1,6,True,469.3,0.0,0.0,0.0,3.0
Karachi,2026-04-12 22:00:00+00:00,4,47.32,141.91,0.16,0.3,85.07,139.37,0.0,0,0.0,22,12,4,6,True,414.13,0.0,0.0,0.0,4.0
Karachi,2026-01-21 20:00:00+00:00,2,13.46,33.9,0.09,0.25,98.08,116.22,0.0,0,0.0,20,21,1,2,False,262.0,0.0,0.0,0.0,2.0
Karachi,2026-03-22 16:00:00+00:00,2,20.34,42.69,0.04,0.07,59.58,107.77,0.0,0,0.0,16,22,3,6,True,230.49,0.0,0.0,0.0,2.0
Karachi,2026-03-09 10:00:00+00:00,3,22.49,48.93,0.07,0.31,104.53,152.71,0.0,0,0.0,10,9,3,0,False,329.03999999999996,0.0,0.0,0.0,3.0
Karachi,2026-02-10 01:00:00+00:00,3,48.91,88.78,0.1,0.27,99.45,193.1,0.0,0,0.0,1,10,2,1,False,430.61,0.0,0.0,0.0,4.0
Karachi,2026-03-07 08:00:00+00:00,3,26.26,80.29,0.19,0.54,96.15,127.26,0.0,0,0.0,8,7,3,5,True,330.69,0.0,0.0,0.0,3.0
Karachi,2026-01-22 16:00:00+00:00,2,13.91,25.14,0.14,0.57,97.86,124.46,0.0,0,0.0,16,22,1,3,False,262.08,0.0,0.0,0.0,3.0
Karachi,2026-02-17 11:00:00+00:00,2,20.92,32.68,0.04,0.12,89.4,136.52,0.0,0,0.0,11,17,2,1,False,279.68,0.0,0.0,0.0,2.0
Karachi,2026-03-14 18:00:00+00:00,3,35.44,90.0,0.09,0.34,74.79,118.96,0.0,0,0.0,18,14,3,5,True,319.62,0.0,0.0,0.0,3.0
Karachi,2026-05-10 06:00:00+00:00,3,14.99,59.8,0.06,0.32,63.88,92.39,0.0,0,0.0,6,10,5,6,True,231.44,0.0,0.0,0.0,3.0
Karachi,2026-01-21 06:00:00+00:00,3,14.77,41.7,0.08,0.23,103.1,120.7,0.0,0,0.0,6,21,1,2,False,280.58,0.0,0.0,0.0,3.0
Karachi,2026-02-28 03:00:00+00:00,4,39.38,174.86,0.11,0.87,104.04,131.92,0.0,0,0.0,3,28,2,5,True,451.18000000000006,0.0,0.0,0.0,4.0
Karachi,2026-02-14 21:00:00+00:00,2,19.38,43.52,0.08,0.08,88.2,121.91,0.0,0,0.0,21,14,2,5,True,273.16999999999996,0.0,0.0,0.0,2.0
Karachi,2026-03-30 15:00:00+00:00,3,11.09,37.33,0.15,0.83,124.19,122.76,0.0,0,0.0,15,30,3,0,False,296.35,0.0,0.0,0.0,3.0
Karachi,2026-03-25 10:00:00+00:00,2,19.95,47.21,0.06,0.13,53.41,107.55,0.0,0,0.0,10,25,3,2,False,228.31,0.0,0.0,0.0,3.0
Karachi,2026-04-07 14:00:00+00:00,3,16.33,61.74,0.1,0.67,75.67,121.63,0.0,0,0.0,14,7,4,1,False,276.14,0.0,0.0,0.0,3.0
Karachi,2026-05-02 15:00:00+00:00,3,34.02,89.97,0.07,1.0,90.89,111.84,0.0,0,0.0,15,2,5,5,True,327.78999999999996,0.0,0.0,0.0,3.0
Karachi,2026-01-16 12:00:00+00:00,3,17.44,34.61,0.1,0.25,103.24,132.9,0.0,0,0.0,12,16,1,4,False,288.53999999999996,0.0,0.0,0.0,3.0
Karachi,2026-04-11 09:00:00+00:00,3,27.49,81.45,0.08,0.35,112.78,144.89,0.0,0,0.0,9,11,4,5,True,367.03999999999996,0.0,0.0,0.0,3.0
Karachi,2026-04-15 18:00:00+00:00,3,21.15,71.4,0.14,0.5,104.62,121.33,0.0,0,0.0,18,15,4,2,False,319.14,0.0,0.0,0.0,3.0
Karachi,2026-02-24 13:00:00+00:00,3,34.07,89.01,0.05,0.38,95.28,166.46,0.0,0,0.0,13,24,2,1,False,385.25,0.0,0.0,0.0,3.0
Karachi,2026-03-03 13:00:00+00:00,3,21.37,55.12,0.04,0.22,105.74,139.48,0.0,0,0.0,13,3,3,1,False,321.97,0.0,0.0,0.0,3.0
Karachi,2026-02-03 08:00:00+00:00,5,79.08,163.98,2.63,8.79,107.14,458.96,0.0,0,0.0,8,3,2,1,False,820.5799999999999,0.0,0.0,0.0,5.0
Karachi,2026-02-16 12:00:00+00:00,2,15.92,23.97,0.03,0.09,93.07,125.5,0.0,0,0.0,12,16,2,0,False,258.58,0.0,0.0,0.0,2.0
Karachi,2026-05-09 01:00:00+00:00,3,15.57,61.08,0.08,0.35,50.44,95.7,0.0,0,0.0,1,9,5,5,True,223.22,0.0,0.0,0.0,3.0
Karachi,2026-01-20 07:00:00+00:00,3,15.63,49.8,0.12,0.31,108.66,125.48,0.0,0,0.0,7,20,1,1,False,300.0,0.0,0.0,0.0,3.0
Karachi,2026-03-24 05:00:00+00:00,2,14.29,26.28,0.07,0.17,49.14,107.09,0.0,0,0.0,5,24,3,1,False,197.04000000000002,0.0,0.0,0.0,2.0
Karachi,2026-02-27 04:00:00+00:00,3,27.48,82.43,0.08,0.49,92.23,126.06,0.0,0,0.0,4,27,2,4,False,328.77,0.0,0.0,0.0,3.0
Karachi,2026-04-18 12:00:00+00:00,4,44.13,145.67,0.04,0.19,91.08,117.17,0.0,0,0.0,12,18,4,5,True,398.28,0.0,0.0,0.0,4.0
Karachi,2026-03-28 06:00:00+00:00,1,6.14,16.17,0.08,0.22,36.03,92.17,0.0,0,0.0,6,28,3,5,True,150.81,0.0,0.0,0.0,1.0
Karachi,2026-02-12 05:00:00+00:00,5,89.31,153.63,2.52,7.52,122.6,545.59,0.0,0,0.0,5,12,2,3,False,921.1700000000001,0.0,0.0,0.0,5.0
Karachi,2026-02-02 09:00:00+00:00,4,61.15,152.76,3.23,9.63,110.61,374.19,0.0,0,0.0,9,2,2,0,False,711.5699999999999,0.0,0.0,0.0,5.0
Karachi,2026-05-06 05:00:00+00:00,3,19.99,89.6,0.07,0.27,55.25,114.49,0.0,0,0.0,5,6,5,2,False,279.66999999999996,0.0,0.0,0.0,3.0
Karachi,2026-01-17 05:00:00+00:00,3,31.11,91.41,0.19,0.38,101.95,142.7,0.0,0,0.0,5,17,1,5,True,367.74,0.0,0.0,0.0,3.0
Karachi,2026-02-14 14:00:00+00:00,2,20.76,42.89,0.04,0.12,86.04,125.0,0.0,0,0.0,14,14,2,5,True,274.85,0.0,0.0,0.0,2.0
Karachi,2026-03-11 21:00:00+00:00,5,53.39,209.52,0.18,0.37,72.8,133.68,0.0,0,0.0,21,11,3,2,False,469.94000000000005,0.0,0.0,1.0,5.0
Karachi,2026-03-27 07:00:00+00:00,1,5.55,12.13,0.04,0.07,47.44,102.39,0.0,0,0.0,7,27,3,4,False,167.62,0.0,0.0,0.0,1.0
Karachi,2026-03-23 15:00:00+00:00,1,9.64,13.82,0.03,0.06,52.72,109.42,0.0,0,0.0,15,23,3,0,False,185.69,0.0,0.0,-1.0,1.0
Karachi,2026-02-12 19:00:00+00:00,5,96.72,159.03,1.67,7.63,196.35,465.42,0.0,0,0.0,19,12,2,3,False,926.8199999999999,0.0,0.0,0.0,5.0
Karachi,2026-02-11 00:00:00+00:00,3,32.65,65.32,0.14,0.37,91.19,158.39,0.0,0,0.0,0,11,2,2,False,348.06,0.0,0.0,0.0,3.0
Karachi,2026-05-01 22:00:00+00:00,4,41.6,105.27,0.14,0.78,86.29,108.94,0.0,0,0.0,22,1,5,4,False,343.02,0.0,0.0,0.0,4.0
Karachi,2026-03-08 07:00:00+00:00,3,20.02,45.8,0.12,0.48,115.42,144.57,0.0,0,0.0,7,8,3,6,True,326.40999999999997,0.0,0.0,0.0,3.0
Karachi,2026-01-03 02:00:00+00:00,4,56.18,103.81,1.31,10.88,138.63,323.72,0.0,0,0.0,2,3,1,5,True,634.53,0.0,0.0,0.0,4.0
Karachi,2026-04-08 13:00:00+00:00,4,23.9,71.25,0.1,0.81,145.88,131.59,0.0,0,0.0,13,8,4,2,False,373.53,0.0,0.0,0.0,4.0
Karachi,2026-03-26 09:00:00+00:00,2,18.78,41.32,0.07,0.09,62.71,106.46,0.0,0,0.0,9,26,3,3,False,229.43,0.0,0.0,0.0,2.0
Karachi,2026-01-23 17:00:00+00:00,3,4.19,17.77,0.2,0.14,106.13,125.95,0.0,0,0.0,17,23,1,4,False,254.38,0.0,0.0,0.0,3.0
Karachi,2026-02-08 04:00:00+00:00,3,48.58,84.22,0.09,0.23,103.42,210.38,0.0,0,0.0,4,8,2,6,True,446.92,0.0,0.0,0.0,3.0
Karachi,2026-04-30 17:00:00+00:00,3,34.71,92.54,0.08,0.41,59.93,106.71,0.0,0,0.0,17,30,4,3,False,294.38,0.0,0.0,0.0,3.0
Karachi,2026-01-29 14:00:00+00:00,3,33.93,86.23,0.7,4.96,136.1,237.78,0.0,0,0.0,14,29,1,3,False,499.69999999999993,0.0,0.0,0.0,4.0
Karachi,2026-03-15 21:00:00+00:00,3,19.55,51.57,0.22,0.27,89.71,123.72,0.0,0,0.0,21,15,3,6,True,285.03999999999996,0.0,0.0,0.0,3.0
Karachi,2026-04-02 18:00:00+00:00,1,3.38,5.93,0.08,0.12,51.66,113.54,0.0,0,0.0,18,2,4,3,False,174.71,0.0,0.0,0.0,1.0
Karachi,2026-03-31 16:00:00+00:00,3,9.3,26.81,0.14,0.61,113.95,117.31,0.0,0,0.0,16,31,3,1,False,268.12,0.0,0.0,0.0,3.0
Karachi,2026-01-26 16:00:00+00:00,4,60.28,130.79,0.87,5.35,152.18,330.91,0.0,0,0.0,16,26,1,0,False,680.3800000000001,0.0,0.0,0.0,4.0
Karachi,2026-05-03 16:00:00+00:00,3,32.48,81.32,0.09,1.18,95.97,119.66,0.0,0,0.0,16,3,5,6,True,330.7,0.0,0.0,0.0,3.0
Karachi,2026-01-14 08:00:00+00:00,4,66.4,117.61,1.11,11.27,119.28,316.21,0.0,0,0.0,8,14,1,2,False,631.88,0.0,0.0,0.0,4.0
Karachi,2026-02-12 01:00:00+00:00,5,87.01,145.59,3.47,8.53,131.07,545.56,0.0,0,0.0,1,12,2,3,False,921.23,0.0,0.0,0.0,5.0
Karachi,2026-04-09 12:00:00+00:00,3,25.57,78.39,0.05,0.59,125.49,135.12,0.0,0,0.0,12,9,4,3,False,365.21000000000004,0.0,0.0,0.0,3.0
Karachi,2026-02-20 11:00:00+00:00,4,60.54,137.59,3.02,7.36,132.37,343.89,0.0,0,0.0,11,20,2,4,False,684.77,0.0,0.0,0.0,4.0
Karachi,2026-02-07 05:00:00+00:00,4,54.44,75.85,0.23,2.0,134.49,257.06,0.0,0,0.0,5,7,2,5,True,524.0699999999999,0.0,0.0,0.0,3.0
Karachi,2026-04-29 18:00:00+00:00,3,30.57,68.95,0.1,0.52,81.19,119.0,0.0,0,0.0,18,29,4,2,False,300.33,0.0,0.0,0.0,3.0
Karachi,2026-02-17 13:00:00+00:00,2,19.48,30.13,0.03,0.14,88.14,131.44,0.0,0,0.0,13,17,2,1,False,269.36,0.0,0.0,0.0,2.0
Karachi,2026-05-10 02:00:00+00:00,3,14.35,53.93,0.07,0.3,63.01,93.25,0.0,0,0.0,2,10,5,6,True,224.91,0.0,0.0,0.0,3.0
Karachi,2026-05-05 15:00:00+00:00,3,20.08,84.73,0.05,0.39,51.3,117.09,0.0,0,0.0,15,5,5,1,False,273.64,0.0,0.0,0.0,3.0
Karachi,2026-01-25 17:00:00+00:00,4,32.01,69.85,1.03,4.22,141.47,267.74,0.0,0,0.0,17,25,1,6,True,516.3199999999999,0.0,0.0,0.0,4.0
Karachi,2026-03-25 06:00:00+00:00,2,14.7,31.73,0.07,0.15,49.49,105.19,0.0,0,0.0,6,25,3,2,False,201.32999999999998,0.0,0.0,0.0,2.0
Karachi,2026-05-02 17:00:00+00:00,3,34.02,91.11,0.1,1.21,93.37,112.55,0.0,0,0.0,17,2,5,5,True,332.36,0.0,0.0,0.0,3.0
Karachi,2026-03-31 03:00:00+00:00,3,8.75,27.23,0.2,0.65,125.17,117.53,0.0,0,0.0,3,31,3,1,False,279.53,0.0,0.0,0.0,3.0
Karachi,2026-05-13 01:00:00+00:00,4,38.85,129.48,0.09,0.59,90.39,103.76,0.0,0,0.0,1,13,5,2,False,363.15999999999997,0.0,0.0,0.0,4.0
Karachi,2026-02-11 02:00:00+00:00,3,33.42,67.23,0.13,0.35,90.43,158.99,0.0,0,0.0,2,11,2,2,False,350.55,0.0,0.0,0.0,3.0
Karachi,2026-04-26 22:00:00+00:00,3,32.69,97.61,0.13,0.29,65.02,106.72,0.0,0,0.0,22,26,4,6,True,302.46000000000004,0.0,0.0,0.0,3.0
Karachi,2026-04-05 15:00:00+00:00,3,18.97,57.69,0.05,0.19,107.3,123.94,0.0,0,0.0,15,5,4,6,True,308.14,0.0,0.0,0.0,3.0
Karachi,2026-03-13 05:00:00+00:00,5,65.28,211.23,0.23,0.3,91.16,130.03,0.0,0,0.0,5,13,3,4,False,498.23,0.0,0.0,1.0,5.0
Karachi,2026-02-16 14:00:00+00:00,2,14.91,21.9,0.02,0.09,91.11,123.65,0.0,0,0.0,14,16,2,0,False,251.68,0.0,0.0,0.0,2.0
Karachi,2026-03-25 08:00:00+00:00,2,17.03,38.8,0.08,0.14,51.33,106.41,0.0,0,0.0,8,25,3,2,False,213.79,0.0,0.0,0.0,2.0
Karachi,2026-04-25 03:00:00+00:00,3,34.97,75.61,0.11,0.25,49.35,106.6,0.0,0,0.0,3,25,4,5,True,266.89,0.0,0.0,0.0,3.0
Karachi,2026-05-07 06:00:00+00:00,3,15.75,64.65,0.08,0.26,45.85,98.33,0.0,0,0.0,6,7,5,3,False,224.92000000000002,0.0,0.0,0.0,3.0
Karachi,2026-03-27 05:00:00+00:00,1,6.64,13.93,0.04,0.07,48.98,102.5,0.0,0,0.0,5,27,3,4,False,172.16,0.0,0.0,0.0,1.0
Karachi,2026-01-18 06:00:00+00:00,3,8.81,29.93,0.15,0.53,111.6,118.43,0.0,0,0.0,6,18,1,6,True,269.45,0.0,0.0,0.0,3.0
Karachi,2026-02-05 07:00:00+00:00,4,57.4,137.98,1.97,5.84,107.8,312.38,0.0,0,0.0,7,5,2,3,False,623.37,0.0,0.0,0.0,4.0
Karachi,2026-05-09 03:00:00+00:00,3,15.64,62.37,0.08,0.33,52.42,95.61,0.0,0,0.0,3,9,5,5,True,226.45,0.0,0.0,0.0,3.0
Karachi,2026-05-13 03:00:00+00:00,4,42.14,126.49,0.09,0.64,95.73,107.79,0.0,0,0.0,3,13,5,2,False,372.88,0.0,0.0,0.0,4.0
Karachi,2026-02-01 06:00:00+00:00,3,17.96,44.32,0.23,0.7,113.66,164.19,0.0,0,0.0,6,1,2,6,True,341.06,0.0,0.0,0.0,3.0
Karachi,2026-02-11 04:00:00+00:00,3,33.03,67.48,0.12,0.34,90.82,156.1,0.0,0,0.0,4,11,2,2,False,347.89,0.0,0.0,0.0,3.0
Karachi,2026-03-26 02:00:00+00:00,3,33.88,84.83,0.09,0.1,58.4,110.02,0.0,0,0.0,2,26,3,3,False,287.32,0.0,0.0,0.0,3.0
Karachi,2026-05-06 07:00:00+00:00,3,20.03,89.53,0.08,0.26,55.67,114.41,0.0,0,0.0,7,6,5,2,False,279.98,0.0,0.0,0.0,3.0
Karachi,2026-03-24 09:00:00+00:00,2,14.89,30.95,0.1,0.2,50.25,109.34,0.0,0,0.0,9,24,3,1,False,205.73000000000002,0.0,0.0,0.0,2.0
Karachi,2026-01-17 07:00:00+00:00,4,35.46,109.86,0.21,0.48,104.79,144.57,0.0,0,0.0,7,17,1,5,True,395.37,0.0,0.0,1.0,4.0
Karachi,2026-03-22 14:00:00+00:00,2,20.92,44.05,0.03,0.07,60.29,108.55,0.0,0,0.0,14,22,3,6,True,233.90999999999997,0.0,0.0,0.0,2.0
Karachi,2026-04-03 17:00:00+00:00,3,2.45,5.68,0.21,0.16,118.0,125.85,0.0,0,0.0,17,3,4,4,False,252.35,0.0,0.0,0.0,3.0
Karachi,2026-04-05 14:00:00+00:00,3,18.42,56.28,0.04,0.19,108.35,123.84,0.0,0,0.0,14,5,4,6,True,307.12,0.0,0.0,0.0,3.0
Karachi,2026-01-31 07:00:00+00:00,4,48.18,112.02,1.51,9.06,126.41,313.47,0.0,0,0.0,7,31,1,5,True,610.65,0.0,0.0,0.0,4.0
Karachi,2026-02-14 16:00:00+00:00,2,20.14,41.72,0.05,0.1,84.55,123.14,0.0,0,0.0,16,14,2,5,True,269.7,0.0,0.0,0.0,2.0
Karachi,2026-01-27 15:00:00+00:00,4,26.58,51.02,0.71,6.49,144.88,240.72,0.0,0,0.0,15,27,1,1,False,470.4,0.0,0.0,0.0,4.0
Karachi,2026-01-29 12:00:00+00:00,3,28.59,75.08,1.2,5.7,125.53,237.96,0.0,0,0.0,12,29,1,3,False,474.06000000000006,0.0,0.0,0.0,3.0
Karachi,2026-02-20 13:00:00+00:00,4,69.55,151.34,1.99,7.26,152.9,367.64,0.0,0,0.0,13,20,2,4,False,750.68,0.0,0.0,0.0,4.0
Karachi,2026-03-20 10:00:00+00:00,2,17.35,29.55,0.1,0.14,82.69,123.72,0.0,0,0.0,10,20,3,4,False,253.55,0.0,0.0,0.0,2.0
Karachi,2026-01-17 09:00:00+00:00,4,41.48,131.09,0.28,0.63,109.34,143.26,0.0,0,0.0,9,17,1,5,True,426.08,0.0,0.0,0.0,4.0
Karachi,2026-02-25 02:00:00+00:00,3,31.67,89.4,0.07,0.29,90.22,150.87,0.0,0,0.0,2,25,2,2,False,362.52,0.0,0.0,0.0,3.0
Karachi,2026-03-30 02:00:00+00:00,3,8.05,29.0,0.25,0.56,123.02,121.3,0.0,0,0.0,2,30,3,0,False,282.18,0.0,0.0,0.0,3.0
Karachi,2026-01-04 05:00:00+00:00,3,26.01,45.44,0.21,1.68,116.34,181.76,0.0,0,0.0,5,4,1,6,True,371.44,0.0,0.0,0.0,3.0
Karachi,2026-01-02 10:00:00+00:00,4,56.28,108.63,1.44,7.14,113.32,304.45,0.0,0,0.0,10,2,1,4,False,591.26,0.0,0.0,0.0,4.0
Karachi,2026-01-27 17:00:00+00:00,4,24.52,45.54,0.67,5.39,144.48,229.95,0.0,0,0.0,17,27,1,1,False,450.54999999999995,0.0,0.0,0.0,4.0
Karachi,2026-03-07 10:00:00+00:00,3,25.04,77.98,0.13,0.54,100.25,129.95,0.0,0,0.0,10,7,3,5,True,333.89,0.0,0.0,0.0,3.0
Karachi,2026-05-04 17:00:00+00:00,4,33.02,119.65,0.09,0.29,99.97,116.87,0.0,0,0.0,17,4,5,0,False,369.89,0.0,0.0,0.0,4.0
Karachi,2026-01-15 09:00:00+00:00,2,12.71,30.92,0.11,0.13,98.34,133.02,0.0,0,0.0,9,15,1,3,False,275.23,0.0,0.0,0.0,2.0
Karachi,2026-04-01 17:00:00+00:00,3,11.22,32.79,0.09,0.24,100.77,117.27,0.0,0,0.0,17,1,4,2,False,262.38,0.0,0.0,0.0,2.0
Karachi,2026-04-22 09:00:00+00:00,3,24.19,90.16,0.07,0.22,52.13,98.71,0.0,0,0.0,9,22,4,2,False,265.47999999999996,0.0,0.0,0.0,3.0
Karachi,2026-04-25 05:00:00+00:00,3,35.73,81.17,0.11,0.25,48.32,106.11,0.0,0,0.0,5,25,4,5,True,271.69,0.0,0.0,0.0,3.0
Karachi,2026-03-15 23:00:00+00:00,2,19.62,49.82,0.2,0.33,89.89,124.24,0.0,0,0.0,23,15,3,6,True,284.1,0.0,0.0,-1.0,2.0
Karachi,2026-04-10 06:00:00+00:00,3,22.74,67.7,0.06,0.24,106.97,132.25,0.0,0,0.0,6,10,4,4,False,329.96,0.0,0.0,0.0,3.0
Karachi,2026-03-06 11:00:00+00:00,4,35.24,105.03,0.08,0.68,81.94,116.3,0.0,0,0.0,11,6,3,4,False,339.27000000000004,0.0,0.0,1.0,4.0
Karachi,2026-01-26 18:00:00+00:00,4,59.0,125.54,1.07,5.16,152.97,322.39,0.0,0,0.0,18,26,1,0,False,666.13,0.0,0.0,0.0,4.0
Karachi,2026-01-13 14:00:00+00:00,4,63.13,120.96,1.04,10.21,145.76,260.28,0.0,0,0.0,14,13,1,1,False,601.38,0.0,0.0,0.0,4.0
Karachi,2026-04-08 11:00:00+00:00,4,23.68,68.48,0.13,0.78,148.86,131.89,0.0,0,0.0,11,8,4,2,False,373.82,0.0,0.0,0.0,4.0
Karachi,2026-05-03 18:00:00+00:00,3,33.34,85.21,0.14,1.22,99.96,122.07,0.0,0,0.0,18,3,5,6,True,341.94,0.0,0.0,0.0,3.0
Karachi,2026-03-26 07:00:00+00:00,3,23.05,52.52,0.06,0.1,61.91,107.61,0.0,0,0.0,7,26,3,3,False,245.25,0.0,0.0,0.0,2.0
Karachi,2026-02-12 03:00:00+00:00,5,89.3,151.51,3.1,7.87,122.95,563.04,0.0,0,0.0,3,12,2,3,False,937.77,0.0,0.0,0.0,5.0
Karachi,2026-01-14 10:00:00+00:00,4,63.19,112.69,1.21,10.28,116.94,303.39,0.0,0,0.0,10,14,1,2,False,607.7,0.0,0.0,0.0,4.0
Karachi,2026-04-21 10:00:00+00:00,3,30.86,95.11,0.04,0.39,76.16,109.8,0.0,0,0.0,10,21,4,1,False,312.36,0.0,0.0,0.0,3.0
Karachi,2026-01-24 18:00:00+00:00,3,17.62,53.37,0.99,3.18,123.11,179.01,0.0,0,0.0,18,24,1,5,True,377.28,0.0,0.0,0.0,3.0
Karachi,2026-02-09 05:00:00+00:00,3,41.26,93.4,0.08,0.1,97.59,175.52,0.0,0,0.0,5,9,2,0,False,407.95000000000005,0.0,0.0,0.0,3.0
Karachi,2026-05-14 22:00:00+00:00,2,7.7,45.08,0.08,0.33,33.47,73.44,0.0,0,0.0,22,14,5,3,False,160.1,0.0,0.0,0.0,2.0
Karachi,2026-05-01 18:00:00+00:00,4,42.53,108.85,0.1,0.65,78.95,106.7,0.0,0,0.0,18,1,5,4,False,337.78,0.0,0.0,0.0,4.0
Karachi,2026-05-10 04:00:00+00:00,3,14.58,55.91,0.07,0.32,63.06,92.79,0.0,0,0.0,4,10,5,6,True,226.73000000000002,0.0,0.0,0.0,3.0
Karachi,2026-01-19 07:00:00+00:00,3,21.23,71.18,0.17,0.31,107.19,127.74,0.0,0,0.0,7,19,1,0,False,327.82,0.0,0.0,0.0,3.0
Karachi,2026-02-06 08:00:00+00:00,5,88.42,159.96,3.07,9.54,113.88,602.21,0.0,0,0.0,8,6,2,4,False,977.08,0.0,0.0,0.0,5.0
Karachi,2026-01-21 04:00:00+00:00,3,15.03,42.92,0.09,0.22,103.17,121.17,0.0,0,0.0,4,21,1,2,False,282.6,0.0,0.0,0.0,3.0
Karachi,2026-03-10 07:00:00+00:00,3,21.68,60.17,0.08,0.32,93.8,121.03,0.0,0,0.0,7,10,3,1,False,297.08,0.0,0.0,0.0,3.0
Karachi,2026-04-04 14:00:00+00:00,3,5.27,17.63,0.14,0.25,129.66,130.57,0.0,0,0.0,14,4,4,5,True,283.52,0.0,0.0,0.0,3.0
Karachi,2026-03-24 07:00:00+00:00,2,14.92,29.36,0.08,0.19,49.53,108.02,0.0,0,0.0,7,24,3,1,False,202.1,0.0,0.0,0.0,2.0
Karachi,2026-04-18 14:00:00+00:00,4,41.32,134.71,0.04,0.17,93.08,117.5,0.0,0,0.0,14,18,4,5,True,386.82,0.0,0.0,0.0,4.0
Karachi,2026-04-14 22:00:00+00:00,3,24.97,63.59,0.22,0.73,120.05,132.93,0.0,0,0.0,22,14,4,1,False,342.49,0.0,0.0,0.0,3.0
Karachi,2026-01-23 19:00:00+00:00,3,4.74,21.51,0.25,0.09,105.5,124.97,0.0,0,0.0,19,23,1,4,False,257.06,0.0,0.0,0.0,3.0
Karachi,2026-04-03 15:00:00+00:00,3,2.06,4.13,0.15,0.13,108.23,126.3,0.0,0,0.0,15,3,4,4,False,241.0,0.0,0.0,0.0,3.0
Karachi,2026-04-16 19:00:00+00:00,3,25.83,73.44,0.13,0.21,84.8,115.99,0.0,0,0.0,19,16,4,3,False,300.4,0.0,0.0,0.0,3.0
Karachi,2026-02-08 06:00:00+00:00,3,49.77,90.0,0.09,0.2,102.57,211.74,0.0,0,0.0,6,8,2,6,True,454.37,0.0,0.0,0.0,4.0
Karachi,2026-04-28 22:00:00+00:00,3,33.36,88.05,0.13,0.58,75.84,116.9,0.0,0,0.0,22,28,4,1,False,314.86,0.0,0.0,0.0,3.0
Karachi,2026-05-12 02:00:00+00:00,3,17.95,73.05,0.08,0.37,64.21,88.03,0.0,0,0.0,2,12,5,1,False,243.69,0.0,0.0,0.0,4.0
Karachi,2026-04-30 19:00:00+00:00,3,35.9,97.21,0.13,0.49,65.19,107.31,0.0,0,0.0,19,30,4,3,False,306.23,0.0,0.0,0.0,3.0
Karachi,2026-02-10 03:00:00+00:00,4,53.01,95.48,0.09,0.31,101.13,202.93,0.0,0,0.0,3,10,2,1,False,452.95000000000005,0.0,0.0,0.0,4.0
Karachi,2026-01-18 08:00:00+00:00,3,10.05,35.7,0.16,0.48,112.03,119.42,0.0,0,0.0,8,18,1,6,True,277.84,0.0,0.0,0.0,3.0
Karachi,2026-01-07 01:00:00+00:00,3,37.21,90.18,1.47,6.6,114.88,224.59,0.0,0,0.0,1,7,1,2,False,474.93,0.0,0.0,0.0,3.0
Karachi,2026-01-20 05:00:00+00:00,3,15.49,49.24,0.12,0.3,108.07,124.5,0.0,0,0.0,5,20,1,1,False,297.72,0.0,0.0,0.0,3.0
Karachi,2026-02-01 08:00:00+00:00,3,16.58,45.11,0.34,0.93,108.95,163.38,0.0,0,0.0,8,1,2,6,True,335.28999999999996,0.0,0.0,0.0,3.0
Karachi,2026-01-30 13:00:00+00:00,4,62.77,143.92,1.67,6.26,142.93,330.36,0.0,0,0.0,13,30,1,4,False,687.91,0.0,0.0,0.0,4.0
Karachi,2026-03-09 08:00:00+00:00,3,22.74,49.02,0.11,0.33,105.99,152.24,0.0,0,0.0,8,9,3,0,False,330.43,0.0,0.0,0.0,3.0
Karachi,2026-04-13 23:00:00+00:00,2,12.58,33.26,0.17,0.38,72.62,118.91,0.0,0,0.0,23,13,4,0,False,237.92000000000002,0.0,0.0,0.0,2.0
Karachi,2026-03-21 13:00:00+00:00,3,27.79,76.65,0.05,0.12,62.46,110.26,0.0,0,0.0,13,21,3,5,True,277.33,0.0,0.0,0.0,3.0
Karachi,2026-04-15 20:00:00+00:00,3,18.74,62.91,0.2,0.48,104.08,118.54,0.0,0,0.0,20,15,4,2,False,304.95,0.0,0.0,0.0,3.0
Karachi,2026-04-02 16:00:00+00:00,2,4.55,7.2,0.06,0.12,64.11,112.13,0.0,0,0.0,16,2,4,3,False,188.17,0.0,0.0,0.0,1.0
Karachi,2026-04-27 23:00:00+00:00,3,30.11,79.34,0.14,0.59,80.17,109.68,0.0,0,0.0,23,27,4,0,False,300.03000000000003,0.0,0.0,0.0,3.0
Karachi,2026-01-08 23:00:00+00:00,3,38.96,78.76,1.78,7.31,120.5,298.19,0.0,0,0.0,23,8,1,3,False,545.5,0.0,0.0,0.0,3.0
Karachi,2026-04-29 20:00:00+00:00,3,29.63,67.48,0.15,0.63,84.89,117.76,0.0,0,0.0,20,29,4,2,False,300.54,0.0,0.0,0.0,3.0
Karachi,2026-04-26 04:00:00+00:00,3,34.17,88.33,0.14,0.37,59.63,105.95,0.0,0,0.0,4,26,4,6,True,288.59000000000003,0.0,0.0,0.0,3.0
Karachi,2026-03-06 18:00:00+00:00,4,42.22,123.49,0.11,0.45,76.31,113.47,0.0,0,0.0,18,6,3,4,False,356.04999999999995,0.0,0.0,0.0,4.0
Karachi,2026-05-08 00:00:00+00:00,3,14.28,57.34,0.09,0.37,51.85,95.03,0.0,0,0.0,0,8,5,4,False,218.96,0.0,0.0,0.0,3.0
Karachi,2026-04-15 04:00:00+00:00,3,20.49,51.34,0.19,0.57,123.53,128.67,0.0,0,0.0,4,15,4,2,False,324.78999999999996,0.0,0.0,0.0,3.0
Karachi,2026-02-26 03:00:00+00:00,3,31.29,74.67,0.07,0.44,97.74,142.37,0.0,0,0.0,3,26,2,3,False,346.58,0.0,0.0,0.0,3.0
Karachi,2026-03-09 18:00:00+00:00,2,18.82,42.63,0.08,0.18,93.0,137.15,0.0,0,0.0,18,9,3,0,False,291.86,0.0,0.0,0.0,2.0
Karachi,2026-02-06 23:00:00+00:00,5,84.22,124.45,0.75,8.23,178.87,399.63,0.0,0,0.0,23,6,2,4,False,796.15,0.0,0.0,0.0,5.0
Karachi,2026-04-21 01:00:00+00:00,4,32.91,110.73,0.07,0.28,66.61,110.29,0.0,0,0.0,1,21,4,1,False,320.89,0.0,0.0,0.0,4.0
Karachi,2026-02-24 01:00:00+00:00,3,37.21,63.59,0.09,0.76,110.13,185.44,0.0,0,0.0,1,24,2,1,False,397.22,0.0,0.0,0.0,3.0
Karachi,2026-03-04 00:00:00+00:00,3,22.7,55.45,0.07,0.19,98.02,132.19,0.0,0,0.0,0,4,3,2,False,308.62,0.0,0.0,0.0,3.0
Karachi,2026-02-12 20:00:00+00:00,5,90.84,147.85,1.15,6.55,187.12,431.12,0.0,0,0.0,20,12,2,3,False,864.63,0.0,0.0,0.0,5.0
Karachi,2026-01-10 23:00:00+00:00,3,40.61,86.1,1.29,9.46,137.14,246.39,0.0,0,0.0,23,10,1,5,True,520.99,0.0,0.0,0.0,3.0
Karachi,2026-04-03 10:00:00+00:00,2,5.01,8.5,0.22,0.22,83.19,133.3,0.0,0,0.0,10,3,4,4,False,230.44,0.0,0.0,0.0,2.0
Karachi,2026-03-30 03:00:00+00:00,3,8.28,30.71,0.24,0.61,123.92,120.88,0.0,0,0.0,3,30,3,0,False,284.64,0.0,0.0,0.0,3.0
Karachi,2026-01-25 11:00:00+00:00,3,27.39,74.6,1.26,3.6,125.92,266.64,0.0,0,0.0,11,25,1,6,True,499.40999999999997,0.0,0.0,0.0,3.0
Karachi,2026-02-10 02:00:00+00:00,4,51.16,92.39,0.09,0.29,100.26,198.34,0.0,0,0.0,2,10,2,1,False,442.53,0.0,0.0,1.0,4.0
Karachi,2026-02-26 00:00:00+00:00,3,31.65,77.2,0.07,0.39,95.22,142.04,0.0,0,0.0,0,26,2,3,False,346.56999999999994,0.0,0.0,0.0,3.0
Karachi,2026-01-31 08:00:00+00:00,4,51.16,119.95,1.72,9.56,125.13,325.79,0.0,0,0.0,8,31,1,5,True,633.31,0.0,0.0,0.0,4.0
Karachi,2026-02-12 10:00:00+00:00,5,82.18,157.18,3.1,7.81,133.3,457.12,0.0,0,0.0,10,12,2,3,False,840.69,0.0,0.0,0.0,5.0
Karachi,2026-03-08 23:00:00+00:00,3,20.54,43.93,0.12,0.36,104.48,148.73,0.0,0,0.0,23,8,3,6,True,318.15999999999997,0.0,0.0,0.0,3.0
Karachi,2026-03-12 15:00:00+00:00,4,49.3,132.79,0.19,0.46,83.25,134.55,0.0,0,0.0,15,12,3,3,False,400.54,0.0,0.0,0.0,4.0
Karachi,2026-03-18 12:00:00+00:00,3,36.21,98.37,0.06,0.36,72.71,122.83,0.0,0,0.0,12,18,3,2,False,330.54,0.0,0.0,0.0,4.0
Karachi,2026-01-13 20:00:00+00:00,4,60.14,113.31,1.3,10.03,146.01,258.65,0.0,0,0.0,20,13,1,1,False,589.4399999999999,0.0,0.0,0.0,4.0
Karachi,2026-01-19 17:00:00+00:00,3,18.06,56.31,0.12,0.27,106.17,122.31,0.0,0,0.0,17,19,1,0,False,303.24,0.0,0.0,0.0,3.0
Karachi,2026-04-29 03:00:00+00:00,3,33.91,83.25,0.1,0.48,78.39,120.61,0.0,0,0.0,3,29,4,2,False,316.74,0.0,0.0,0.0,3.0
Karachi,2026-05-02 19:00:00+00:00,3,36.15,95.41,0.2,1.44,96.66,115.06,0.0,0,0.0,19,2,5,5,True,344.91999999999996,0.0,0.0,0.0,3.0
Karachi,2026-01-11 02:00:00+00:00,3,38.48,84.57,1.15,8.7,129.27,237.24,0.0,0,0.0,2,11,1,6,True,499.40999999999997,0.0,0.0,0.0,3.0
Karachi,2026-03-12 02:00:00+00:00,5,90.55,288.85,0.22,0.31,84.97,137.57,0.0,0,0.0,2,12,3,3,False,602.47,0.0,0.0,0.0,5.0
Karachi,2026-02-28 21:00:00+00:00,4,41.25,156.81,0.1,0.52,90.77,130.75,0.0,0,0.0,21,28,2,5,True,420.2,0.0,0.0,0.0,4.0
Karachi,2026-01-05 15:00:00+00:00,4,67.58,137.51,0.82,14.11,145.56,315.84,0.0,0,0.0,15,5,1,0,False,681.42,0.0,0.0,0.0,4.0
Karachi,2026-04-15 01:00:00+00:00,3,22.69,57.72,0.22,0.64,123.97,132.42,0.0,0,0.0,1,15,4,2,False,337.65999999999997,0.0,0.0,0.0,3.0
Karachi,2026-04-26 16:00:00+00:00,4,40.55,108.05,0.07,0.37,63.61,109.3,0.0,0,0.0,16,26,4,6,True,321.95,0.0,0.0,0.0,4.0
Karachi,2026-04-07 08:00:00+00:00,3,13.7,59.07,0.1,0.39,49.81,122.55,0.0,0,0.0,8,7,4,1,False,245.62,0.0,0.0,0.0,3.0
Karachi,2026-04-20 22:00:00+00:00,4,34.28,111.15,0.08,0.23,67.97,109.51,0.0,0,0.0,22,20,4,0,False,323.22,0.0,0.0,0.0,4.0
Karachi,2026-03-09 15:00:00+00:00,2,20.57,47.06,0.04,0.22,95.62,144.32,0.0,0,0.0,15,9,3,0,False,307.83,0.0,0.0,0.0,2.0
Karachi,2026-03-03 21:00:00+00:00,3,21.71,55.26,0.08,0.18,98.89,133.46,0.0,0,0.0,21,3,3,1,False,309.58000000000004,0.0,0.0,0.0,3.0
Karachi,2026-02-03 10:00:00+00:00,5,87.78,185.83,3.03,7.79,111.23,470.42,0.0,0,0.0,10,3,2,1,False,866.08,0.0,0.0,0.0,5.0
Karachi,2026-03-15 12:00:00+00:00,3,32.8,85.85,0.2,0.41,90.81,129.39,0.0,0,0.0,12,15,3,6,True,339.46,0.0,0.0,0.0,3.0
Karachi,2026-02-12 17:00:00+00:00,5,106.88,177.48,1.73,8.76,204.01,507.77,0.0,0,0.0,17,12,2,3,False,1006.63,0.0,0.0,0.0,5.0
Karachi,2026-01-25 14:00:00+00:00,3,31.58,73.25,0.79,3.97,137.39,267.66,0.0,0,0.0,14,25,1,6,True,514.64,0.0,0.0,0.0,4.0
Karachi,2026-02-10 05:00:00+00:00,4,54.88,98.25,0.09,0.33,101.24,208.1,0.0,0,0.0,5,10,2,1,False,462.89,0.0,0.0,0.0,4.0
Karachi,2026-05-10 21:00:00+00:00,3,14.6,59.11,0.08,0.31,60.83,91.32,0.0,0,0.0,21,10,5,6,True,226.25,0.0,0.0,0.0,3.0
Karachi,2026-01-31 11:00:00+00:00,4,60.18,138.56,1.96,10.27,132.06,340.27,0.0,0,0.0,11,31,1,5,True,683.3,0.0,0.0,0.0,4.0
Karachi,2026-01-31 14:00:00+00:00,4,70.44,151.42,0.95,10.02,149.62,341.18,0.0,0,0.0,14,31,1,5,True,723.63,0.0,0.0,0.0,4.0
Karachi,2026-05-11 00:00:00+00:00,3,14.82,60.84,0.08,0.31,60.82,91.51,0.0,0,0.0,0,11,5,0,False,228.38,0.0,0.0,0.0,3.0
Karachi,2026-03-12 12:00:00+00:00,4,53.42,142.58,0.26,0.44,82.32,137.97,0.0,0,0.0,12,12,3,3,False,416.99,0.0,0.0,0.0,4.0
Karachi,2026-03-09 02:00:00+00:00,3,20.36,43.48,0.1,0.34,104.51,147.11,0.0,0,0.0,2,9,3,0,False,315.90000000000003,0.0,0.0,0.0,3.0
Karachi,2026-01-13 17:00:00+00:00,4,65.05,121.36,1.19,10.19,154.33,256.7,0.0,0,0.0,17,13,1,1,False,608.8199999999999,0.0,0.0,0.0,4.0
Karachi,2026-03-18 09:00:00+00:00,3,35.13,91.26,0.11,0.39,73.55,122.3,0.0,0,0.0,9,18,3,2,False,322.74,0.0,0.0,0.0,3.0
Karachi,2026-01-06 00:00:00+00:00,4,67.65,144.88,1.93,16.91,145.78,347.28,0.0,0,0.0,0,6,1,1,False,724.43,0.0,0.0,0.0,4.0
Karachi,2026-02-09 23:00:00+00:00,3,44.09,81.22,0.1,0.23,96.86,181.73,0.0,0,0.0,23,9,2,0,False,404.23,0.0,0.0,0.0,3.0
Karachi,2026-01-19 14:00:00+00:00,3,19.29,61.98,0.1,0.27,106.74,123.72,0.0,0,0.0,14,19,1,0,False,312.1,0.0,0.0,0.0,3.0
Karachi,2026-03-01 00:00:00+00:00,4,44.5,166.97,0.1,0.58,92.45,134.38,0.0,0,0.0,0,1,3,6,True,438.98,0.0,0.0,0.0,4.0
Karachi,2026-03-03 18:00:00+00:00,3,21.38,55.04,0.07,0.19,99.14,135.57,0.0,0,0.0,18,3,3,1,False,311.39,0.0,0.0,0.0,3.0
Karachi,2026-01-02 18:00:00+00:00,4,54.53,98.44,1.12,7.72,140.73,278.0,0.0,0,0.0,18,2,1,4,False,580.54,0.0,0.0,0.0,4.0
Karachi,2026-02-03 13:00:00+00:00,5,99.72,203.89,1.53,6.79,143.27,461.85,0.0,0,0.0,13,3,2,1,False,917.0500000000001,0.0,0.0,0.0,5.0
Karachi,2026-04-29 16:00:00+00:00,3,32.67,74.23,0.06,0.5,78.97,120.82,0.0,0,0.0,16,29,4,2,False,307.25,0.0,0.0,0.0,3.0
Karachi,2026-05-07 15:00:00+00:00,3,13.83,52.34,0.05,0.32,46.97,95.98,0.0,0,0.0,15,7,5,3,False,209.49,0.0,0.0,0.0,3.0
Karachi,2026-04-23 22:00:00+00:00,3,33.47,79.42,0.12,0.3,49.78,106.37,0.0,0,0.0,22,23,4,3,False,269.46000000000004,0.0,0.0,0.0,3.0
Karachi,2026-03-20 20:00:00+00:00,2,16.86,30.24,0.07,0.09,71.34,122.17,0.0,0,0.0,20,20,3,4,False,240.76999999999998,0.0,0.0,0.0,2.0
Karachi,2026-02-17 19:00:00+00:00,2,19.95,29.71,0.07,0.17,84.63,134.06,0.0,0,0.0,19,17,2,1,False,268.59000000000003,0.0,0.0,0.0,2.0
Karachi,2026-01-22 01:00:00+00:00,2,11.9,30.17,0.08,0.24,97.51,113.79,0.0,0,0.0,1,22,1,3,False,253.69,0.0,0.0,0.0,2.0
Karachi,2026-02-06 16:00:00+00:00,5,112.36,180.98,1.6,9.82,196.59,592.3,0.0,0,0.0,16,6,2,4,False,1093.65,0.0,0.0,0.0,5.0
Karachi,2026-01-28 01:00:00+00:00,3,10.74,21.72,0.31,0.96,120.84,197.73,0.0,0,0.0,1,28,1,2,False,352.29999999999995,0.0,0.0,0.0,3.0
Karachi,2026-05-07 11:00:00+00:00,3,14.78,55.09,0.04,0.29,50.67,98.36,0.0,0,0.0,11,7,5,3,False,219.23000000000002,0.0,0.0,0.0,3.0
Karachi,2026-01-08 21:00:00+00:00,3,34.49,68.68,1.72,6.88,124.81,268.68,0.0,0,0.0,21,8,1,3,False,505.26,0.0,0.0,0.0,3.0
Karachi,2026-03-18 06:00:00+00:00,3,34.34,87.91,0.09,0.4,73.09,121.65,0.0,0,0.0,6,18,3,2,False,317.48,0.0,0.0,0.0,3.0
Karachi,2026-01-17 06:00:00+00:00,3,32.77,99.38,0.2,0.42,102.98,143.93,0.0,0,0.0,6,17,1,5,True,379.68,0.0,0.0,0.0,4.0
Karachi,2026-01-21 13:00:00+00:00,3,14.63,38.72,0.07,0.38,101.3,121.28,0.0,0,0.0,13,21,1,2,False,276.38,0.0,0.0,0.0,3.0
Karachi,2026-03-09 05:00:00+00:00,3,21.03,45.28,0.09,0.33,105.22,147.59,0.0,0,0.0,5,9,3,0,False,319.53999999999996,0.0,0.0,0.0,3.0
Karachi,2026-01-06 03:00:00+00:00,5,76.51,188.49,2.24,13.55,123.35,362.25,0.0,0,0.0,3,6,1,1,False,766.39,0.0,0.0,1.0,5.0
Karachi,2026-01-16 17:00:00+00:00,3,22.29,50.92,0.15,0.31,102.34,132.12,0.0,0,0.0,17,16,1,4,False,308.13,0.0,0.0,0.0,3.0
Karachi,2026-01-20 09:00:00+00:00,3,15.8,50.21,0.14,0.31,108.64,125.97,0.0,0,0.0,9,20,1,1,False,301.07000000000005,0.0,0.0,0.0,3.0
Karachi,2026-01-05 12:00:00+00:00,4,59.62,127.73,1.25,14.3,131.63,318.23,0.0,0,0.0,12,5,1,0,False,652.76,0.0,0.0,0.0,4.0
Karachi,2026-02-21 04:00:00+00:00,4,49.32,107.03,3.13,6.81,114.94,378.8,0.0,0,0.0,4,21,2,5,True,660.03,0.0,0.0,0.0,4.0
Karachi,2026-05-02 03:00:00+00:00,3,40.12,97.49,0.13,1.06,95.93,113.1,0.0,0,0.0,3,2,5,5,True,347.83,0.0,0.0,0.0,3.0
Karachi,2026-01-22 05:00:00+00:00,2,12.04,31.2,0.09,0.27,97.16,113.62,0.0,0,0.0,5,22,1,3,False,254.38,0.0,0.0,0.0,2.0
Karachi,2026-02-20 16:00:00+00:00,5,76.73,151.14,1.48,6.92,176.43,380.76,0.0,0,0.0,16,20,2,4,False,793.46,0.0,0.0,0.0,5.0
Karachi,2026-04-18 04:00:00+00:00,4,57.21,175.57,0.07,0.22,82.14,114.38,0.0,0,0.0,4,18,4,5,True,429.59,0.0,0.0,0.0,4.0
Karachi,2026-02-12 23:00:00+00:00,4,74.48,117.41,0.59,3.24,155.38,342.99,0.0,0,0.0,23,12,2,3,False,694.09,0.0,0.0,-1.0,4.0
Karachi,2026-03-30 00:00:00+00:00,3,7.77,26.32,0.25,0.48,118.04,121.87,0.0,0,0.0,0,30,3,0,False,274.73,0.0,0.0,0.0,3.0
Karachi,2026-02-09 13:00:00+00:00,3,37.89,73.85,0.04,0.11,95.49,173.33,0.0,0,0.0,13,9,2,0,False,380.71000000000004,0.0,0.0,0.0,3.0
Karachi,2026-03-26 14:00:00+00:00,2,14.92,30.89,0.03,0.07,57.57,103.55,0.0,0,0.0,14,26,3,3,False,207.03,0.0,0.0,0.0,2.0
Karachi,2026-02-23 13:00:00+00:00,3,40.3,64.89,0.05,0.87,113.96,201.31,0.0,0,0.0,13,23,2,0,False,421.38,0.0,0.0,0.0,3.0
Karachi,2026-01-31 05:00:00+00:00,3,41.77,93.66,1.24,7.55,130.25,275.69,0.0,0,0.0,5,31,1,5,True,550.1600000000001,0.0,0.0,0.0,4.0
Karachi,2026-02-25 21:00:00+00:00,3,31.01,73.91,0.08,0.33,93.06,141.66,0.0,0,0.0,21,25,2,2,False,340.04999999999995,0.0,0.0,0.0,3.0
Karachi,2026-01-08 14:00:00+00:00,3,32.93,64.41,0.77,4.31,125.47,226.02,0.0,0,0.0,14,8,1,3,False,453.90999999999997,0.0,0.0,0.0,3.0
Karachi,2026-05-10 09:00:00+00:00,3,15.73,68.08,0.06,0.32,67.06,92.63,0.0,0,0.0,9,10,5,6,True,243.88,0.0,0.0,0.0,3.0
Karachi,2026-05-02 16:00:00+00:00,3,33.55,89.68,0.08,1.09,92.07,111.83,0.0,0,0.0,16,2,5,5,True,328.3,0.0,0.0,0.0,3.0
Karachi,2026-04-03 23:00:00+00:00,3,5.95,18.7,0.31,0.37,134.7,132.11,0.0,0,0.0,23,3,4,4,False,292.14,0.0,0.0,0.0,3.0
Karachi,2026-04-29 06:00:00+00:00,3,35.08,89.59,0.1,0.48,79.33,123.41,0.0,0,0.0,6,29,4,2,False,327.99,0.0,0.0,0.0,3.0
Karachi,2026-03-29 05:00:00+00:00,1,5.13,12.41,0.21,0.23,47.29,116.73,0.0,0,0.0,5,29,3,6,True,182.0,0.0,0.0,0.0,1.0
Karachi,2026-04-21 13:00:00+00:00,3,29.5,93.09,0.03,0.34,68.0,107.15,0.0,0,0.0,13,21,4,1,False,298.11,0.0,0.0,0.0,3.0
Karachi,2026-03-23 20:00:00+00:00,1,8.52,13.82,0.07,0.09,49.8,108.87,0.0,0,0.0,20,23,3,0,False,181.17000000000002,0.0,0.0,0.0,1.0
Karachi,2026-05-10 11:00:00+00:00,3,15.83,69.07,0.04,0.3,65.64,92.42,0.0,0,0.0,11,10,5,6,True,243.3,0.0,0.0,0.0,3.0
Karachi,2026-03-26 18:00:00+00:00,2,13.11,26.17,0.04,0.06,53.65,102.21,0.0,0,0.0,18,26,3,3,False,195.24,0.0,0.0,0.0,2.0
Karachi,2026-01-22 02:00:00+00:00,2,11.82,30.07,0.08,0.25,97.47,113.77,0.0,0,0.0,2,22,1,3,False,253.45999999999998,0.0,0.0,0.0,2.0
Karachi,2026-03-23 02:00:00+00:00,2,18.96,35.87,0.06,0.07,62.58,106.77,0.0,0,0.0,2,23,3,0,False,224.31,0.0,0.0,0.0,2.0
Karachi,2026-01-08 09:00:00+00:00,3,43.3,95.58,1.35,4.67,116.76,249.24,0.0,0,0.0,9,8,1,3,False,510.9,0.0,0.0,0.0,3.0
Karachi,2026-02-03 01:00:00+00:00,5,102.93,198.84,1.57,8.14,159.61,473.7,0.0,0,0.0,1,3,2,1,False,944.79,0.0,0.0,0.0,5.0
Karachi,2026-02-06 17:00:00+00:00,5,113.54,180.59,1.82,10.69,205.18,582.07,0.0,0,0.0,17,6,2,4,False,1093.89,0.0,0.0,0.0,5.0
Karachi,2026-05-07 09:00:00+00:00,3,14.93,58.71,0.06,0.28,46.49,97.91,0.0,0,0.0,9,7,5,3,False,218.38,0.0,0.0,0.0,3.0
Karachi,2026-02-03 19:00:00+00:00,5,102.96,185.71,1.41,7.69,170.01,442.29,0.0,0,0.0,19,3,2,1,False,910.07,0.0,0.0,0.0,5.0
Karachi,2026-01-09 03:00:00+00:00,3,38.12,76.75,1.52,7.27,114.29,296.07,0.0,0,0.0,3,9,1,4,False,534.02,0.0,0.0,0.0,3.0
Karachi,2026-01-22 07:00:00+00:00,2,12.42,32.65,0.09,0.29,97.45,113.79,0.0,0,0.0,7,22,1,3,False,256.69,0.0,0.0,0.0,2.0
Karachi,2026-01-14 11:00:00+00:00,4,62.5,111.44,0.97,9.59,118.5,296.85,0.0,0,0.0,11,14,1,2,False,599.85,0.0,0.0,0.0,4.0
Karachi,2026-03-23 10:00:00+00:00,2,12.14,17.52,0.06,0.07,61.24,108.79,0.0,0,0.0,10,23,3,0,False,199.82,0.0,0.0,0.0,2.0
Karachi,2026-04-21 11:00:00+00:00,3,30.53,94.4,0.03,0.38,74.92,109.3,0.0,0,0.0,11,21,4,1,False,309.56,0.0,0.0,0.0,3.0
Karachi,2026-05-07 17:00:00+00:00,3,13.65,52.36,0.06,0.33,48.19,95.29,0.0,0,0.0,17,7,5,3,False,209.88,0.0,0.0,0.0,3.0
Karachi,2026-04-18 13:00:00+00:00,4,42.86,141.01,0.04,0.18,91.81,117.28,0.0,0,0.0,13,18,4,5,True,393.17999999999995,0.0,0.0,0.0,4.0
Karachi,2026-01-30 20:00:00+00:00,4,53.63,104.68,0.82,6.05,153.7,297.83,0.0,0,0.0,20,30,1,4,False,616.71,0.0,0.0,0.0,4.0
Karachi,2026-03-07 09:00:00+00:00,3,25.56,79.02,0.18,0.54,98.49,128.65,0.0,0,0.0,9,7,3,5,True,332.44000000000005,0.0,0.0,0.0,3.0
Karachi,2026-02-14 19:00:00+00:00,2,19.32,41.38,0.08,0.09,87.25,121.71,0.0,0,0.0,19,14,2,5,True,269.83,0.0,0.0,0.0,2.0
Karachi,2026-04-15 19:00:00+00:00,3,20.23,70.08,0.19,0.49,103.5,119.53,0.0,0,0.0,19,15,4,2,False,314.02,0.0,0.0,0.0,3.0
Karachi,2026-02-03 14:00:00+00:00,5,101.95,203.41,1.23,6.86,152.0,453.81,0.0,0,0.0,14,3,2,1,False,919.26,0.0,0.0,0.0,5.0
Karachi,2026-01-08 22:00:00+00:00,3,36.86,74.08,1.79,7.21,122.71,284.57,0.0,0,0.0,22,8,1,3,False,527.22,0.0,0.0,0.0,3.0
Karachi,2026-05-13 09:00:00+00:00,3,33.91,96.38,0.09,0.91,104.91,110.54,0.0,0,0.0,9,13,5,2,False,346.74,0.0,0.0,-1.0,3.0
Karachi,2026-04-21 16:00:00+00:00,3,26.73,89.75,0.04,0.25,56.13,102.69,0.0,0,0.0,16,21,4,1,False,275.59000000000003,0.0,0.0,0.0,3.0
Karachi,2026-01-30 22:00:00+00:00,4,47.88,94.62,0.64,5.14,147.71,277.98,0.0,0,0.0,22,30,1,4,False,573.97,0.0,0.0,0.0,4.0
Karachi,2026-01-21 23:00:00+00:00,2,12.31,31.08,0.08,0.23,97.48,114.21,0.0,0,0.0,23,21,1,2,False,255.39,0.0,0.0,0.0,2.0
Karachi,2026-02-17 21:00:00+00:00,2,20.88,31.08,0.07,0.15,84.1,136.86,0.0,0,0.0,21,17,2,1,False,273.14,0.0,0.0,0.0,2.0
Karachi,2026-03-23 05:00:00+00:00,2,17.38,29.83,0.06,0.09,62.82,106.53,0.0,0,0.0,5,23,3,0,False,216.71,0.0,0.0,0.0,2.0
Karachi,2026-02-06 14:00:00+00:00,5,104.25,174.21,1.61,8.46,171.36,594.97,0.0,0,0.0,14,6,2,4,False,1054.8600000000001,0.0,0.0,0.0,5.0
Karachi,2026-04-09 19:00:00+00:00,3,24.12,72.99,0.09,0.33,115.17,127.26,0.0,0,0.0,19,9,4,3,False,339.96,0.0,0.0,0.0,3.0
Karachi,2026-04-23 19:00:00+00:00,3,33.37,79.79,0.11,0.32,50.66,106.31,0.0,0,0.0,19,23,4,3,False,270.56,0.0,0.0,0.0,3.0
Karachi,2026-03-20 23:00:00+00:00,2,16.55,33.1,0.06,0.12,71.1,121.72,0.0,0,0.0,23,20,3,4,False,242.65,0.0,0.0,0.0,2.0
Karachi,2026-01-13 21:00:00+00:00,4,60.36,113.82,1.31,10.3,143.69,264.44,0.0,0,0.0,21,13,1,1,False,593.9200000000001,0.0,0.0,0.0,4.0
Karachi,2026-01-22 04:00:00+00:00,2,11.91,30.72,0.08,0.27,97.36,113.89,0.0,0,0.0,4,22,1,3,False,254.23000000000002,0.0,0.0,0.0,2.0
Karachi,2026-04-29 07:00:00+00:00,3,35.34,90.49,0.12,0.48,79.38,124.05,0.0,0,0.0,7,29,4,2,False,329.86,0.0,0.0,0.0,3.0
Karachi,2026-01-14 14:00:00+00:00,4,55.12,98.87,0.37,6.35,120.35,259.82,0.0,0,0.0,14,14,1,2,False,540.88,0.0,0.0,0.0,3.0
Karachi,2026-01-03 03:00:00+00:00,4,58.03,107.87,1.35,11.37,137.62,336.93,0.0,0,0.0,3,3,1,5,True,653.1700000000001,0.0,0.0,0.0,4.0
Karachi,2026-05-07 14:00:00+00:00,3,14.1,52.79,0.04,0.31,47.32,96.53,0.0,0,0.0,14,7,5,3,False,211.09,0.0,0.0,0.0,3.0
Karachi,2026-02-20 18:00:00+00:00,5,76.88,142.69,2.42,6.94,183.09,393.78,0.0,0,0.0,18,20,2,4,False,805.8,0.0,0.0,0.0,5.0
Karachi,2026-02-09 11:00:00+00:00,3,40.68,80.8,0.05,0.1,96.99,179.58,0.0,0,0.0,11,9,2,0,False,398.2,0.0,0.0,0.0,3.0
Karachi,2026-01-17 03:00:00+00:00,3,29.76,81.74,0.18,0.34,102.69,140.17,0.0,0,0.0,3,17,1,5,True,354.88,0.0,0.0,0.0,3.0
Karachi,2026-04-29 21:00:00+00:00,3,29.88,68.66,0.16,0.71,87.54,117.23,0.0,0,0.0,21,29,4,2,False,304.18,0.0,0.0,0.0,3.0
Karachi,2026-04-18 10:00:00+00:00,4,46.04,150.73,0.04,0.2,89.58,116.54,0.0,0,0.0,10,18,4,5,True,403.13,0.0,0.0,0.0,4.0
Karachi,2026-02-25 09:00:00+00:00,3,32.25,86.97,0.08,0.31,93.83,149.8,0.0,0,0.0,9,25,2,2,False,363.24,0.0,0.0,0.0,3.0
Karachi,2026-02-17 16:00:00+00:00,2,18.89,28.65,0.04,0.17,86.07,130.16,0.0,0,0.0,16,17,2,1,False,263.98,0.0,0.0,0.0,2.0
Karachi,2026-03-07 06:00:00+00:00,3,28.36,83.84,0.14,0.51,89.87,122.81,0.0,0,0.0,6,7,3,5,True,325.53000000000003,0.0,0.0,0.0,3.0
Karachi,2026-01-25 01:00:00+00:00,3,25.4,90.79,1.43,4.54,111.12,221.21,0.0,0,0.0,1,25,1,6,True,454.49,0.0,0.0,0.0,3.0
Karachi,2026-04-01 01:00:00+00:00,3,9.61,27.97,0.15,0.46,115.35,116.21,0.0,0,0.0,1,1,4,2,False,269.75,0.0,0.0,0.0,3.0
Karachi,2026-04-21 19:00:00+00:00,3,23.97,85.15,0.08,0.2,50.16,99.17,0.0,0,0.0,19,21,4,1,False,258.73,0.0,0.0,0.0,3.0
Karachi,2026-01-17 08:00:00+00:00,4,38.77,121.82,0.23,0.56,107.21,144.5,0.0,0,0.0,8,17,1,5,True,413.09,0.0,0.0,0.0,4.0
Karachi,2026-04-10 08:00:00+00:00,3,22.68,68.03,0.07,0.23,105.24,132.91,0.0,0,0.0,8,10,4,4,False,329.15999999999997,0.0,0.0,0.0,3.0
Karachi,2026-03-20 18:00:00+00:00,2,17.63,30.6,0.07,0.09,72.06,121.99,0.0,0,0.0,18,20,3,4,False,242.44,0.0,0.0,0.0,2.0
Karachi,2026-02-04 04:00:00+00:00,5,99.99,166.76,3.01,10.74,146.11,611.96,0.0,0,0.0,4,4,2,2,False,1038.5700000000002,0.0,0.0,0.0,5.0
Karachi,2026-05-05 16:00:00+00:00,3,19.58,85.14,0.06,0.38,49.82,116.53,0.0,0,0.0,16,5,5,1,False,271.51,0.0,0.0,0.0,3.0
Karachi,2026-04-07 11:00:00+00:00,3,14.67,59.81,0.09,0.48,59.31,123.06,0.0,0,0.0,11,7,4,1,False,257.42,0.0,0.0,0.0,3.0
Karachi,2026-05-02 18:00:00+00:00,3,35.08,93.44,0.14,1.33,94.91,113.92,0.0,0,0.0,18,2,5,5,True,338.82,0.0,0.0,0.0,3.0
Karachi,2026-03-08 21:00:00+00:00,3,20.57,43.99,0.13,0.37,103.43,148.69,0.0,0,0.0,21,8,3,6,True,317.18,0.0,0.0,0.0,3.0
Karachi,2026-01-13 18:00:00+00:00,4,63.06,117.94,1.4,10.05,152.45,256.01,0.0,0,0.0,18,13,1,1,False,600.91,0.0,0.0,0.0,4.0
Karachi,2026-04-26 18:00:00+00:00,4,38.78,106.26,0.1,0.35,63.24,109.55,0.0,0,0.0,18,26,4,6,True,318.28000000000003,0.0,0.0,0.0,4.0
Karachi,2026-02-23 16:00:00+00:00,3,38.86,61.57,0.06,0.8,110.02,193.58,0.0,0,0.0,16,23,2,0,False,404.89,0.0,0.0,0.0,3.0
Karachi,2026-04-29 04:00:00+00:00,3,34.4,85.82,0.1,0.48,78.72,121.88,0.0,0,0.0,4,29,4,2,False,321.4,0.0,0.0,0.0,3.0
Karachi,2026-02-12 22:00:00+00:00,5,79.48,126.38,0.71,4.25,165.54,367.4,0.0,0,0.0,22,12,2,3,False,743.76,0.0,0.0,0.0,4.0
Karachi,2026-03-18 00:00:00+00:00,3,32.3,79.27,0.1,0.44,70.05,120.65,0.0,0,0.0,0,18,3,2,False,302.80999999999995,0.0,0.0,0.0,3.0
Karachi,2026-04-26 10:00:00+00:00,3,38.39,99.87,0.1,0.33,65.49,108.11,0.0,0,0.0,10,26,4,6,True,312.29,0.0,0.0,0.0,4.0
Karachi,2026-05-02 13:00:00+00:00,3,36.53,95.07,0.08,0.96,90.22,113.14,0.0,0,0.0,13,2,5,5,True,336.0,0.0,0.0,0.0,3.0
Karachi,2026-03-15 02:00:00+00:00,3,23.36,61.03,0.11,0.48,88.69,124.18,0.0,0,0.0,2,15,3,6,True,297.85,0.0,0.0,0.0,3.0
Karachi,2026-02-24 02:00:00+00:00,3,37.22,64.68,0.08,0.74,109.67,185.05,0.0,0,0.0,2,24,2,1,False,397.44,0.0,0.0,0.0,3.0
Karachi,2026-04-04 02:00:00+00:00,3,6.05,20.92,0.27,0.37,134.71,132.96,0.0,0,0.0,2,4,4,5,True,295.28000000000003,0.0,0.0,0.0,3.0
Karachi,2026-04-29 09:00:00+00:00,3,35.54,91.0,0.1,0.48,78.9,124.44,0.0,0,0.0,9,29,4,2,False,330.46,0.0,0.0,0.0,3.0
Karachi,2026-04-01 04:00:00+00:00,3,9.9,28.5,0.13,0.4,115.38,116.03,0.0,0,0.0,4,1,4,2,False,270.34000000000003,0.0,0.0,0.0,3.0
Karachi,2026-01-09 00:00:00+00:00,3,40.03,81.15,1.71,7.23,118.46,304.18,0.0,0,0.0,0,9,1,4,False,552.76,0.0,0.0,0.0,3.0
Karachi,2026-02-03 16:00:00+00:00,5,104.26,198.28,1.19,6.99,164.3,446.92,0.0,0,0.0,16,3,2,1,False,921.94,0.0,0.0,0.0,5.0
Karachi,2026-01-11 08:00:00+00:00,3,28.72,65.47,1.25,5.87,122.56,200.89,0.0,0,0.0,8,11,1,6,True,424.76,0.0,0.0,0.0,3.0
Karachi,2026-05-07 12:00:00+00:00,3,14.64,54.06,0.04,0.3,50.41,98.13,0.0,0,0.0,12,7,5,3,False,217.57999999999998,0.0,0.0,0.0,3.0
Karachi,2026-04-29 19:00:00+00:00,3,29.91,67.82,0.14,0.56,82.64,118.17,0.0,0,0.0,19,29,4,2,False,299.24,0.0,0.0,0.0,3.0
Karachi,2026-03-14 21:00:00+00:00,3,27.39,74.45,0.13,0.39,79.61,120.83,0.0,0,0.0,21,14,3,5,True,302.8,0.0,0.0,0.0,3.0
Karachi,2026-05-13 19:00:00+00:00,3,18.97,53.23,0.1,0.38,71.93,101.2,0.0,0,0.0,19,13,5,2,False,245.81,0.0,0.0,0.0,3.0
Karachi,2026-03-07 04:00:00+00:00,3,31.2,89.17,0.13,0.47,84.47,119.43,0.0,0,0.0,4,7,3,5,True,324.87,0.0,0.0,0.0,3.0
Karachi,2026-03-12 00:00:00+00:00,5,75.24,252.86,0.2,0.34,80.47,136.12,0.0,0,0.0,0,12,3,3,False,545.23,0.0,0.0,0.0,5.0
Karachi,2026-03-15 14:00:00+00:00,3,25.02,69.08,0.16,0.3,90.69,125.38,0.0,0,0.0,14,15,3,6,True,310.63,0.0,0.0,0.0,3.0
Karachi,2026-01-13 05:00:00+00:00,4,63.84,117.38,1.68,15.02,128.01,344.62,0.0,0,0.0,5,13,1,1,False,670.55,0.0,0.0,0.0,4.0
Karachi,2026-03-29 14:00:00+00:00,2,5.0,13.51,0.13,0.24,65.88,119.05,0.0,0,0.0,14,29,3,6,True,203.81,0.0,0.0,0.0,2.0
Karachi,2026-01-13 23:00:00+00:00,4,63.55,119.5,1.43,11.13,139.13,283.65,0.0,0,0.0,23,13,1,1,False,618.39,0.0,0.0,0.0,4.0
Karachi,2026-03-30 08:00:00+00:00,3,8.56,32.84,0.31,0.73,123.81,120.25,0.0,0,0.0,8,30,3,0,False,286.5,0.0,0.0,0.0,3.0
Karachi,2026-04-20 23:00:00+00:00,4,33.77,111.8,0.08,0.24,66.9,109.84,0.0,0,0.0,23,20,4,0,False,322.63,0.0,0.0,0.0,4.0
Karachi,2026-04-15 16:00:00+00:00,3,21.73,66.05,0.09,0.52,107.32,124.31,0.0,0,0.0,16,15,4,2,False,320.02,0.0,0.0,0.0,3.0
Karachi,2026-01-06 06:00:00+00:00,5,76.68,199.66,1.7,9.21,110.29,319.35,0.0,0,0.0,6,6,1,1,False,716.8900000000001,0.0,0.0,0.0,4.0
Karachi,2026-02-26 05:00:00+00:00,3,30.97,75.09,0.06,0.5,99.67,141.05,0.0,0,0.0,5,26,2,3,False,347.34000000000003,0.0,0.0,0.0,3.0
Karachi,2026-01-31 13:00:00+00:00,4,67.36,148.04,1.18,9.99,144.4,341.03,0.0,0,0.0,13,31,1,5,True,712.0,0.0,0.0,0.0,4.0
Karachi,2026-01-27 23:00:00+00:00,3,13.61,26.35,0.33,1.46,124.96,204.05,0.0,0,0.0,23,27,1,1,False,370.76,0.0,0.0,0.0,3.0
Karachi,2026-02-03 11:00:00+00:00,5,92.33,195.5,2.63,7.28,120.83,472.61,0.0,0,0.0,11,3,2,1,False,891.18,0.0,0.0,0.0,5.0
Karachi,2026-01-20 06:00:00+00:00,3,15.53,49.48,0.12,0.31,108.24,124.87,0.0,0,0.0,6,20,1,1,False,298.55,0.0,0.0,0.0,3.0
Karachi,2026-02-07 01:00:00+00:00,4,74.04,104.85,0.52,5.39,161.12,347.53,0.0,0,0.0,1,7,2,5,True,693.4499999999999,0.0,0.0,-1.0,4.0
Karachi,2026-02-28 18:00:00+00:00,4,36.97,143.4,0.08,0.47,88.54,127.01,0.0,0,0.0,18,28,2,5,True,396.47,0.0,0.0,0.0,4.0
Karachi,2026-03-12 05:00:00+00:00,5,77.05,221.84,0.33,0.3,84.54,140.53,0.0,0,0.0,5,12,3,3,False,524.59,0.0,0.0,0.0,4.0
Karachi,2026-02-21 01:00:00+00:00,4,50.71,102.35,4.32,8.24,124.54,411.79,0.0,0,0.0,1,21,2,5,True,701.95,0.0,0.0,0.0,4.0
Karachi,2026-03-18 08:00:00+00:00,3,35.04,91.1,0.11,0.39,73.62,122.37,0.0,0,0.0,8,18,3,2,False,322.63,0.0,0.0,0.0,3.0
Karachi,2026-04-23 23:00:00+00:00,3,33.5,79.48,0.11,0.3,49.39,106.39,0.0,0,0.0,23,23,4,3,False,269.17,0.0,0.0,0.0,3.0
Karachi,2026-02-04 10:00:00+00:00,4,63.91,134.48,3.25,5.47,101.04,433.65,0.0,0,0.0,10,4,2,2,False,741.8,0.0,0.0,0.0,4.0
Karachi,2026-01-14 01:00:00+00:00,4,68.24,126.89,1.5,12.17,135.37,304.33,0.0,0,0.0,1,14,1,2,False,648.5,0.0,0.0,0.0,4.0
Karachi,2026-01-19 22:00:00+00:00,3,16.56,51.23,0.14,0.27,106.64,122.47,0.0,0,0.0,22,19,1,0,False,297.30999999999995,0.0,0.0,0.0,3.0
Karachi,2026-02-24 19:00:00+00:00,3,32.74,91.7,0.1,0.36,90.31,156.67,0.0,0,0.0,19,24,2,1,False,371.88,0.0,0.0,0.0,3.0
Karachi,2026-03-18 04:00:00+00:00,3,33.4,82.18,0.1,0.43,72.25,121.44,0.0,0,0.0,4,18,3,2,False,309.8,0.0,0.0,0.0,3.0
Karachi,2026-04-12 05:00:00+00:00,3,31.02,86.25,0.13,0.29,96.96,132.34,0.0,0,0.0,5,12,4,6,True,346.99,0.0,0.0,0.0,4.0
Karachi,2026-04-27 00:00:00+00:00,3,33.01,97.2,0.12,0.32,67.62,105.92,0.0,0,0.0,0,27,4,0,False,304.19,0.0,0.0,0.0,3.0
Karachi,2026-02-03 15:00:00+00:00,5,103.35,201.14,1.14,6.92,159.23,449.44,0.0,0,0.0,15,3,2,1,False,921.22,0.0,0.0,0.0,5.0
Karachi,2026-03-06 13:00:00+00:00,4,38.06,114.92,0.06,0.62,79.93,115.49,0.0,0,0.0,13,6,3,4,False,349.08000000000004,0.0,0.0,0.0,4.0
Karachi,2026-04-14 23:00:00+00:00,3,24.41,62.1,0.22,0.71,121.71,133.28,0.0,0,0.0,23,14,4,1,False,342.42999999999995,0.0,0.0,0.0,3.0
Karachi,2026-02-25 22:00:00+00:00,3,31.04,74.67,0.08,0.35,93.96,141.54,0.0,0,0.0,22,25,2,2,False,341.64,0.0,0.0,0.0,3.0
Karachi,2026-05-02 01:00:00+00:00,4,41.15,101.21,0.14,1.05,94.35,111.86,0.0,0,0.0,1,2,5,5,True,349.76,0.0,0.0,0.0,3.0
Karachi,2026-01-22 03:00:00+00:00,2,11.82,30.26,0.08,0.26,97.51,113.86,0.0,0,0.0,3,22,1,3,False,253.79000000000002,0.0,0.0,0.0,2.0
Karachi,2026-03-03 19:00:00+00:00,3,21.42,55.1,0.08,0.19,99.34,134.71,0.0,0,0.0,19,3,3,1,False,310.84000000000003,0.0,0.0,0.0,3.0
Karachi,2026-02-12 15:00:00+00:00,5,104.98,180.92,1.57,9.08,192.91,504.8,0.0,0,0.0,15,12,2,3,False,994.26,0.0,0.0,0.0,5.0
Karachi,2026-05-11 02:00:00+00:00,3,14.83,62.07,0.07,0.3,60.69,91.28,0.0,0,0.0,2,11,5,0,False,229.23999999999998,0.0,0.0,0.0,3.0
Karachi,2026-04-14 10:00:00+00:00,3,24.84,99.33,0.16,0.53,96.72,118.42,0.0,0,0.0,10,14,4,1,False,340.0,0.0,0.0,0.0,4.0
Karachi,2026-04-18 02:00:00+00:00,4,64.77,192.06,0.07,0.21,78.95,113.24,0.0,0,0.0,2,18,4,5,True,449.29999999999995,0.0,0.0,0.0,4.0
Karachi,2026-04-21 22:00:00+00:00,3,22.76,81.97,0.08,0.2,48.25,97.94,0.0,0,0.0,22,21,4,1,False,251.2,0.0,0.0,0.0,3.0
Karachi,2026-04-03 08:00:00+00:00,2,7.14,10.61,0.17,0.22,69.1,140.08,0.0,0,0.0,8,3,4,4,False,227.32,0.0,0.0,0.0,2.0
Karachi,2026-03-20 22:00:00+00:00,2,16.22,30.88,0.06,0.11,70.98,121.97,0.0,0,0.0,22,20,3,4,False,240.22,0.0,0.0,0.0,2.0
Karachi,2026-03-18 14:00:00+00:00,4,36.99,104.17,0.06,0.33,71.01,122.09,0.0,0,0.0,14,18,3,2,False,334.65,0.0,0.0,0.0,4.0
Karachi,2026-01-19 15:00:00+00:00,3,19.03,60.55,0.1,0.27,106.55,123.38,0.0,0,0.0,15,19,1,0,False,309.88,0.0,0.0,0.0,3.0
Karachi,2026-02-14 07:00:00+00:00,2,22.78,45.06,0.08,0.23,93.91,137.53,0.0,0,0.0,7,14,2,5,True,299.59000000000003,0.0,0.0,0.0,2.0
Karachi,2026-01-06 05:00:00+00:00,5,78.47,203.92,1.92,10.66,112.76,337.38,0.0,0,0.0,5,6,1,1,False,745.11,0.0,0.0,0.0,5.0
Karachi,2026-05-10 16:00:00+00:00,3,14.6,59.31,0.04,0.28,56.7,90.43,0.0,0,0.0,16,10,5,6,True,221.36,0.0,0.0,0.0,3.0
Karachi,2026-02-10 04:00:00+00:00,4,54.28,97.43,0.09,0.32,101.39,206.23,0.0,0,0.0,4,10,2,1,False,459.74,0.0,0.0,0.0,4.0
Karachi,2026-02-20 04:00:00+00:00,4,54.19,106.8,3.0,9.79,122.29,364.18,0.0,0,0.0,4,20,2,4,False,660.25,0.0,0.0,0.0,4.0
Karachi,2026-03-29 12:00:00+00:00,2,4.44,12.0,0.16,0.23,62.42,118.39,0.0,0,0.0,12,29,3,6,True,197.64,0.0,0.0,0.0,2.0
Karachi,2026-04-15 06:00:00+00:00,3,20.44,53.53,0.17,0.58,121.66,126.48,0.0,0,0.0,6,15,4,2,False,322.86,0.0,0.0,0.0,3.0
Karachi,2026-05-06 21:00:00+00:00,3,15.8,71.6,0.09,0.29,45.85,101.5,0.0,0,0.0,21,6,5,2,False,235.13,0.0,0.0,0.0,3.0
Karachi,2026-04-21 03:00:00+00:00,4,32.33,107.2,0.07,0.32,68.64,110.81,0.0,0,0.0,3,21,4,1,False,319.37,0.0,0.0,0.0,4.0
Karachi,2026-03-15 13:00:00+00:00,3,28.61,76.27,0.17,0.35,90.17,127.06,0.0,0,0.0,13,15,3,6,True,322.63,0.0,0.0,0.0,3.0
Karachi,2026-02-07 04:00:00+00:00,4,58.97,81.41,0.28,2.57,140.15,277.97,0.0,0,0.0,4,7,2,5,True,561.35,0.0,0.0,0.0,4.0
Karachi,2026-03-09 23:00:00+00:00,2,16.87,37.92,0.09,0.17,93.4,126.12,0.0,0,0.0,23,9,3,0,False,274.57000000000005,0.0,0.0,0.0,2.0
Karachi,2026-02-28 19:00:00+00:00,4,38.31,147.32,0.1,0.48,89.3,128.15,0.0,0,0.0,19,28,2,5,True,403.65999999999997,0.0,0.0,0.0,4.0
Karachi,2026-02-13 01:00:00+00:00,4,67.73,106.38,0.42,1.86,139.64,314.73,0.0,0,0.0,1,13,2,4,False,630.76,0.0,0.0,0.0,4.0
Karachi,2026-01-16 21:00:00+00:00,3,28.37,69.8,0.2,0.36,106.26,135.92,0.0,0,0.0,21,16,1,4,False,340.90999999999997,0.0,0.0,0.0,3.0
Karachi,2026-01-20 17:00:00+00:00,3,16.05,47.87,0.09,0.25,103.81,123.75,0.0,0,0.0,17,20,1,1,False,291.82,0.0,0.0,0.0,3.0
Karachi,2026-05-05 14:00:00+00:00,3,20.82,84.16,0.05,0.4,53.34,117.34,0.0,0,0.0,14,5,5,1,False,276.11,0.0,0.0,0.0,3.0
Karachi,2026-05-09 21:00:00+00:00,3,13.98,50.3,0.08,0.28,59.28,93.65,0.0,0,0.0,21,9,5,5,True,217.57,0.0,0.0,0.0,3.0
Karachi,2026-03-26 16:00:00+00:00,2,13.79,27.9,0.03,0.06,54.73,102.55,0.0,0,0.0,16,26,3,3,False,199.06,0.0,0.0,0.0,2.0
Karachi,2026-04-20 17:00:00+00:00,3,34.87,99.73,0.05,0.22,76.24,109.12,0.0,0,0.0,17,20,4,0,False,320.23,0.0,0.0,0.0,4.0
Karachi,2026-03-03 16:00:00+00:00,3,21.46,54.88,0.05,0.2,99.79,137.77,0.0,0,0.0,16,3,3,1,False,314.15,0.0,0.0,0.0,3.0
Karachi,2026-03-12 17:00:00+00:00,4,45.6,122.76,0.17,0.3,82.06,128.16,0.0,0,0.0,17,12,3,3,False,379.05,0.0,0.0,0.0,4.0
Karachi,2026-03-24 08:00:00+00:00,2,15.09,30.66,0.1,0.2,49.96,108.81,0.0,0,0.0,8,24,3,1,False,204.82,0.0,0.0,0.0,2.0
Karachi,2026-02-06 11:00:00+00:00,5,90.86,161.72,3.02,9.22,130.11,582.68,0.0,0,0.0,11,6,2,4,False,977.6099999999999,0.0,0.0,0.0,5.0
Karachi,2026-04-20 13:00:00+00:00,3,31.43,85.26,0.04,0.36,91.79,112.42,0.0,0,0.0,13,20,4,0,False,321.3,0.0,0.0,0.0,3.0
Karachi,2026-04-09 18:00:00+00:00,3,24.3,73.68,0.07,0.34,114.87,127.66,0.0,0,0.0,18,9,4,3,False,340.91999999999996,0.0,0.0,0.0,3.0
Karachi,2026-05-14 09:00:00+00:00,2,8.36,39.9,0.07,0.39,48.73,77.71,0.0,0,0.0,9,14,5,3,False,175.15999999999997,0.0,0.0,0.0,2.0
Karachi,2026-04-04 13:00:00+00:00,3,5.18,17.43,0.15,0.27,131.39,131.16,0.0,0,0.0,13,4,4,5,True,285.58,0.0,0.0,0.0,3.0
Karachi,2026-05-05 01:00:00+00:00,3,34.56,97.51,0.09,0.61,100.96,126.18,0.0,0,0.0,1,5,5,1,False,359.91,0.0,0.0,-1.0,3.0
Karachi,2026-01-05 17:00:00+00:00,4,68.41,135.17,1.0,14.25,150.98,310.92,0.0,0,0.0,17,5,1,0,False,680.73,0.0,0.0,0.0,4.0
Karachi,2026-02-21 09:00:00+00:00,4,49.48,118.71,2.12,5.46,121.73,310.94,0.0,0,0.0,9,21,2,5,True,608.44,0.0,0.0,0.0,4.0
Karachi,2026-03-18 10:00:00+00:00,3,35.26,91.66,0.09,0.38,73.27,122.4,0.0,0,0.0,10,18,3,2,False,323.05999999999995,0.0,0.0,0.0,3.0
Karachi,2026-03-09 17:00:00+00:00,2,19.44,44.16,0.06,0.19,93.11,139.45,0.0,0,0.0,17,9,3,0,False,296.40999999999997,0.0,0.0,0.0,2.0
Karachi,2026-04-04 00:00:00+00:00,3,6.03,19.74,0.3,0.37,134.74,132.66,0.0,0,0.0,0,4,4,5,True,293.84000000000003,0.0,0.0,0.0,3.0
Karachi,2026-04-03 18:00:00+00:00,3,2.93,7.35,0.27,0.19,123.77,126.92,0.0,0,0.0,18,3,4,4,False,261.43,0.0,0.0,0.0,3.0
Karachi,2026-04-29 01:00:00+00:00,3,33.33,80.33,0.1,0.5,76.42,118.66,0.0,0,0.0,1,29,4,2,False,309.34000000000003,0.0,0.0,0.0,3.0
Karachi,2026-02-14 20:00:00+00:00,2,19.3,42.33,0.08,0.09,87.88,121.95,0.0,0,0.0,20,14,2,5,True,271.63,0.0,0.0,0.0,2.0
Karachi,2026-01-24 11:00:00+00:00,3,11.98,39.21,1.84,7.25,111.65,186.45,0.0,0,0.0,11,24,1,5,True,358.38,0.0,0.0,0.0,3.0
Karachi,2026-03-12 03:00:00+00:00,5,92.39,288.44,0.24,0.3,86.14,138.82,0.0,0,0.0,3,12,3,3,False,606.3299999999999,0.0,0.0,0.0,5.0
Karachi,2026-02-26 15:00:00+00:00,3,28.88,71.3,0.04,0.45,94.3,132.65,0.0,0,0.0,15,26,2,3,False,327.62,0.0,0.0,0.0,3.0
Karachi,2026-03-23 22:00:00+00:00,1,9.26,15.88,0.07,0.11,49.14,107.73,0.0,0,0.0,22,23,3,0,False,182.19,0.0,0.0,0.0,2.0
Karachi,2026-02-20 23:00:00+00:00,4,56.57,104.24,4.61,8.31,140.25,424.09,0.0,0,0.0,23,20,2,4,False,738.0699999999999,0.0,0.0,0.0,4.0
Karachi,2026-04-30 06:00:00+00:00,3,36.47,89.14,0.12,0.69,91.33,116.68,0.0,0,0.0,6,30,4,3,False,334.43,0.0,0.0,0.0,3.0
Karachi,2026-02-09 18:00:00+00:00,3,35.56,70.87,0.09,0.15,93.57,163.34,0.0,0,0.0,18,9,2,0,False,363.58000000000004,0.0,0.0,0.0,3.0
Karachi,2026-02-26 02:00:00+00:00,3,31.57,75.8,0.07,0.42,96.84,142.57,0.0,0,0.0,2,26,2,3,False,347.27,0.0,0.0,0.0,3.0
Karachi,2026-01-31 10:00:00+00:00,4,57.19,133.67,2.27,10.27,126.6,340.77,0.0,0,0.0,10,31,1,5,True,670.77,0.0,0.0,0.0,4.0
Karachi,2026-03-19 02:00:00+00:00,3,35.71,91.03,0.08,0.28,68.53,123.21,0.0,0,0.0,2,19,3,3,False,318.84,0.0,0.0,0.0,3.0
Karachi,2026-05-07 10:00:00+00:00,3,14.84,56.68,0.05,0.29,49.13,98.2,0.0,0,0.0,10,7,5,3,False,219.19,0.0,0.0,0.0,3.0
Karachi,2026-03-20 15:00:00+00:00,2,17.17,29.09,0.05,0.1,75.35,121.98,0.0,0,0.0,15,20,3,4,False,243.74,0.0,0.0,0.0,2.0
Karachi,2026-04-23 17:00:00+00:00,3,33.0,79.84,0.07,0.32,50.32,105.61,0.0,0,0.0,17,23,4,3,False,269.15999999999997,0.0,0.0,0.0,3.0
Karachi,2026-01-09 02:00:00+00:00,3,39.48,79.84,1.59,7.23,115.33,302.79,0.0,0,0.0,2,9,1,4,False,546.26,0.0,0.0,0.0,3.0
Karachi,2026-02-17 14:00:00+00:00,2,18.87,28.97,0.03,0.15,87.5,129.48,0.0,0,0.0,14,17,2,1,False,265.0,0.0,0.0,0.0,2.0
Karachi,2026-02-23 08:00:00+00:00,3,40.72,67.01,0.11,1.07,120.75,208.99,0.0,0,0.0,8,23,2,0,False,438.65,0.0,0.0,0.0,3.0
Karachi,2026-04-04 04:00:00+00:00,3,5.77,20.63,0.25,0.36,134.39,132.66,0.0,0,0.0,4,4,4,5,True,294.05999999999995,0.0,0.0,0.0,3.0
Karachi,2026-03-23 21:00:00+00:00,1,8.75,14.68,0.07,0.1,49.46,108.15,0.0,0,0.0,21,23,3,0,False,181.21,0.0,0.0,0.0,1.0
Karachi,2026-04-29 11:00:00+00:00,3,35.59,90.35,0.07,0.49,78.94,124.85,0.0,0,0.0,11,29,4,2,False,330.28999999999996,0.0,0.0,0.0,3.0
Karachi,2026-03-16 00:00:00+00:00,2,17.97,46.58,0.18,0.32,94.5,123.07,0.0,0,0.0,0,16,3,0,False,282.62,0.0,0.0,0.0,2.0
Karachi,2026-04-10 07:00:00+00:00,3,22.7,67.91,0.06,0.24,106.12,132.68,0.0,0,0.0,7,10,4,4,False,329.71000000000004,0.0,0.0,0.0,3.0
Karachi,2026-03-12 14:00:00+00:00,4,50.71,136.09,0.2,0.5,82.89,136.4,0.0,0,0.0,14,12,3,3,False,406.78999999999996,0.0,0.0,0.0,4.0
Karachi,2026-02-05 23:00:00+00:00,5,81.64,142.04,2.12,7.7,155.29,441.47,0.0,0,0.0,23,5,2,3,False,830.26,0.0,0.0,0.0,5.0
Karachi,2026-01-13 15:00:00+00:00,4,64.41,121.76,0.97,10.02,150.29,258.26,0.0,0,0.0,15,13,1,1,False,605.71,0.0,0.0,0.0,4.0
Karachi,2026-01-10 05:00:00+00:00,3,23.06,55.02,1.02,5.9,116.85,187.72,0.0,0,0.0,5,10,1,5,True,389.57,0.0,0.0,0.0,3.0
Karachi,2026-01-24 05:00:00+00:00,3,5.48,27.53,0.43,0.48,104.76,130.85,0.0,0,0.0,5,24,1,5,True,269.53,0.0,0.0,0.0,3.0
Karachi,2026-03-29 00:00:00+00:00,1,4.11,12.84,0.14,0.22,34.01,115.31,0.0,0,0.0,0,29,3,6,True,166.63,0.0,0.0,0.0,1.0
Karachi,2026-02-20 14:00:00+00:00,4,73.19,154.82,1.54,7.28,162.64,372.82,0.0,0,0.0,14,20,2,4,False,772.29,0.0,0.0,0.0,5.0
Karachi,2026-03-17 21:00:00+00:00,3,32.18,86.57,0.11,0.41,67.39,119.04,0.0,0,0.0,21,17,3,1,False,305.7,0.0,0.0,0.0,3.0
Karachi,2026-03-21 01:00:00+00:00,2,19.34,42.57,0.06,0.15,70.39,121.25,0.0,0,0.0,1,21,3,5,True,253.76,0.0,0.0,0.0,2.0
Karachi,2026-04-18 16:00:00+00:00,4,37.69,120.1,0.05,0.17,97.87,118.81,0.0,0,0.0,16,18,4,5,True,374.69,0.0,0.0,0.0,4.0
Karachi,2026-05-13 23:00:00+00:00,2,16.02,43.86,0.1,0.36,72.49,106.42,0.0,0,0.0,23,13,5,2,False,239.25,0.0,0.0,0.0,2.0
Karachi,2026-01-25 16:00:00+00:00,4,32.31,71.2,0.85,4.13,141.51,267.66,0.0,0,0.0,16,25,1,6,True,517.6600000000001,0.0,0.0,0.0,4.0
Karachi,2026-02-26 11:00:00+00:00,3,29.78,74.09,0.05,0.53,101.41,136.78,0.0,0,0.0,11,26,2,3,False,342.64,0.0,0.0,0.0,3.0
Karachi,2026-04-25 16:00:00+00:00,4,36.39,103.38,0.06,0.29,46.99,103.96,0.0,0,0.0,16,25,4,5,True,291.07,0.0,0.0,0.0,4.0
Karachi,2026-01-14 13:00:00+00:00,4,58.73,104.7,0.48,7.6,121.38,274.02,0.0,0,0.0,13,14,1,2,False,566.91,0.0,0.0,0.0,4.0
Karachi,2026-01-08 13:00:00+00:00,3,34.6,69.21,0.87,4.33,123.27,230.38,0.0,0,0.0,13,8,1,3,False,462.65999999999997,0.0,0.0,0.0,3.0
Karachi,2026-02-28 12:00:00+00:00,4,31.85,136.37,0.05,0.45,88.21,125.12,0.0,0,0.0,12,28,2,5,True,382.05,0.0,0.0,0.0,4.0
Karachi,2026-04-18 03:00:00+00:00,4,61.02,183.73,0.07,0.21,80.43,113.88,0.0,0,0.0,3,18,4,5,True,439.34000000000003,0.0,0.0,0.0,4.0
Karachi,2026-01-05 03:00:00+00:00,3,30.51,54.25,0.31,3.43,118.89,189.74,0.0,0,0.0,3,5,1,0,False,397.13,0.0,0.0,0.0,3.0
Karachi,2026-02-09 08:00:00+00:00,3,42.75,91.69,0.08,0.1,97.09,181.23,0.0,0,0.0,8,9,2,0,False,412.94,0.0,0.0,0.0,3.0
Karachi,2026-02-17 18:00:00+00:00,2,19.45,29.03,0.06,0.17,84.92,132.5,0.0,0,0.0,18,17,2,1,False,266.13,0.0,0.0,0.0,2.0
Karachi,2026-01-10 03:00:00+00:00,3,25.13,59.26,1.21,6.19,117.31,200.98,0.0,0,0.0,3,10,1,5,True,410.08,0.0,0.0,0.0,3.0
Karachi,2026-05-10 07:00:00+00:00,3,15.28,62.76,0.07,0.32,64.86,92.39,0.0,0,0.0,7,10,5,6,True,235.67999999999995,0.0,0.0,0.0,3.0
Karachi,2026-02-10 13:00:00+00:00,3,41.22,77.47,0.08,0.4,92.56,181.76,0.0,0,0.0,13,10,2,1,False,393.49,0.0,0.0,0.0,3.0
Karachi,2026-03-12 01:00:00+00:00,5,83.82,273.82,0.21,0.32,83.17,136.76,0.0,0,0.0,1,12,3,3,False,578.0999999999999,0.0,0.0,0.0,5.0
Karachi,2026-01-05 11:00:00+00:00,4,55.5,119.82,1.61,14.23,126.04,314.09,0.0,0,0.0,11,5,1,0,False,631.29,0.0,0.0,0.0,4.0
Karachi,2026-05-13 06:00:00+00:00,4,41.31,115.12,0.08,0.81,105.78,112.78,0.0,0,0.0,6,13,5,2,False,375.88,0.0,0.0,0.0,4.0
Karachi,2026-03-09 03:00:00+00:00,3,20.41,43.67,0.1,0.34,104.55,146.95,0.0,0,0.0,3,9,3,0,False,316.02,0.0,0.0,0.0,3.0
Karachi,2026-02-23 10:00:00+00:00,3,40.55,66.37,0.09,0.99,119.29,206.37,0.0,0,0.0,10,23,2,0,False,433.66,0.0,0.0,0.0,3.0
Karachi,2026-05-10 08:00:00+00:00,3,15.55,65.6,0.07,0.32,65.95,92.59,0.0,0,0.0,8,10,5,6,True,240.07999999999998,0.0,0.0,0.0,3.0
Karachi,2026-03-19 00:00:00+00:00,3,36.03,95.12,0.09,0.28,68.24,122.65,0.0,0,0.0,0,19,3,3,False,322.40999999999997,0.0,0.0,0.0,3.0
Karachi,2026-04-09 20:00:00+00:00,3,23.98,72.28,0.09,0.33,115.37,127.28,0.0,0,0.0,20,9,4,3,False,339.33000000000004,0.0,0.0,0.0,3.0
Karachi,2026-01-08 17:00:00+00:00,3,30.12,57.75,1.05,4.78,129.23,225.54,0.0,0,0.0,17,8,1,3,False,448.47,0.0,0.0,0.0,3.0
Karachi,2026-01-20 08:00:00+00:00,3,15.77,50.29,0.13,0.31,109.09,126.1,0.0,0,0.0,8,20,1,1,False,301.69,0.0,0.0,0.0,3.0
Karachi,2026-01-16 03:00:00+00:00,3,17.51,35.22,0.12,0.25,103.12,133.49,0.0,0,0.0,3,16,1,4,False,289.71000000000004,0.0,0.0,0.0,3.0
Karachi,2026-04-03 20:00:00+00:00,3,4.4,12.37,0.32,0.29,131.12,128.87,0.0,0,0.0,20,3,4,4,False,277.37,0.0,0.0,0.0,3.0
Karachi,2026-01-02 17:00:00+00:00,4,55.32,99.88,0.97,7.51,140.01,277.62,0.0,0,0.0,17,2,1,4,False,581.31,0.0,0.0,0.0,4.0
Karachi,2026-04-09 17:00:00+00:00,3,24.46,74.27,0.06,0.37,114.79,128.06,0.0,0,0.0,17,9,4,3,False,342.01,0.0,0.0,0.0,3.0
Karachi,2026-04-12 21:00:00+00:00,4,48.32,146.83,0.17,0.26,84.2,139.6,0.0,0,0.0,21,12,4,6,True,419.38,0.0,0.0,0.0,4.0
Karachi,2026-02-21 07:00:00+00:00,4,48.43,112.85,1.86,5.66,118.29,320.84,0.0,0,0.0,7,21,2,5,True,607.9300000000001,0.0,0.0,0.0,4.0
Karachi,2026-04-17 08:00:00+00:00,3,33.66,78.39,0.11,0.23,84.38,113.27,0.0,0,0.0,8,17,4,4,False,310.03999999999996,0.0,0.0,0.0,3.0
Karachi,2026-03-07 07:00:00+00:00,3,27.16,81.8,0.15,0.52,93.12,125.13,0.0,0,0.0,7,7,3,5,True,327.88,0.0,0.0,0.0,3.0
Karachi,2026-04-03 22:00:00+00:00,3,5.69,17.15,0.31,0.35,134.08,131.38,0.0,0,0.0,22,3,4,4,False,288.96000000000004,0.0,0.0,0.0,3.0
Karachi,2026-01-31 12:00:00+00:00,4,63.37,142.68,1.52,10.07,138.29,338.58,0.0,0,0.0,12,31,1,5,True,694.51,0.0,0.0,0.0,4.0
Karachi,2026-01-27 20:00:00+00:00,3,19.56,36.96,0.44,2.95,133.8,214.1,0.0,0,0.0,20,27,1,1,False,407.81,0.0,0.0,0.0,3.0
Karachi,2026-04-25 13:00:00+00:00,3,36.39,99.13,0.06,0.23,47.3,104.71,0.0,0,0.0,13,25,4,5,True,287.81999999999994,0.0,0.0,0.0,4.0
Karachi,2026-04-23 05:00:00+00:00,3,32.45,92.12,0.08,0.33,55.83,104.17,0.0,0,0.0,5,23,4,3,False,284.98,0.0,0.0,0.0,3.0
Karachi,2026-02-05 17:00:00+00:00,4,73.7,141.53,1.44,6.05,156.12,343.8,0.0,0,0.0,17,5,2,3,False,722.6400000000001,0.0,0.0,0.0,5.0
Karachi,2026-05-08 14:00:00+00:00,3,14.09,56.61,0.05,0.34,47.97,94.93,0.0,0,0.0,14,8,5,4,False,213.99,0.0,0.0,0.0,3.0
Karachi,2026-05-13 21:00:00+00:00,2,17.49,48.01,0.1,0.37,73.72,104.76,0.0,0,0.0,21,13,5,2,False,244.45,0.0,0.0,-1.0,2.0
Karachi,2026-03-26 20:00:00+00:00,2,12.53,24.82,0.05,0.06,53.27,101.98,0.0,0,0.0,20,26,3,3,False,192.71,0.0,0.0,0.0,2.0
Karachi,2026-04-04 06:00:00+00:00,3,5.19,18.65,0.24,0.35,133.87,132.27,0.0,0,0.0,6,4,4,5,True,290.57000000000005,0.0,0.0,0.0,3.0
Karachi,2026-03-16 02:00:00+00:00,2,16.77,43.99,0.16,0.36,97.24,121.58,0.0,0,0.0,2,16,3,0,False,280.09999999999997,0.0,0.0,0.0,2.0
Karachi,2026-04-14 14:00:00+00:00,3,28.46,92.1,0.09,0.56,102.37,118.99,0.0,0,0.0,14,14,4,1,False,342.57,0.0,0.0,-1.0,3.0
Karachi,2026-04-10 03:00:00+00:00,3,23.09,67.58,0.06,0.27,109.42,130.71,0.0,0,0.0,3,10,4,4,False,331.13,0.0,0.0,0.0,3.0
Karachi,2026-03-14 19:00:00+00:00,3,32.5,84.96,0.12,0.35,76.0,119.63,0.0,0,0.0,19,14,3,5,True,313.56,0.0,0.0,0.0,3.0
Karachi,2026-03-26 10:00:00+00:00,2,17.55,38.1,0.06,0.09,62.52,105.98,0.0,0,0.0,10,26,3,3,False,224.3,0.0,0.0,0.0,2.0
Karachi,2026-02-02 23:00:00+00:00,5,117.6,226.42,1.04,9.05,177.53,500.31,0.0,0,0.0,23,2,2,0,False,1031.95,0.0,0.0,0.0,5.0
Karachi,2026-01-08 07:00:00+00:00,3,38.44,86.05,0.88,4.33,116.26,231.13,0.0,0,0.0,7,8,1,3,False,477.09,0.0,0.0,0.0,3.0
Karachi,2026-02-12 06:00:00+00:00,5,87.09,153.37,2.22,7.75,125.01,516.88,0.0,0,0.0,6,12,2,3,False,892.3199999999999,0.0,0.0,0.0,5.0
Karachi,2026-02-26 17:00:00+00:00,3,28.73,71.42,0.05,0.42,91.6,131.35,0.0,0,0.0,17,26,2,3,False,323.57,0.0,0.0,0.0,3.0
Karachi,2026-02-01 01:00:00+00:00,3,34.71,69.48,0.33,1.74,125.38,221.04,0.0,0,0.0,1,1,2,6,True,452.67999999999995,0.0,0.0,0.0,3.0
Karachi,2026-03-09 01:00:00+00:00,3,20.38,43.53,0.11,0.35,104.64,147.64,0.0,0,0.0,1,9,3,0,False,316.65,0.0,0.0,0.0,3.0
Karachi,2026-01-13 19:00:00+00:00,4,60.64,113.97,1.35,9.84,148.82,255.28,0.0,0,0.0,19,13,1,1,False,589.9,0.0,0.0,0.0,4.0
Karachi,2026-03-26 12:00:00+00:00,2,15.97,33.75,0.04,0.08,61.05,105.01,0.0,0,0.0,12,26,3,3,False,215.89999999999998,0.0,0.0,0.0,2.0
Karachi,2026-02-02 11:00:00+00:00,5,95.63,234.63,3.75,10.95,124.57,477.94,0.0,0,0.0,11,2,2,0,False,947.47,0.0,0.0,0.0,5.0
Karachi,2026-01-07 19:00:00+00:00,3,33.81,70.04,0.95,4.49,128.67,201.15,0.0,0,0.0,19,7,1,2,False,439.11,0.0,0.0,0.0,3.0
Karachi,2026-04-20 19:00:00+00:00,4,35.43,106.08,0.08,0.21,72.81,109.21,0.0,0,0.0,19,20,4,0,False,323.82,0.0,0.0,0.0,4.0
Karachi,2026-02-12 08:00:00+00:00,5,83.88,154.8,2.27,7.77,128.12,481.41,0.0,0,0.0,8,12,2,3,False,858.25,0.0,0.0,0.0,5.0
Karachi,2026-03-27 08:00:00+00:00,1,5.16,11.57,0.04,0.08,46.77,102.22,0.0,0,0.0,8,27,3,4,False,165.84,0.0,0.0,0.0,1.0
Karachi,2026-01-08 15:00:00+00:00,3,31.63,60.94,0.75,4.37,127.56,223.75,0.0,0,0.0,15,8,1,3,False,449.0,0.0,0.0,0.0,3.0
Karachi,2026-04-21 15:00:00+00:00,3,27.87,91.31,0.04,0.28,59.91,104.32,0.0,0,0.0,15,21,4,1,False,283.73,0.0,0.0,0.0,3.0
Karachi,2026-01-24 23:00:00+00:00,3,20.89,75.68,1.41,4.67,112.67,193.07,0.0,0,0.0,23,24,1,5,True,408.39,0.0,0.0,0.0,3.0
Karachi,2026-02-09 10:00:00+00:00,3,41.77,84.78,0.07,0.1,97.05,181.22,0.0,0,0.0,10,9,2,0,False,404.99,0.0,0.0,0.0,3.0
Karachi,2026-05-01 23:00:00+00:00,4,41.85,105.33,0.14,0.89,89.15,109.88,0.0,0,0.0,23,1,5,4,False,347.24,0.0,0.0,0.0,4.0
Karachi,2026-02-25 20:00:00+00:00,3,31.31,74.37,0.08,0.31,92.17,142.23,0.0,0,0.0,20,25,2,2,False,340.47,0.0,0.0,0.0,3.0
Karachi,2026-03-23 03:00:00+00:00,2,18.64,34.27,0.06,0.08,62.78,106.61,0.0,0,0.0,3,23,3,0,False,222.44,0.0,0.0,0.0,2.0
Karachi,2026-03-30 07:00:00+00:00,3,8.5,33.07,0.25,0.72,123.15,119.76,0.0,0,0.0,7,30,3,0,False,285.45,0.0,0.0,0.0,3.0
Karachi,2026-01-02 15:00:00+00:00,4,55.82,101.75,0.77,7.24,135.89,279.71,0.0,0,0.0,15,2,1,4,False,581.1800000000001,0.0,0.0,0.0,4.0
Karachi,2026-05-14 17:00:00+00:00,2,7.54,37.62,0.04,0.31,37.03,77.58,0.0,0,0.0,17,14,5,3,False,160.12,0.0,0.0,0.0,2.0
Karachi,2026-01-11 01:00:00+00:00,3,40.89,89.37,1.22,9.28,132.26,246.77,0.0,0,0.0,1,11,1,6,True,519.79,0.0,0.0,0.0,3.0
Karachi,2026-04-18 01:00:00+00:00,4,67.77,199.57,0.07,0.2,77.79,112.61,0.0,0,0.0,1,18,4,5,True,458.01,0.0,0.0,-1.0,4.0
Karachi,2026-02-24 21:00:00+00:00,3,32.3,90.89,0.08,0.3,89.25,154.63,0.0,0,0.0,21,24,2,1,False,367.45,0.0,0.0,0.0,3.0
Karachi,2026-01-30 08:00:00+00:00,4,51.57,130.71,1.78,5.58,118.63,302.62,0.0,0,0.0,8,30,1,4,False,610.89,0.0,0.0,0.0,4.0
Karachi,2026-04-15 03:00:00+00:00,3,21.04,52.88,0.2,0.58,124.15,130.32,0.0,0,0.0,3,15,4,2,False,329.17,0.0,0.0,0.0,3.0
Karachi,2026-03-07 05:00:00+00:00,3,29.76,86.33,0.14,0.49,86.82,120.75,0.0,0,0.0,5,7,3,5,True,324.28999999999996,0.0,0.0,0.0,3.0
Karachi,2026-04-14 16:00:00+00:00,3,25.07,73.62,0.09,0.61,105.41,121.92,0.0,0,0.0,16,14,4,1,False,326.72,0.0,0.0,0.0,3.0
Karachi,2026-01-30 18:00:00+00:00,4,58.0,113.23,1.1,6.48,157.6,309.29,0.0,0,0.0,18,30,1,4,False,645.7,0.0,0.0,0.0,4.0
Karachi,2026-02-07 02:00:00+00:00,4,69.11,96.4,0.43,4.28,153.43,324.02,0.0,0,0.0,2,7,2,5,True,647.67,0.0,0.0,0.0,4.0
Karachi,2026-04-01 00:00:00+00:00,3,9.5,27.79,0.16,0.48,115.31,116.36,0.0,0,0.0,0,1,4,2,False,269.6,0.0,0.0,0.0,3.0
Karachi,2026-04-24 01:00:00+00:00,3,33.42,79.26,0.11,0.3,48.37,106.01,0.0,0,0.0,1,24,4,4,False,267.47,0.0,0.0,0.0,3.0
Karachi,2026-04-26 09:00:00+00:00,3,37.71,97.82,0.13,0.33,64.78,107.75,0.0,0,0.0,9,26,4,6,True,308.52,0.0,0.0,0.0,3.0
Karachi,2026-01-19 12:00:00+00:00,3,19.78,64.71,0.12,0.29,107.93,125.62,0.0,0,0.0,12,19,1,0,False,318.45000000000005,0.0,0.0,0.0,3.0
Karachi,2026-02-06 13:00:00+00:00,5,99.0,169.07,1.86,8.44,157.85,588.83,0.0,0,0.0,13,6,2,4,False,1025.0500000000002,0.0,0.0,0.0,5.0
Karachi,2026-02-11 20:00:00+00:00,5,104.04,179.38,2.61,8.66,184.64,523.09,0.0,0,0.0,20,11,2,2,False,1002.4200000000001,0.0,0.0,0.0,5.0
Karachi,2026-02-28 04:00:00+00:00,4,36.76,166.64,0.1,0.73,98.41,129.66,0.0,0,0.0,4,28,2,5,True,432.29999999999995,0.0,0.0,0.0,4.0
Karachi,2026-01-27 22:00:00+00:00,3,15.26,29.21,0.34,1.8,127.32,206.83,0.0,0,0.0,22,27,1,1,False,380.76,0.0,0.0,0.0,3.0
Karachi,2026-02-08 23:00:00+00:00,3,43.35,90.22,0.09,0.11,96.46,182.51,0.0,0,0.0,23,8,2,6,True,412.74,0.0,0.0,0.0,3.0
Karachi,2026-01-16 15:00:00+00:00,3,18.76,39.66,0.1,0.26,100.88,131.39,0.0,0,0.0,15,16,1,4,False,291.04999999999995,0.0,0.0,0.0,3.0
Karachi,2026-05-04 22:00:00+00:00,4,33.03,108.18,0.11,0.5,99.35,122.36,0.0,0,0.0,22,4,5,0,False,363.53000000000003,0.0,0.0,0.0,4.0
Karachi,2026-05-08 02:00:00+00:00,3,14.25,58.08,0.09,0.37,51.79,94.45,0.0,0,0.0,2,8,5,4,False,219.03000000000003,0.0,0.0,0.0,3.0
Karachi,2026-03-26 22:00:00+00:00,2,11.82,23.29,0.05,0.06,52.77,101.71,0.0,0,0.0,22,26,3,3,False,189.7,0.0,0.0,0.0,2.0
Karachi,2026-01-10 13:00:00+00:00,3,34.02,72.5,0.92,6.26,132.3,213.0,0.0,0,0.0,13,10,1,5,True,459.0,0.0,0.0,0.0,3.0
Karachi,2026-03-15 15:00:00+00:00,3,22.54,63.41,0.16,0.25,91.85,125.11,0.0,0,0.0,15,15,3,6,True,303.32,0.0,0.0,0.0,3.0
Karachi,2026-03-07 18:00:00+00:00,3,22.04,65.69,0.13,0.48,99.83,132.79,0.0,0,0.0,18,7,3,5,True,320.96,0.0,0.0,0.0,3.0
Karachi,2026-05-01 13:00:00+00:00,4,40.49,113.22,0.08,0.7,76.24,105.39,0.0,0,0.0,13,1,5,4,False,336.12,0.0,0.0,0.0,4.0
Karachi,2026-01-05 09:00:00+00:00,3,45.02,95.08,1.55,11.96,118.92,279.49,0.0,0,0.0,9,5,1,0,False,552.02,0.0,0.0,0.0,4.0
Karachi,2026-02-14 01:00:00+00:00,3,25.36,49.62,0.12,0.26,94.72,150.1,0.0,0,0.0,1,14,2,5,True,320.17999999999995,0.0,0.0,0.0,2.0
Karachi,2026-05-14 01:00:00+00:00,2,13.75,40.23,0.09,0.36,64.69,100.94,0.0,0,0.0,1,14,5,3,False,220.06,0.0,0.0,0.0,2.0
Karachi,2026-04-01 18:00:00+00:00,2,11.81,34.65,0.11,0.24,99.74,117.6,0.0,0,0.0,18,1,4,2,False,264.15,0.0,0.0,-1.0,2.0
Karachi,2026-04-07 15:00:00+00:00,3,17.02,63.24,0.11,0.73,79.89,121.49,0.0,0,0.0,15,7,4,1,False,282.48,0.0,0.0,0.0,3.0
Karachi,2026-01-06 20:00:00+00:00,3,42.19,94.29,1.36,6.71,126.8,219.32,0.0,0,0.0,20,6,1,1,False,490.67,0.0,0.0,-1.0,3.0
Karachi,2026-05-09 16:00:00+00:00,3,14.42,55.89,0.04,0.27,54.22,92.88,0.0,0,0.0,16,9,5,5,True,217.72,0.0,0.0,0.0,3.0
Karachi,2026-04-22 03:00:00+00:00,3,22.79,83.41,0.08,0.22,50.36,98.21,0.0,0,0.0,3,22,4,2,False,255.07,0.0,0.0,0.0,3.0
Karachi,2026-03-22 15:00:00+00:00,2,20.65,43.37,0.03,0.07,59.64,108.15,0.0,0,0.0,15,22,3,6,True,231.91,0.0,0.0,0.0,2.0
Karachi,2026-04-04 15:00:00+00:00,3,5.36,17.9,0.14,0.25,128.79,130.43,0.0,0,0.0,15,4,4,5,True,282.87,0.0,0.0,0.0,3.0
Karachi,2026-04-17 21:00:00+00:00,4,61.45,190.32,0.09,0.17,75.31,109.41,0.0,0,0.0,21,17,4,4,False,436.75,0.0,0.0,0.0,5.0
Karachi,2026-02-13 23:00:00+00:00,3,26.34,51.43,0.14,0.26,96.37,154.38,0.0,0,0.0,23,13,2,4,False,328.92,0.0,0.0,0.0,3.0
Karachi,2026-04-23 18:00:00+00:00,3,33.24,79.91,0.09,0.32,50.64,105.96,0.0,0,0.0,18,23,4,3,False,270.15999999999997,0.0,0.0,0.0,3.0
Karachi,2026-04-10 12:00:00+00:00,3,23.93,69.37,0.08,0.65,99.66,137.41,0.0,0,0.0,12,10,4,4,False,331.1,0.0,0.0,0.0,3.0
Karachi,2026-02-27 05:00:00+00:00,3,27.0,83.57,0.09,0.5,91.32,125.18,0.0,0,0.0,5,27,2,4,False,327.65999999999997,0.0,0.0,0.0,3.0
Karachi,2026-02-21 11:00:00+00:00,4,52.63,125.65,1.66,5.53,134.32,320.2,0.0,0,0.0,11,21,2,5,True,639.99,0.0,0.0,0.0,4.0
Karachi,2026-03-19 14:00:00+00:00,2,20.45,33.71,0.4,0.74,93.86,132.89,0.0,0,0.0,14,19,3,3,False,282.04999999999995,0.0,0.0,0.0,2.0
Karachi,2026-04-19 09:00:00+00:00,3,32.7,96.49,0.08,0.32,105.04,119.38,0.0,0,0.0,9,19,4,6,True,354.01,0.0,0.0,0.0,3.0
Karachi,2026-04-06 03:00:00+00:00,3,24.59,82.54,0.07,0.29,94.16,125.04,0.0,0,0.0,3,6,4,0,False,326.69,0.0,0.0,0.0,3.0
Karachi,2026-02-17 02:00:00+00:00,2,19.95,30.44,0.07,0.13,91.23,137.92,0.0,0,0.0,2,17,2,1,False,279.74,0.0,0.0,0.0,2.0
Karachi,2026-04-12 00:00:00+00:00,3,25.71,62.9,0.14,0.28,96.71,133.02,0.0,0,0.0,0,12,4,6,True,318.76,0.0,0.0,0.0,3.0
Karachi,2026-05-08 04:00:00+00:00,3,14.43,59.54,0.1,0.36,51.88,94.5,0.0,0,0.0,4,8,5,4,False,220.81,0.0,0.0,0.0,3.0
Karachi,2026-01-20 22:00:00+00:00,3,15.67,45.2,0.1,0.22,102.4,122.84,0.0,0,0.0,22,20,1,1,False,286.43,0.0,0.0,0.0,3.0
Karachi,2026-03-28 22:00:00+00:00,1,4.35,12.4,0.14,0.22,33.93,111.07,0.0,0,0.0,22,28,3,5,True,162.10999999999999,0.0,0.0,0.0,1.0
Karachi,2026-01-24 06:00:00+00:00,3,5.66,27.78,0.7,1.26,104.0,138.2,0.0,0,0.0,6,24,1,5,True,277.6,0.0,0.0,0.0,3.0
Karachi,2026-01-16 13:00:00+00:00,3,17.45,35.01,0.09,0.24,101.95,131.94,0.0,0,0.0,13,16,1,4,False,286.68,0.0,0.0,0.0,3.0
Karachi,2026-03-25 12:00:00+00:00,3,22.5,53.94,0.04,0.12,53.97,108.0,0.0,0,0.0,12,25,3,2,False,238.57,0.0,0.0,0.0,3.0
Karachi,2026-01-30 03:00:00+00:00,4,50.38,110.77,2.03,7.86,126.28,346.62,0.0,0,0.0,3,30,1,4,False,643.94,0.0,0.0,0.0,4.0
Karachi,2026-03-22 12:00:00+00:00,2,21.5,45.8,0.03,0.08,62.49,109.43,0.0,0,0.0,12,22,3,6,True,239.33,0.0,0.0,0.0,2.0
Karachi,2026-04-22 06:00:00+00:00,3,23.17,85.86,0.07,0.22,51.44,98.62,0.0,0,0.0,6,22,4,2,False,259.38,0.0,0.0,0.0,3.0
Karachi,2026-05-11 14:00:00+00:00,3,15.49,65.24,0.04,0.35,56.24,88.48,0.0,0,0.0,14,11,5,0,False,225.83999999999997,0.0,0.0,0.0,3.0
Karachi,2026-03-24 13:00:00+00:00,2,12.5,25.96,0.06,0.15,49.6,109.7,0.0,0,0.0,13,24,3,1,False,197.97000000000003,0.0,0.0,0.0,2.0
Karachi,2026-03-21 03:00:00+00:00,3,22.92,54.39,0.06,0.17,68.63,120.15,0.0,0,0.0,3,21,3,5,True,266.32000000000005,0.0,0.0,1.0,3.0
Karachi,2026-01-09 20:00:00+00:00,3,35.06,71.18,1.35,7.55,132.04,230.91,0.0,0,0.0,20,9,1,4,False,478.09000000000003,0.0,0.0,0.0,3.0
Karachi,2026-01-25 18:00:00+00:00,4,31.37,68.24,1.25,4.34,141.34,269.69,0.0,0,0.0,18,25,1,6,True,516.23,0.0,0.0,0.0,4.0
Karachi,2026-01-06 10:00:00+00:00,4,65.72,157.47,1.8,6.67,113.51,276.43,0.0,0,0.0,10,6,1,1,False,621.6,0.0,0.0,0.0,4.0
Karachi,2026-02-24 08:00:00+00:00,3,36.16,81.03,0.08,0.59,104.12,176.9,0.0,0,0.0,8,24,2,1,False,398.88,0.0,0.0,0.0,3.0
Karachi,2026-04-10 09:00:00+00:00,3,22.64,68.01,0.06,0.25,104.11,133.21,0.0,0,0.0,9,10,4,4,False,328.28,0.0,0.0,0.0,3.0
Karachi,2026-05-11 04:00:00+00:00,3,14.97,63.34,0.07,0.31,60.51,90.92,0.0,0,0.0,4,11,5,0,False,230.12,0.0,0.0,0.0,3.0
Karachi,2026-02-17 12:00:00+00:00,2,20.2,31.45,0.04,0.12,88.83,134.01,0.0,0,0.0,12,17,2,1,False,274.65,0.0,0.0,0.0,2.0
Karachi,2026-02-21 08:00:00+00:00,4,48.87,115.71,1.89,5.5,119.76,313.95,0.0,0,0.0,8,21,2,5,True,605.68,0.0,0.0,0.0,4.0
Karachi,2026-02-14 02:00:00+00:00,2,24.95,48.76,0.11,0.26,94.02,148.24,0.0,0,0.0,2,14,2,5,True,316.34000000000003,0.0,0.0,-1.0,2.0
Karachi,2026-01-19 10:00:00+00:00,3,20.21,67.01,0.19,0.31,107.99,126.89,0.0,0,0.0,10,19,1,0,False,322.59999999999997,0.0,0.0,0.0,3.0
Karachi,2026-02-23 09:00:00+00:00,3,40.51,66.51,0.11,1.03,120.09,207.18,0.0,0,0.0,9,23,2,0,False,435.43,0.0,0.0,0.0,3.0
Karachi,2026-02-19 23:00:00+00:00,4,51.3,93.46,4.08,7.78,130.85,371.07,0.0,0,0.0,23,19,2,3,False,658.54,0.0,0.0,0.0,3.0
Karachi,2026-01-22 18:00:00+00:00,3,8.13,14.55,0.35,0.48,106.48,141.33,0.0,0,0.0,18,22,1,3,False,271.32000000000005,0.0,0.0,0.0,3.0
Karachi,2026-01-15 01:00:00+00:00,2,13.43,41.88,0.1,0.1,96.02,138.49,0.0,0,0.0,1,15,1,3,False,290.02,0.0,0.0,0.0,2.0
Karachi,2026-03-19 17:00:00+00:00,2,20.25,29.55,0.38,0.75,85.18,129.71,0.0,0,0.0,17,19,3,3,False,265.82000000000005,0.0,0.0,0.0,2.0
Karachi,2026-01-21 01:00:00+00:00,3,15.37,44.24,0.09,0.21,102.97,121.96,0.0,0,0.0,1,21,1,2,False,284.84,0.0,0.0,0.0,3.0
Karachi,2026-04-30 11:00:00+00:00,3,37.44,99.75,0.08,0.44,72.41,114.34,0.0,0,0.0,11,30,4,3,False,324.46000000000004,0.0,0.0,0.0,3.0
Karachi,2026-03-28 19:00:00+00:00,1,4.67,13.47,0.15,0.23,43.3,102.41,0.0,0,0.0,19,28,3,5,True,164.23,0.0,0.0,0.0,1.0
Karachi,2026-01-31 15:00:00+00:00,4,71.74,152.08,0.84,10.09,154.03,338.0,0.0,0,0.0,15,31,1,5,True,726.78,0.0,0.0,0.0,4.0
Karachi,2026-04-26 02:00:00+00:00,3,34.2,90.22,0.14,0.46,60.34,106.31,0.0,0,0.0,2,26,4,6,True,291.67,0.0,0.0,0.0,3.0
Karachi,2026-01-16 16:00:00+00:00,3,20.29,44.62,0.12,0.28,101.27,131.62,0.0,0,0.0,16,16,1,4,False,298.2,0.0,0.0,0.0,3.0
Karachi,2026-03-26 01:00:00+00:00,3,34.85,89.22,0.09,0.1,57.91,109.98,0.0,0,0.0,1,26,3,3,False,292.15,0.0,0.0,0.0,3.0
Karachi,2026-03-24 10:00:00+00:00,2,14.4,30.24,0.09,0.19,50.33,109.65,0.0,0,0.0,10,24,3,1,False,204.9,0.0,0.0,0.0,2.0
Karachi,2026-03-11 04:00:00+00:00,3,26.12,53.94,0.07,0.18,72.78,114.33,0.0,0,0.0,4,11,3,2,False,267.42,0.0,0.0,0.0,3.0
Karachi,2026-01-09 07:00:00+00:00,3,34.27,67.11,1.26,7.53,115.86,271.07,0.0,0,0.0,7,9,1,4,False,497.1,0.0,0.0,0.0,3.0
Karachi,2026-04-18 17:00:00+00:00,4,35.96,113.51,0.06,0.17,99.76,118.58,0.0,0,0.0,17,18,4,5,True,368.03999999999996,0.0,0.0,0.0,4.0
Karachi,2026-01-27 06:00:00+00:00,3,33.64,78.11,1.29,6.7,124.06,306.81,0.0,0,0.0,6,27,1,1,False,550.61,0.0,0.0,0.0,3.0
Karachi,2026-04-25 11:00:00+00:00,3,36.48,96.74,0.07,0.22,48.34,105.28,0.0,0,0.0,11,25,4,5,True,287.13,0.0,0.0,0.0,3.0
Karachi,2026-03-03 17:00:00+00:00,3,21.39,54.85,0.05,0.19,98.69,136.77,0.0,0,0.0,17,3,3,1,False,311.94000000000005,0.0,0.0,0.0,3.0
Karachi,2026-02-17 09:00:00+00:00,2,22.29,35.65,0.07,0.12,89.87,139.88,0.0,0,0.0,9,17,2,1,False,287.88,0.0,0.0,0.0,2.0
Karachi,2026-03-12 19:00:00+00:00,4,43.41,114.64,0.21,0.19,81.2,123.48,0.0,0,0.0,19,12,3,3,False,363.13000000000005,0.0,0.0,0.0,4.0
Karachi,2026-04-20 08:00:00+00:00,3,30.12,80.54,0.1,0.64,107.06,118.75,0.0,0,0.0,8,20,4,0,False,337.21000000000004,0.0,0.0,0.0,3.0
Karachi,2026-04-27 02:00:00+00:00,4,34.76,100.01,0.11,0.34,70.27,106.52,0.0,0,0.0,2,27,4,0,False,312.01,0.0,0.0,1.0,4.0
Karachi,2026-04-09 13:00:00+00:00,3,25.47,77.63,0.05,0.55,122.59,133.61,0.0,0,0.0,13,9,4,3,False,359.9,0.0,0.0,0.0,3.0
Karachi,2026-04-13 20:00:00+00:00,2,13.57,33.71,0.16,0.35,68.8,116.67,0.0,0,0.0,20,13,4,0,False,233.26,0.0,0.0,0.0,2.0
Karachi,2026-05-04 20:00:00+00:00,4,33.26,112.74,0.14,0.4,97.0,120.2,0.0,0,0.0,20,4,5,0,False,363.74,0.0,0.0,0.0,4.0
Karachi,2026-04-15 23:00:00+00:00,3,16.21,46.82,0.21,0.46,115.93,121.24,0.0,0,0.0,23,15,4,2,False,300.87,0.0,0.0,0.0,3.0
Karachi,2026-01-19 03:00:00+00:00,3,22.26,76.3,0.16,0.29,106.37,126.98,0.0,0,0.0,3,19,1,0,False,332.36,0.0,0.0,0.0,3.0
Karachi,2026-01-07 16:00:00+00:00,3,40.56,84.41,0.63,4.1,131.29,213.05,0.0,0,0.0,16,7,1,2,False,474.04,0.0,0.0,-1.0,3.0
Karachi,2026-02-26 16:00:00+00:00,3,28.78,71.22,0.04,0.43,92.7,131.94,0.0,0,0.0,16,26,2,3,False,325.11,0.0,0.0,0.0,3.0
Karachi,2026-01-06 17:00:00+00:00,4,53.36,115.13,1.04,6.58,134.16,242.13,0.0,0,0.0,17,6,1,1,False,552.4,0.0,0.0,0.0,4.0
Karachi,2026-01-03 07:00:00+00:00,4,61.84,115.6,1.21,12.41,131.36,361.79,0.0,0,0.0,7,3,1,5,True,684.21,0.0,0.0,0.0,4.0
Karachi,2026-02-25 17:00:00+00:00,3,31.59,75.9,0.05,0.28,89.76,143.07,0.0,0,0.0,17,25,2,2,False,340.65,0.0,0.0,0.0,3.0
Karachi,2026-01-10 01:00:00+00:00,3,28.24,65.09,1.45,6.91,120.6,218.08,0.0,0,0.0,1,10,1,5,True,440.37,0.0,0.0,0.0,3.0
Karachi,2026-05-02 02:00:00+00:00,3,40.4,98.37,0.13,1.06,95.54,112.48,0.0,0,0.0,2,2,5,5,True,347.98,0.0,0.0,-1.0,3.0
Karachi,2026-03-17 04:00:00+00:00,3,31.62,96.95,0.1,0.41,76.3,118.7,0.0,0,0.0,4,17,3,1,False,324.08,0.0,0.0,-1.0,3.0
Karachi,2026-01-08 08:00:00+00:00,3,41.78,93.19,1.0,4.54,116.87,242.25,0.0,0,0.0,8,8,1,3,False,499.63,0.0,0.0,0.0,3.0
Karachi,2026-04-17 18:00:00+00:00,4,42.5,134.82,0.07,0.16,74.73,108.79,0.0,0,0.0,18,17,4,4,False,361.07,0.0,0.0,0.0,4.0
Karachi,2026-01-12 15:00:00+00:00,4,49.88,88.71,0.8,8.39,146.54,249.03,0.0,0,0.0,15,12,1,0,False,543.35,0.0,0.0,0.0,4.0
Karachi,2026-02-28 07:00:00+00:00,4,30.77,137.38,0.09,0.47,87.05,125.01,0.0,0,0.0,7,28,2,5,True,380.77,0.0,0.0,0.0,4.0
Karachi,2026-01-04 22:00:00+00:00,3,38.36,63.93,0.39,4.75,124.93,223.17,0.0,0,0.0,22,4,1,6,True,455.53,0.0,0.0,0.0,3.0
Karachi,2026-03-14 07:00:00+00:00,4,49.61,135.59,0.11,0.34,92.76,124.45,0.0,0,0.0,7,14,3,5,True,402.86,0.0,0.0,0.0,4.0
Karachi,2026-03-28 01:00:00+00:00,1,4.77,12.57,0.06,0.18,42.71,87.99,0.0,0,0.0,1,28,3,5,True,148.28,0.0,0.0,0.0,1.0
Karachi,2026-01-11 16:00:00+00:00,4,30.07,61.61,0.8,5.76,141.15,192.01,0.0,0,0.0,16,11,1,6,True,431.4,0.0,0.0,0.0,4.0
Karachi,2026-02-27 08:00:00+00:00,3,26.44,90.68,0.1,0.53,91.87,123.77,0.0,0,0.0,8,27,2,4,False,333.39,0.0,0.0,0.0,3.0
Karachi,2026-03-31 21:00:00+00:00,3,9.25,27.21,0.18,0.54,114.38,116.96,0.0,0,0.0,21,31,3,1,False,268.52,0.0,0.0,0.0,3.0
Karachi,2026-01-29 06:00:00+00:00,3,30.67,70.41,1.84,11.15,125.48,296.52,0.0,0,0.0,6,29,1,3,False,536.0699999999999,0.0,0.0,0.0,3.0
Karachi,2026-03-09 22:00:00+00:00,2,16.83,37.76,0.1,0.17,93.34,127.41,0.0,0,0.0,22,9,3,0,False,275.61,0.0,0.0,0.0,2.0
Karachi,2026-05-02 20:00:00+00:00,3,37.06,97.09,0.23,1.54,99.56,116.01,0.0,0,0.0,20,2,5,5,True,351.49,0.0,0.0,0.0,3.0
Karachi,2026-02-09 04:00:00+00:00,3,40.68,92.72,0.08,0.1,97.75,174.15,0.0,0,0.0,4,9,2,0,False,405.48,0.0,0.0,0.0,3.0
Karachi,2026-02-13 00:00:00+00:00,4,70.4,110.49,0.5,2.44,146.73,324.59,0.0,0,0.0,0,13,2,4,False,655.1499999999999,0.0,0.0,0.0,4.0
Karachi,2026-01-24 21:00:00+00:00,3,17.33,60.74,1.2,4.22,116.3,170.41,0.0,0,0.0,21,24,1,5,True,370.2,0.0,0.0,0.0,3.0
Karachi,2026-02-05 18:00:00+00:00,5,75.04,141.97,1.8,6.27,158.58,354.1,0.0,0,0.0,18,5,2,3,False,737.76,0.0,0.0,1.0,5.0
Karachi,2026-01-11 18:00:00+00:00,4,31.83,65.4,1.44,6.53,141.04,202.13,0.0,0,0.0,18,11,1,6,True,448.37,0.0,0.0,0.0,3.0
Karachi,2026-01-27 13:00:00+00:00,3,26.54,55.31,0.99,6.37,137.49,248.91,0.0,0,0.0,13,27,1,1,False,475.61,0.0,0.0,0.0,4.0
Karachi,2026-04-18 18:00:00+00:00,4,34.59,108.79,0.08,0.18,101.39,118.41,0.0,0,0.0,18,18,4,5,True,363.44000000000005,0.0,0.0,0.0,4.0
Karachi,2026-02-12 04:00:00+00:00,5,89.78,153.39,2.82,7.66,122.03,559.7,0.0,0,0.0,4,12,2,3,False,935.38,0.0,0.0,0.0,5.0
Karachi,2026-04-27 01:00:00+00:00,3,33.86,98.57,0.11,0.33,68.99,106.19,0.0,0,0.0,1,27,4,0,False,308.05,0.0,0.0,0.0,4.0
Karachi,2026-01-17 15:00:00+00:00,3,21.0,64.58,0.14,0.55,114.6,124.21,0.0,0,0.0,15,17,1,5,True,325.08,0.0,0.0,0.0,3.0
Karachi,2026-04-29 02:00:00+00:00,3,33.52,80.92,0.1,0.49,77.54,119.56,0.0,0,0.0,2,29,4,2,False,312.13,0.0,0.0,0.0,3.0
Karachi,2026-03-07 14:00:00+00:00,3,23.54,73.39,0.07,0.5,98.69,131.34,0.0,0,0.0,14,7,3,5,True,327.53,0.0,0.0,0.0,3.0
Karachi,2026-02-09 06:00:00+00:00,3,41.83,93.65,0.08,0.1,97.48,177.34,0.0,0,0.0,6,9,2,0,False,410.48,0.0,0.0,0.0,3.0
Karachi,2026-01-30 16:00:00+00:00,4,60.72,121.21,0.88,6.29,156.53,313.64,0.0,0,0.0,16,30,1,4,False,659.27,0.0,0.0,0.0,4.0
Karachi,2026-02-13 16:00:00+00:00,3,35.62,64.02,0.11,0.23,103.32,188.16,0.0,0,0.0,16,13,2,4,False,391.46,0.0,0.0,0.0,3.0
Karachi,2026-01-27 18:00:00+00:00,4,22.83,42.47,0.67,4.5,141.18,223.85,0.0,0,0.0,18,27,1,1,False,435.5,0.0,0.0,0.0,3.0
Karachi,2026-03-10 05:00:00+00:00,3,20.37,54.48,0.08,0.29,94.31,121.77,0.0,0,0.0,5,10,3,1,False,291.3,0.0,0.0,0.0,3.0
Karachi,2026-05-04 18:00:00+00:00,4,33.16,119.0,0.11,0.32,98.85,117.51,0.0,0,0.0,18,4,5,0,False,368.95,0.0,0.0,0.0,4.0
Karachi,2026-03-10 08:00:00+00:00,3,22.33,62.42,0.09,0.32,93.52,120.95,0.0,0,0.0,8,10,3,1,False,299.63,0.0,0.0,0.0,3.0
Karachi,2026-02-03 09:00:00+00:00,5,83.06,174.16,3.07,8.38,106.89,464.13,0.0,0,0.0,9,3,2,1,False,839.69,0.0,0.0,0.0,5.0
Karachi,2026-05-13 04:00:00+00:00,4,42.51,122.38,0.09,0.68,98.95,109.87,0.0,0,0.0,4,13,5,2,False,374.48,0.0,0.0,0.0,4.0
Karachi,2026-03-16 05:00:00+00:00,3,15.94,45.14,0.14,0.38,100.82,122.84,0.0,0,0.0,5,16,3,0,False,285.26,0.0,0.0,0.0,3.0
Karachi,2026-01-11 13:00:00+00:00,3,29.31,63.16,0.98,5.4,137.41,195.25,0.0,0,0.0,13,11,1,6,True,431.51,0.0,0.0,0.0,3.0
Karachi,2026-01-21 21:00:00+00:00,2,12.99,32.68,0.09,0.24,97.86,115.22,0.0,0,0.0,21,21,1,2,False,259.08000000000004,0.0,0.0,0.0,2.0
Karachi,2026-01-17 10:00:00+00:00,4,42.72,134.91,0.27,0.68,111.44,141.19,0.0,0,0.0,10,17,1,5,True,431.21,0.0,0.0,0.0,4.0
Karachi,2026-05-04 08:00:00+00:00,3,29.99,85.19,0.36,0.53,110.59,128.01,0.0,0,0.0,8,4,5,0,False,354.66999999999996,0.0,0.0,0.0,3.0
Karachi,2026-02-06 12:00:00+00:00,5,94.08,164.4,2.34,8.84,144.04,581.84,0.0,0,0.0,12,6,2,4,False,995.54,0.0,0.0,0.0,5.0
Karachi,2026-05-14 16:00:00+00:00,2,7.48,36.98,0.04,0.31,37.85,76.93,0.0,0,0.0,16,14,5,3,False,159.59,0.0,0.0,0.0,2.0
Karachi,2026-01-25 00:00:00+00:00,3,23.02,83.18,1.43,4.6,111.33,206.63,0.0,0,0.0,0,25,1,6,True,430.19,0.0,0.0,0.0,3.0
Karachi,2026-04-18 15:00:00+00:00,4,39.57,127.61,0.04,0.17,95.6,118.47,0.0,0,0.0,15,18,4,5,True,381.46000000000004,0.0,0.0,0.0,4.0
Karachi,2026-01-27 16:00:00+00:00,4,25.84,48.44,0.66,6.1,145.82,235.73,0.0,0,0.0,16,27,1,1,False,462.59,0.0,0.0,0.0,4.0
Karachi,2026-04-28 23:00:00+00:00,3,33.41,85.29,0.11,0.54,75.35,117.32,0.0,0,0.0,23,28,4,1,False,312.02,0.0,0.0,0.0,3.0
Karachi,2026-03-07 11:00:00+00:00,3,24.54,76.77,0.1,0.53,101.26,130.92,0.0,0,0.0,11,7,3,5,True,334.12,0.0,0.0,0.0,3.0
Karachi,2026-03-11 22:00:00+00:00,5,59.63,222.13,0.19,0.36,74.79,134.5,0.0,0,0.0,22,11,3,2,False,491.6,0.0,0.0,0.0,5.0
Karachi,2026-05-12 23:00:00+00:00,4,33.08,120.61,0.1,0.5,83.09,99.59,0.0,0,0.0,23,12,5,1,False,336.97,0.0,0.0,0.0,4.0
Karachi,2026-03-17 19:00:00+00:00,3,31.83,92.98,0.11,0.38,65.87,117.44,0.0,0,0.0,19,17,3,1,False,308.61,0.0,0.0,0.0,3.0
Karachi,2026-04-12 23:00:00+00:00,4,45.2,133.58,0.15,0.32,85.81,138.85,0.0,0,0.0,23,12,4,6,True,403.9100000000001,0.0,0.0,0.0,4.0
Karachi,2026-04-05 06:00:00+00:00,3,12.77,40.1,0.1,0.27,118.71,124.87,0.0,0,0.0,6,5,4,6,True,296.82,0.0,0.0,0.0,3.0
Karachi,2026-03-31 19:00:00+00:00,3,9.24,26.89,0.21,0.57,113.73,117.21,0.0,0,0.0,19,31,3,1,False,267.85,0.0,0.0,0.0,3.0
Karachi,2026-04-18 20:00:00+00:00,4,33.21,104.2,0.11,0.18,101.09,116.89,0.0,0,0.0,20,18,4,5,True,355.68,0.0,0.0,0.0,4.0
Karachi,2026-04-11 03:00:00+00:00,3,20.9,64.61,0.07,0.24,99.07,128.98,0.0,0,0.0,3,11,4,5,True,313.87,0.0,0.0,0.0,3.0
Karachi,2026-02-07 08:00:00+00:00,3,46.84,68.06,0.16,1.14,124.01,222.58,0.0,0,0.0,8,7,2,5,True,462.79,0.0,0.0,0.0,3.0
Karachi,2026-02-06 09:00:00+00:00,5,88.29,159.77,3.52,9.59,113.61,592.7,0.0,0,0.0,9,6,2,4,False,967.48,0.0,0.0,0.0,5.0
Karachi,2026-01-04 07:00:00+00:00,3,24.72,44.05,0.3,2.32,115.28,182.24,0.0,0,0.0,7,4,1,6,True,368.90999999999997,0.0,0.0,0.0,3.0
Karachi,2026-05-10 05:00:00+00:00,3,14.74,57.39,0.06,0.32,63.23,92.58,0.0,0,0.0,5,10,5,6,True,228.32,0.0,0.0,0.0,3.0
Karachi,2026-03-10 10:00:00+00:00,3,23.11,64.05,0.07,0.33,92.87,121.12,0.0,0,0.0,10,10,3,1,False,301.55,0.0,0.0,0.0,3.0
Karachi,2026-01-03 08:00:00+00:00,4,61.61,114.86,1.17,12.33,130.32,357.98,0.0,0,0.0,8,3,1,5,True,678.27,0.0,0.0,0.0,4.0
Karachi,2026-04-12 18:00:00+00:00,4,47.43,146.85,0.13,0.19,82.6,138.12,0.0,0,0.0,18,12,4,6,True,415.32,0.0,0.0,0.0,4.0
Karachi,2026-01-11 15:00:00+00:00,4,29.62,61.3,0.75,5.64,140.92,191.42,0.0,0,0.0,15,11,1,6,True,429.65,0.0,0.0,1.0,4.0
Karachi,2026-04-29 22:00:00+00:00,3,30.85,71.52,0.16,0.79,90.68,117.36,0.0,0,0.0,22,29,4,2,False,311.36,0.0,0.0,0.0,3.0
Karachi,2026-01-04 01:00:00+00:00,3,33.87,56.63,0.23,2.16,119.72,206.49,0.0,0,0.0,1,4,1,6,True,419.1,0.0,0.0,0.0,3.0
Karachi,2026-02-23 11:00:00+00:00,3,40.63,66.28,0.06,0.94,117.96,205.39,0.0,0,0.0,11,23,2,0,False,431.26,0.0,0.0,0.0,3.0
Karachi,2026-04-11 01:00:00+00:00,3,22.01,65.44,0.06,0.2,91.26,127.89,0.0,0,0.0,1,11,4,5,True,306.86,0.0,0.0,0.0,3.0
Karachi,2026-02-24 03:00:00+00:00,3,37.25,66.4,0.08,0.72,108.92,184.43,0.0,0,0.0,3,24,2,1,False,397.8,0.0,0.0,0.0,3.0
Karachi,2026-05-13 02:00:00+00:00,4,40.89,129.27,0.09,0.62,93.01,105.75,0.0,0,0.0,2,13,5,2,False,369.63000000000005,0.0,0.0,0.0,4.0
Karachi,2026-01-03 10:00:00+00:00,4,59.15,109.76,1.25,11.56,129.36,342.91,0.0,0,0.0,10,3,1,5,True,653.99,0.0,0.0,0.0,4.0
Karachi,2026-04-10 10:00:00+00:00,3,22.77,68.29,0.06,0.33,102.78,134.2,0.0,0,0.0,10,10,4,4,False,328.43,0.0,0.0,0.0,3.0
Karachi,2026-03-31 22:00:00+00:00,3,9.31,27.41,0.18,0.52,114.91,116.88,0.0,0,0.0,22,31,3,1,False,269.21,0.0,0.0,0.0,3.0
Karachi,2026-02-04 09:00:00+00:00,4,64.33,129.82,3.64,6.27,96.83,467.49,0.0,0,0.0,9,4,2,2,False,768.38,0.0,0.0,0.0,4.0
Karachi,2026-04-20 18:00:00+00:00,4,35.33,103.29,0.06,0.21,74.39,109.15,0.0,0,0.0,18,20,4,0,False,322.43000000000006,0.0,0.0,1.0,4.0
Karachi,2026-02-14 17:00:00+00:00,2,19.8,41.26,0.05,0.1,84.67,122.3,0.0,0,0.0,17,14,2,5,True,268.18,0.0,0.0,0.0,2.0
Karachi,2026-04-11 06:00:00+00:00,3,22.69,72.06,0.08,0.3,111.07,138.46,0.0,0,0.0,6,11,4,5,True,344.65999999999997,0.0,0.0,0.0,3.0
Karachi,2026-01-22 20:00:00+00:00,3,6.95,22.05,0.42,0.51,112.48,149.02,0.0,0,0.0,20,22,1,3,False,291.43,0.0,0.0,0.0,3.0
Karachi,2026-03-27 22:00:00+00:00,1,4.15,10.73,0.06,0.15,41.95,90.14,0.0,0,0.0,22,27,3,4,False,147.18,0.0,0.0,0.0,1.0
Karachi,2026-05-05 11:00:00+00:00,3,25.87,84.83,0.06,0.44,67.21,119.9,0.0,0,0.0,11,5,5,1,False,298.31,0.0,0.0,0.0,3.0
Karachi,2026-02-07 11:00:00+00:00,3,47.01,69.56,0.11,0.85,118.91,219.8,0.0,0,0.0,11,7,2,5,True,456.24,0.0,0.0,0.0,3.0
Karachi,2026-02-23 06:00:00+00:00,3,41.58,68.48,0.1,1.08,120.1,213.62,0.0,0,0.0,6,23,2,0,False,444.96,0.0,0.0,-1.0,3.0
Karachi,2026-03-05 14:00:00+00:00,3,25.07,54.97,0.03,0.21,79.57,115.41,0.0,0,0.0,14,5,3,3,False,275.26,0.0,0.0,0.0,3.0
Karachi,2026-01-25 23:00:00+00:00,3,30.09,69.93,1.54,5.38,130.35,294.84,0.0,0,0.0,23,25,1,6,True,532.13,0.0,0.0,0.0,3.0
Karachi,2026-02-20 12:00:00+00:00,4,64.2,144.06,2.6,7.33,141.91,355.26,0.0,0,0.0,12,20,2,4,False,715.36,0.0,0.0,0.0,4.0
Karachi,2026-01-03 05:00:00+00:00,4,60.82,113.74,1.35,12.05,134.36,356.69,0.0,0,0.0,5,3,1,5,True,679.01,0.0,0.0,0.0,4.0
Karachi,2026-02-13 03:00:00+00:00,4,65.32,104.73,0.32,1.19,130.85,308.55,0.0,0,0.0,3,13,2,4,False,610.96,0.0,0.0,0.0,4.0
Karachi,2026-01-19 00:00:00+00:00,3,21.74,75.87,0.16,0.28,105.71,125.65,0.0,0,0.0,0,19,1,0,False,329.40999999999997,0.0,0.0,0.0,3.0
Karachi,2026-01-13 13:00:00+00:00,4,61.63,119.78,1.26,10.8,140.45,265.35,0.0,0,0.0,13,13,1,1,False,599.27,0.0,0.0,0.0,4.0
Karachi,2026-03-22 13:00:00+00:00,2,21.23,44.88,0.03,0.08,61.4,109.08,0.0,0,0.0,13,22,3,6,True,236.7,0.0,0.0,0.0,2.0
Karachi,2026-03-26 03:00:00+00:00,3,32.3,79.16,0.08,0.1,58.94,109.66,0.0,0,0.0,3,26,3,3,False,280.24,0.0,0.0,0.0,3.0
Karachi,2026-04-01 21:00:00+00:00,2,13.1,38.58,0.13,0.25,98.71,118.28,0.0,0,0.0,21,1,4,2,False,269.04999999999995,0.0,0.0,0.0,2.0
Karachi,2026-01-23 18:00:00+00:00,3,4.39,19.26,0.24,0.11,105.91,125.23,0.0,0,0.0,18,23,1,4,False,255.14,0.0,0.0,0.0,3.0
Karachi,2026-04-27 04:00:00+00:00,4,36.52,102.78,0.11,0.37,72.44,107.52,0.0,0,0.0,4,27,4,0,False,319.74,0.0,0.0,0.0,4.0
Karachi,2026-04-15 21:00:00+00:00,3,17.17,53.52,0.2,0.47,106.98,118.69,0.0,0,0.0,21,15,4,2,False,297.03,0.0,0.0,0.0,3.0
Karachi,2026-02-14 23:00:00+00:00,2,19.77,46.11,0.08,0.08,88.79,122.71,0.0,0,0.0,23,14,2,5,True,277.53999999999996,0.0,0.0,0.0,2.0
Karachi,2026-04-19 11:00:00+00:00,3,33.05,94.9,0.05,0.36,103.96,120.37,0.0,0,0.0,11,19,4,6,True,352.69,0.0,0.0,0.0,3.0
Karachi,2026-02-07 06:00:00+00:00,3,49.76,70.1,0.18,1.57,129.67,236.65,0.0,0,0.0,6,7,2,5,True,487.92999999999995,0.0,0.0,-1.0,3.0
Karachi,2026-04-26 05:00:00+00:00,3,34.67,88.99,0.14,0.35,60.04,105.94,0.0,0,0.0,5,26,4,6,True,290.13,0.0,0.0,0.0,3.0
Karachi,2026-02-21 06:00:00+00:00,4,48.4,110.45,2.16,5.95,116.87,333.41,0.0,0,0.0,6,21,2,5,True,617.24,0.0,0.0,0.0,4.0
Karachi,2026-01-19 08:00:00+00:00,3,20.83,69.59,0.19,0.31,107.65,127.72,0.0,0,0.0,8,19,1,0,False,326.28999999999996,0.0,0.0,0.0,3.0
Karachi,2026-02-14 00:00:00+00:00,3,25.79,50.41,0.13,0.26,95.54,152.02,0.0,0,0.0,0,14,2,5,True,324.15,0.0,0.0,0.0,3.0
Karachi,2026-03-11 07:00:00+00:00,2,24.33,46.24,0.06,0.23,77.26,114.19,0.0,0,0.0,7,11,3,2,False,262.31,0.0,0.0,0.0,2.0
Karachi,2026-03-03 14:00:00+00:00,3,21.42,55.06,0.04,0.22,103.36,138.96,0.0,0,0.0,14,3,3,1,False,319.06000000000006,0.0,0.0,0.0,3.0
Karachi,2026-03-28 21:00:00+00:00,1,4.52,12.61,0.14,0.22,35.62,108.06,0.0,0,0.0,21,28,3,5,True,161.17000000000002,0.0,0.0,0.0,1.0
Karachi,2026-03-21 15:00:00+00:00,3,27.72,76.92,0.05,0.11,61.02,109.37,0.0,0,0.0,15,21,3,5,True,275.19,0.0,0.0,0.0,3.0
Karachi,2026-04-02 15:00:00+00:00,2,5.25,8.19,0.07,0.13,69.59,112.36,0.0,0,0.0,15,2,4,3,False,195.59,0.0,0.0,0.0,2.0
Karachi,2026-04-01 16:00:00+00:00,3,10.72,31.19,0.07,0.24,102.47,117.05,0.0,0,0.0,16,1,4,2,False,261.74,0.0,0.0,0.0,3.0
Karachi,2026-05-08 06:00:00+00:00,3,14.63,60.4,0.1,0.36,51.98,94.87,0.0,0,0.0,6,8,5,4,False,222.34,0.0,0.0,0.0,3.0
Karachi,2026-04-26 23:00:00+00:00,3,32.55,96.74,0.12,0.3,66.15,106.04,0.0,0,0.0,23,26,4,6,True,301.90000000000003,0.0,0.0,0.0,3.0
Karachi,2026-05-07 07:00:00+00:00,3,15.45,62.98,0.09,0.27,44.59,97.99,0.0,0,0.0,7,7,5,3,False,221.37,0.0,0.0,0.0,3.0
Karachi,2026-04-02 20:00:00+00:00,1,3.17,6.99,0.1,0.17,43.31,120.62,0.0,0,0.0,20,2,4,3,False,174.36,0.0,0.0,0.0,1.0
Karachi,2026-02-14 04:00:00+00:00,2,23.98,46.46,0.1,0.26,93.78,144.75,0.0,0,0.0,4,14,2,5,True,309.33,0.0,0.0,0.0,2.0
Karachi,2026-02-01 18:00:00+00:00,3,23.9,58.82,0.46,2.46,118.03,193.33,0.0,0,0.0,18,1,2,6,True,397.0,0.0,0.0,0.0,3.0
Karachi,2026-02-27 10:00:00+00:00,3,27.06,98.59,0.08,0.57,93.88,124.02,0.0,0,0.0,10,27,2,4,False,344.2,0.0,0.0,0.0,4.0
Karachi,2026-05-06 17:00:00+00:00,3,17.11,75.24,0.04,0.29,49.35,106.14,0.0,0,0.0,17,6,5,2,False,248.17000000000002,0.0,0.0,0.0,3.0
Karachi,2026-04-09 02:00:00+00:00,3,26.2,81.38,0.14,0.77,139.92,137.15,0.0,0,0.0,2,9,4,3,False,385.55999999999995,0.0,0.0,-1.0,3.0
Karachi,2026-03-05 07:00:00+00:00,2,20.92,43.61,0.05,0.21,91.95,117.58,0.0,0,0.0,7,5,3,3,False,274.32,0.0,0.0,0.0,2.0
Karachi,2026-01-12 10:00:00+00:00,3,47.71,90.36,2.02,8.38,126.46,264.34,0.0,0,0.0,10,12,1,0,False,539.27,0.0,0.0,0.0,3.0
Karachi,2026-05-12 14:00:00+00:00,3,23.09,79.04,0.05,0.35,68.25,94.69,0.0,0,0.0,14,12,5,1,False,265.47,0.0,0.0,0.0,3.0
Karachi,2026-03-19 19:00:00+00:00,2,20.26,30.34,0.39,0.61,83.45,127.76,0.0,0,0.0,19,19,3,3,False,262.81,0.0,0.0,0.0,2.0
Karachi,2026-04-24 23:00:00+00:00,3,34.19,69.23,0.12,0.25,49.7,106.73,0.0,0,0.0,23,24,4,4,False,260.22,0.0,0.0,0.0,3.0
Karachi,2026-05-02 11:00:00+00:00,3,38.9,99.69,0.1,0.97,89.9,114.14,0.0,0,0.0,11,2,5,5,True,343.7,0.0,0.0,-1.0,3.0
Karachi,2026-04-01 23:00:00+00:00,2,13.43,39.78,0.12,0.25,99.68,118.23,0.0,0,0.0,23,1,4,2,False,271.49,0.0,0.0,0.0,3.0
Karachi,2026-03-15 10:00:00+00:00,4,40.41,107.97,0.25,0.54,93.79,135.44,0.0,0,0.0,10,15,3,6,True,378.4,0.0,0.0,0.0,3.0
Karachi,2026-03-13 22:00:00+00:00,4,54.4,159.94,0.17,0.33,89.85,121.95,0.0,0,0.0,22,13,3,4,False,426.64,0.0,0.0,0.0,4.0
Karachi,2026-01-03 12:00:00+00:00,4,59.47,106.67,0.78,10.35,134.2,327.82,0.0,0,0.0,12,3,1,5,True,639.29,0.0,0.0,0.0,4.0
Karachi,2026-02-05 16:00:00+00:00,4,72.57,141.68,1.2,5.96,152.43,337.21,0.0,0,0.0,16,5,2,3,False,711.05,0.0,0.0,0.0,4.0
Karachi,2026-01-16 18:00:00+00:00,3,24.52,57.62,0.2,0.34,104.0,133.04,0.0,0,0.0,18,16,1,4,False,319.72,0.0,0.0,0.0,3.0
Karachi,2026-04-03 04:00:00+00:00,1,7.32,10.86,0.11,0.17,55.71,146.57,0.0,0,0.0,4,3,4,4,False,220.74,0.0,0.0,0.0,1.0
Karachi,2026-05-13 20:00:00+00:00,3,18.22,50.52,0.1,0.37,72.76,103.09,0.0,0,0.0,20,13,5,2,False,245.06000000000003,0.0,0.0,0.0,2.0
Karachi,2026-04-20 20:00:00+00:00,4,35.2,108.5,0.09,0.22,70.97,109.28,0.0,0,0.0,20,20,4,0,False,324.26,0.0,0.0,0.0,4.0
Karachi,2026-03-26 19:00:00+00:00,2,12.85,25.52,0.05,0.06,53.42,102.05,0.0,0,0.0,19,26,3,3,False,193.95,0.0,0.0,0.0,2.0
Karachi,2026-04-09 01:00:00+00:00,4,26.5,82.04,0.15,0.79,141.19,137.29,0.0,0,0.0,1,9,4,3,False,387.96000000000004,0.0,0.0,0.0,3.0
Karachi,2026-01-24 04:00:00+00:00,3,5.38,27.32,0.28,0.16,105.55,126.04,0.0,0,0.0,4,24,1,5,True,264.73,0.0,0.0,0.0,3.0
Karachi,2026-01-05 00:00:00+00:00,3,34.57,58.38,0.34,3.99,122.21,207.27,0.0,0,0.0,0,5,1,0,False,426.76,0.0,0.0,0.0,3.0
Karachi,2026-04-16 11:00:00+00:00,4,28.97,102.14,0.07,0.29,77.59,114.27,0.0,0,0.0,11,16,4,3,False,323.33,0.0,0.0,0.0,3.0
Karachi,2026-01-13 22:00:00+00:00,4,61.55,115.98,1.36,10.67,141.23,273.15,0.0,0,0.0,22,13,1,1,False,603.9399999999999,0.0,0.0,0.0,4.0
Karachi,2026-02-04 07:00:00+00:00,4,73.0,135.28,3.36,8.11,106.21,546.2,0.0,0,0.0,7,4,2,2,False,872.1600000000001,0.0,0.0,-1.0,4.0
Karachi,2026-01-31 06:00:00+00:00,4,44.88,102.81,1.41,8.41,128.09,295.7,0.0,0,0.0,6,31,1,5,True,581.3,0.0,0.0,1.0,4.0
Karachi,2026-04-25 09:00:00+00:00,3,36.42,92.23,0.1,0.22,48.16,105.51,0.0,0,0.0,9,25,4,5,True,282.64,0.0,0.0,0.0,3.0
Karachi,2026-04-06 05:00:00+00:00,3,24.41,83.33,0.06,0.32,89.18,124.71,0.0,0,0.0,5,6,4,0,False,322.01,0.0,0.0,0.0,3.0
Karachi,2026-05-01 06:00:00+00:00,4,37.78,114.81,0.11,0.5,73.76,106.01,0.0,0,0.0,6,1,5,4,False,332.97,0.0,0.0,0.0,4.0
Karachi,2026-04-27 20:00:00+00:00,3,27.84,73.19,0.13,0.44,72.56,105.11,0.0,0,0.0,20,27,4,0,False,279.27,0.0,0.0,0.0,3.0
Karachi,2026-03-14 05:00:00+00:00,4,51.71,146.98,0.14,0.35,97.06,125.63,0.0,0,0.0,5,14,3,5,True,421.87,0.0,0.0,0.0,4.0
Karachi,2026-03-20 02:00:00+00:00,2,21.31,36.38,0.19,0.28,79.73,124.92,0.0,0,0.0,2,20,3,4,False,262.81,0.0,0.0,0.0,2.0
Karachi,2026-04-26 21:00:00+00:00,3,33.57,99.3,0.13,0.28,64.11,107.61,0.0,0,0.0,21,26,4,6,True,305.0,0.0,0.0,-1.0,3.0
Karachi,2026-04-07 13:00:00+00:00,3,15.69,60.65,0.1,0.61,71.17,122.23,0.0,0,0.0,13,7,4,1,False,270.45,0.0,0.0,0.0,3.0
Karachi,2026-01-10 21:00:00+00:00,3,37.45,76.9,1.14,8.32,139.56,229.66,0.0,0,0.0,21,10,1,5,True,493.03,0.0,0.0,-1.0,3.0
Karachi,2026-03-09 20:00:00+00:00,2,17.44,39.3,0.1,0.17,93.14,131.46,0.0,0,0.0,20,9,3,0,False,281.61,0.0,0.0,0.0,2.0
Karachi,2026-04-07 20:00:00+00:00,3,20.69,74.66,0.22,0.76,85.09,121.86,0.0,0,0.0,20,7,4,1,False,303.28000000000003,0.0,0.0,0.0,3.0
Karachi,2026-03-08 01:00:00+00:00,3,19.32,49.75,0.13,0.5,111.88,134.91,0.0,0,0.0,1,8,3,6,True,316.49,0.0,0.0,0.0,3.0
Karachi,2026-02-03 18:00:00+00:00,5,103.12,189.14,1.55,7.51,170.17,441.47,0.0,0,0.0,18,3,2,1,False,912.96,0.0,0.0,0.0,5.0
Karachi,2026-01-05 10:00:00+00:00,4,50.52,108.41,1.76,13.51,121.43,301.29,0.0,0,0.0,10,5,1,0,False,596.9200000000001,0.0,0.0,1.0,4.0
Karachi,2026-04-26 07:00:00+00:00,3,36.19,93.21,0.15,0.33,62.45,106.68,0.0,0,0.0,7,26,4,6,True,299.01,0.0,0.0,0.0,3.0
Karachi,2026-03-29 16:00:00+00:00,2,5.58,15.42,0.14,0.26,76.57,119.04,0.0,0,0.0,16,29,3,6,True,217.01,0.0,0.0,0.0,2.0
Karachi,2026-03-22 20:00:00+00:00,2,19.8,41.13,0.07,0.08,61.3,107.37,0.0,0,0.0,20,22,3,6,True,229.75,0.0,0.0,0.0,2.0
Karachi,2026-02-02 19:00:00+00:00,5,133.95,268.66,2.07,11.0,193.53,563.86,0.0,0,0.0,19,2,2,0,False,1173.0700000000002,0.0,0.0,0.0,5.0
Karachi,2026-05-02 04:00:00+00:00,3,40.32,99.04,0.12,1.04,95.18,113.55,0.0,0,0.0,4,2,5,5,True,349.25,0.0,0.0,0.0,4.0
Karachi,2026-01-29 18:00:00+00:00,4,44.93,98.92,0.99,5.02,146.56,273.22,0.0,0,0.0,18,29,1,3,False,569.6400000000001,0.0,0.0,0.0,4.0
Karachi,2026-03-28 17:00:00+00:00,1,4.94,14.72,0.12,0.23,49.1,101.09,0.0,0,0.0,17,28,3,5,True,170.2,0.0,0.0,0.0,1.0
Karachi,2026-02-08 16:00:00+00:00,4,51.41,99.38,0.07,0.19,94.02,211.56,0.0,0,0.0,16,8,2,6,True,456.63,0.0,0.0,0.0,4.0
Karachi,2026-01-01 01:00:00+00:00,3,10.42,41.76,0.25,0.45,102.9,121.5,0.0,0,0.0,1,1,1,3,False,277.28,0.0,0.0,0.0,3.0
Karachi,2026-02-05 06:00:00+00:00,4,56.35,135.14,2.16,6.18,107.18,318.11,0.0,0,0.0,6,5,2,3,False,625.12,0.0,0.0,0.0,4.0
Karachi,2026-04-22 01:00:00+00:00,3,22.62,82.14,0.08,0.21,48.73,97.84,0.0,0,0.0,1,22,4,2,False,251.62,0.0,0.0,0.0,3.0
Karachi,2026-05-11 09:00:00+00:00,3,15.43,67.97,0.08,0.35,60.09,89.98,0.0,0,0.0,9,11,5,0,False,233.90000000000003,0.0,0.0,0.0,3.0
Karachi,2026-03-18 11:00:00+00:00,3,35.61,93.6,0.07,0.37,73.06,122.69,0.0,0,0.0,11,18,3,2,False,325.4,0.0,0.0,0.0,3.0
Karachi,2026-03-08 17:00:00+00:00,3,19.89,42.6,0.08,0.35,101.12,145.76,0.0,0,0.0,17,8,3,6,True,309.8,0.0,0.0,0.0,3.0
Karachi,2026-01-15 20:00:00+00:00,2,14.37,30.12,0.12,0.18,98.31,129.95,0.0,0,0.0,20,15,1,3,False,273.04999999999995,0.0,0.0,0.0,2.0
Karachi,2026-03-03 12:00:00+00:00,3,21.33,55.06,0.04,0.23,108.09,139.87,0.0,0,0.0,12,3,3,1,False,324.62,0.0,0.0,0.0,3.0
Karachi,2026-01-06 08:00:00+00:00,4,67.62,169.51,1.4,6.88,110.22,279.47,0.0,0,0.0,8,6,1,1,False,635.1,0.0,0.0,0.0,4.0
Karachi,2026-05-10 19:00:00+00:00,3,14.39,58.22,0.07,0.29,59.91,91.11,0.0,0,0.0,19,10,5,6,True,223.99,0.0,0.0,0.0,3.0
Karachi,2026-04-08 03:00:00+00:00,3,31.64,95.04,0.21,1.01,131.68,136.8,0.0,0,0.0,3,8,4,2,False,396.38000000000005,0.0,0.0,0.0,3.0
Karachi,2026-05-03 10:00:00+00:00,3,34.39,87.28,0.11,1.08,103.53,121.45,0.0,0,0.0,10,3,5,6,True,347.84,0.0,0.0,0.0,3.0
Karachi,2026-03-29 15:00:00+00:00,2,5.26,14.34,0.13,0.25,69.99,119.15,0.0,0,0.0,15,29,3,6,True,209.12,0.0,0.0,0.0,2.0
Karachi,2026-01-11 11:00:00+00:00,3,30.16,68.7,1.38,5.14,129.68,200.83,0.0,0,0.0,11,11,1,6,True,435.89,0.0,0.0,0.0,3.0
Karachi,2026-02-24 23:00:00+00:00,3,31.97,90.01,0.08,0.27,89.04,153.16,0.0,0,0.0,23,24,2,1,False,364.53,0.0,0.0,0.0,3.0
Karachi,2026-05-04 06:00:00+00:00,3,33.77,93.57,0.22,0.6,107.17,129.49,0.0,0,0.0,6,4,5,0,False,364.82,0.0,0.0,-1.0,3.0
Karachi,2026-03-15 17:00:00+00:00,3,19.96,55.32,0.18,0.18,91.43,123.61,0.0,0,0.0,17,15,3,6,True,290.68,0.0,0.0,0.0,3.0
Karachi,2026-01-13 08:00:00+00:00,4,62.36,118.2,2.02,16.64,120.88,327.35,0.0,0,0.0,8,13,1,1,False,647.45,0.0,0.0,0.0,4.0
Karachi,2026-01-20 20:00:00+00:00,3,15.83,46.0,0.1,0.23,102.83,123.35,0.0,0,0.0,20,20,1,1,False,288.34000000000003,0.0,0.0,0.0,3.0
Karachi,2026-01-25 03:00:00+00:00,3,28.06,95.36,1.26,4.1,113.73,247.82,0.0,0,0.0,3,25,1,6,True,490.33,0.0,0.0,0.0,3.0
Karachi,2026-03-30 05:00:00+00:00,3,8.55,33.15,0.24,0.69,123.8,120.04,0.0,0,0.0,5,30,3,0,False,286.47,0.0,0.0,0.0,3.0
Karachi,2026-01-02 13:00:00+00:00,4,54.97,102.79,0.93,7.15,127.16,284.19,0.0,0,0.0,13,2,1,4,False,577.19,0.0,0.0,0.0,4.0
Karachi,2026-04-17 10:00:00+00:00,3,32.02,76.94,0.07,0.24,86.36,113.44,0.0,0,0.0,10,17,4,4,False,309.07,0.0,0.0,0.0,3.0
Karachi,2026-03-07 21:00:00+00:00,3,20.59,58.11,0.15,0.49,105.68,133.43,0.0,0,0.0,21,7,3,5,True,318.45000000000005,0.0,0.0,0.0,3.0
Karachi,2026-02-10 20:00:00+00:00,3,32.45,64.02,0.16,0.41,92.6,159.72,0.0,0,0.0,20,10,2,1,False,349.36,0.0,0.0,0.0,3.0
Karachi,2026-03-25 20:00:00+00:00,3,31.25,86.77,0.08,0.08,54.42,108.53,0.0,0,0.0,20,25,3,2,False,281.13,0.0,0.0,0.0,3.0
Karachi,2026-05-03 09:00:00+00:00,3,34.91,88.31,0.13,1.09,103.99,121.35,0.0,0,0.0,9,3,5,6,True,349.78,0.0,0.0,0.0,3.0
Karachi,2026-05-06 04:00:00+00:00,3,20.18,89.93,0.08,0.28,55.64,114.54,0.0,0,0.0,4,6,5,2,False,280.65000000000003,0.0,0.0,0.0,3.0
Karachi,2026-04-13 14:00:00+00:00,3,29.04,76.25,0.1,0.31,71.21,124.08,0.0,0,0.0,14,13,4,0,False,300.98999999999995,0.0,0.0,0.0,3.0
Karachi,2026-03-28 10:00:00+00:00,1,5.8,18.38,0.14,0.29,42.93,98.36,0.0,0,0.0,10,28,3,5,True,165.89999999999998,0.0,0.0,0.0,1.0
Karachi,2026-02-02 01:00:00+00:00,2,9.05,31.4,0.15,0.24,97.73,134.02,0.0,0,0.0,1,2,2,0,False,272.59000000000003,0.0,0.0,0.0,2.0
Karachi,2026-03-12 10:00:00+00:00,4,55.34,143.39,0.41,0.31,80.97,136.51,0.0,0,0.0,10,12,3,3,False,416.92999999999995,0.0,0.0,0.0,4.0
Karachi,2026-05-03 01:00:00+00:00,4,40.52,105.13,0.15,1.34,101.51,118.25,0.0,0,0.0,1,3,5,6,True,366.90000000000003,0.0,0.0,0.0,4.0
Karachi,2026-04-21 18:00:00+00:00,3,24.75,86.63,0.06,0.21,51.56,100.06,0.0,0,0.0,18,21,4,1,False,263.27,0.0,0.0,0.0,3.0
Karachi,2026-03-09 00:00:00+00:00,3,20.42,43.69,0.11,0.36,104.66,147.94,0.0,0,0.0,0,9,3,0,False,317.18,0.0,0.0,0.0,3.0
Karachi,2026-04-28 16:00:00+00:00,3,31.42,81.4,0.08,0.58,74.05,113.3,0.0,0,0.0,16,28,4,1,False,300.83,0.0,0.0,0.0,3.0
Karachi,2026-05-05 19:00:00+00:00,3,19.83,87.21,0.1,0.37,52.18,115.36,0.0,0,0.0,19,5,5,1,False,275.05,0.0,0.0,0.0,3.0
Karachi,2026-02-17 00:00:00+00:00,2,18.62,28.02,0.07,0.13,91.69,134.65,0.0,0,0.0,0,17,2,1,False,273.18,0.0,0.0,0.0,2.0
Karachi,2026-01-18 22:00:00+00:00,3,20.7,73.21,0.17,0.28,105.71,124.16,0.0,0,0.0,22,18,1,6,True,324.23,0.0,0.0,0.0,3.0
Karachi,2026-03-24 15:00:00+00:00,2,11.6,23.84,0.05,0.12,49.24,109.1,0.0,0,0.0,15,24,3,1,False,193.95,0.0,0.0,0.0,2.0
Karachi,2026-03-13 08:00:00+00:00,5,70.93,224.5,0.38,0.31,88.3,134.05,0.0,0,0.0,8,13,3,4,False,518.47,0.0,0.0,0.0,5.0
Karachi,2026-01-22 06:00:00+00:00,2,12.19,31.72,0.09,0.28,97.24,113.78,0.0,0,0.0,6,22,1,3,False,255.29999999999998,0.0,0.0,0.0,2.0
Karachi,2026-04-17 23:00:00+00:00,5,69.4,206.87,0.08,0.18,76.18,111.25,0.0,0,0.0,23,17,4,4,False,463.96,0.0,0.0,0.0,5.0
Karachi,2026-02-12 18:00:00+00:00,5,102.63,169.57,1.91,8.42,202.67,491.85,0.0,0,0.0,18,12,2,3,False,977.0500000000001,0.0,0.0,0.0,5.0
Karachi,2026-05-09 14:00:00+00:00,3,14.76,60.18,0.04,0.25,55.14,93.16,0.0,0,0.0,14,9,5,5,True,223.53,0.0,0.0,0.0,3.0
Karachi,2026-04-14 13:00:00+00:00,4,29.98,102.72,0.1,0.55,101.83,118.74,0.0,0,0.0,13,14,4,1,False,353.92,0.0,0.0,0.0,3.0
Karachi,2026-05-11 18:00:00+00:00,3,15.76,61.64,0.06,0.35,55.68,87.19,0.0,0,0.0,18,11,5,0,False,220.68,0.0,0.0,0.0,3.0
Karachi,2026-03-24 17:00:00+00:00,2,11.11,22.36,0.06,0.1,48.62,108.34,0.0,0,0.0,17,24,3,1,False,190.59,0.0,0.0,0.0,2.0
Karachi,2026-04-04 01:00:00+00:00,3,6.04,20.4,0.29,0.37,134.73,133.02,0.0,0,0.0,1,4,4,5,True,294.85,0.0,0.0,0.0,3.0
Karachi,2026-01-02 22:00:00+00:00,4,52.79,95.65,1.03,9.05,141.41,286.9,0.0,0,0.0,22,2,1,4,False,586.8299999999999,0.0,0.0,0.0,4.0
Karachi,2026-04-14 09:00:00+00:00,3,21.19,85.93,0.21,0.51,93.52,117.94,0.0,0,0.0,9,14,4,1,False,319.3,0.0,0.0,0.0,3.0
Karachi,2026-04-01 03:00:00+00:00,3,9.81,28.31,0.14,0.42,115.4,116.03,0.0,0,0.0,3,1,4,2,False,270.11,0.0,0.0,0.0,3.0
Karachi,2026-04-09 22:00:00+00:00,3,23.9,71.2,0.08,0.31,114.58,127.69,0.0,0,0.0,22,9,4,3,False,337.76,0.0,0.0,0.0,3.0
Karachi,2026-01-13 06:00:00+00:00,4,63.92,118.39,1.74,15.89,125.36,343.13,0.0,0,0.0,6,13,1,1,False,668.4300000000001,0.0,0.0,0.0,4.0
Karachi,2026-01-10 08:00:00+00:00,3,26.48,64.57,1.12,6.56,119.9,193.83,0.0,0,0.0,8,10,1,5,True,412.46000000000004,0.0,0.0,0.0,3.0
Karachi,2026-02-04 21:00:00+00:00,4,70.11,130.94,2.85,7.44,146.8,377.12,0.0,0,0.0,21,4,2,2,False,735.26,0.0,0.0,0.0,4.0
Karachi,2026-04-22 23:00:00+00:00,3,32.37,99.65,0.1,0.33,54.37,103.0,0.0,0,0.0,23,22,4,2,False,289.82000000000005,0.0,0.0,-1.0,3.0
Karachi,2026-03-19 03:00:00+00:00,3,35.87,90.63,0.08,0.28,68.72,123.38,0.0,0,0.0,3,19,3,3,False,318.96,0.0,0.0,0.0,3.0
Karachi,2026-02-08 20:00:00+00:00,3,46.88,91.32,0.1,0.12,94.52,194.02,0.0,0,0.0,20,8,2,6,True,426.96000000000004,0.0,0.0,0.0,3.0
Karachi,2026-01-26 06:00:00+00:00,3,39.88,99.88,1.19,5.23,128.5,316.7,0.0,0,0.0,6,26,1,0,False,591.3799999999999,0.0,0.0,0.0,4.0
Karachi,2026-04-25 18:00:00+00:00,4,36.84,107.33,0.1,0.39,50.11,104.55,0.0,0,0.0,18,25,4,5,True,299.32,0.0,0.0,0.0,4.0
Karachi,2026-04-12 16:00:00+00:00,4,45.86,139.15,0.09,0.18,82.28,138.24,0.0,0,0.0,16,12,4,6,True,405.8,0.0,0.0,0.0,4.0
Karachi,2026-02-16 06:00:00+00:00,2,18.68,30.23,0.05,0.09,91.54,129.61,0.0,0,0.0,6,16,2,0,False,270.20000000000005,0.0,0.0,-1.0,2.0
Karachi,2026-05-08 19:00:00+00:00,3,14.73,57.37,0.09,0.35,50.18,94.89,0.0,0,0.0,19,8,5,4,False,217.61,0.0,0.0,0.0,3.0
Karachi,2026-03-11 20:00:00+00:00,4,47.36,191.41,0.16,0.37,71.45,132.78,0.0,0,0.0,20,11,3,2,False,443.53,0.0,0.0,0.0,5.0
Karachi,2026-02-26 14:00:00+00:00,3,29.02,71.62,0.04,0.46,95.67,133.29,0.0,0,0.0,14,26,2,3,False,330.1,0.0,0.0,0.0,3.0
Karachi,2026-05-05 21:00:00+00:00,3,20.5,87.95,0.1,0.36,55.67,114.67,0.0,0,0.0,21,5,5,1,False,279.25,0.0,0.0,0.0,3.0
Karachi,2026-03-08 22:00:00+00:00,3,20.58,44.0,0.13,0.37,103.94,149.0,0.0,0,0.0,22,8,3,6,True,318.02,0.0,0.0,0.0,3.0
Karachi,2026-03-26 15:00:00+00:00,2,14.35,29.35,0.03,0.07,55.99,103.06,0.0,0,0.0,15,26,3,3,False,202.85000000000002,0.0,0.0,0.0,2.0
Karachi,2026-04-09 15:00:00+00:00,3,25.09,76.18,0.05,0.46,117.52,130.47,0.0,0,0.0,15,9,4,3,False,349.77,0.0,0.0,0.0,3.0
Karachi,2026-02-03 04:00:00+00:00,4,74.93,153.7,2.59,9.91,125.8,439.16,0.0,0,0.0,4,3,2,1,False,806.09,0.0,0.0,-1.0,4.0
Karachi,2026-01-08 12:00:00+00:00,3,36.87,75.77,1.06,4.4,121.04,237.07,0.0,0,0.0,12,8,1,3,False,476.21,0.0,0.0,0.0,3.0
Karachi,2026-01-12 23:00:00+00:00,4,53.7,99.7,1.24,10.8,136.81,282.96,0.0,0,0.0,23,12,1,0,False,585.21,0.0,0.0,0.0,4.0
Karachi,2026-02-12 11:00:00+00:00,5,84.21,160.71,3.09,8.03,141.51,456.16,0.0,0,0.0,11,12,2,3,False,853.71,0.0,0.0,0.0,5.0
Karachi,2026-04-19 23:00:00+00:00,3,29.19,77.63,0.11,0.62,109.85,121.15,0.0,0,0.0,23,19,4,6,True,338.54999999999995,0.0,0.0,0.0,3.0
Karachi,2026-01-18 20:00:00+00:00,3,19.26,68.9,0.17,0.28,105.92,122.87,0.0,0,0.0,20,18,1,6,True,317.40000000000003,0.0,0.0,0.0,3.0
Karachi,2026-03-08 19:00:00+00:00,3,20.25,43.33,0.14,0.36,102.19,147.62,0.0,0,0.0,19,8,3,6,True,313.89,0.0,0.0,0.0,3.0
Karachi,2026-04-04 03:00:00+00:00,3,5.96,21.0,0.26,0.37,134.45,132.79,0.0,0,0.0,3,4,4,5,True,294.83,0.0,0.0,0.0,3.0
Karachi,2026-02-26 12:00:00+00:00,3,29.53,73.17,0.04,0.51,99.8,135.69,0.0,0,0.0,12,26,2,3,False,338.74,0.0,0.0,0.0,3.0
Karachi,2026-02-10 18:00:00+00:00,3,32.89,64.36,0.15,0.43,92.71,162.01,0.0,0,0.0,18,10,2,1,False,352.55,0.0,0.0,0.0,3.0
Karachi,2026-05-14 14:00:00+00:00,2,7.55,37.6,0.04,0.32,40.16,75.24,0.0,0,0.0,14,14,5,3,False,160.90999999999997,0.0,0.0,0.0,2.0
Karachi,2026-02-21 02:00:00+00:00,4,50.1,104.05,4.06,7.76,119.69,409.19,0.0,0,0.0,2,21,2,5,True,694.8499999999999,0.0,0.0,0.0,4.0
Karachi,2026-05-13 11:00:00+00:00,3,26.97,80.62,0.08,0.73,92.63,105.54,0.0,0,0.0,11,13,5,2,False,306.57,0.0,0.0,0.0,3.0
Karachi,2026-03-07 02:00:00+00:00,3,33.81,95.41,0.13,0.44,81.64,118.03,0.0,0,0.0,2,7,3,5,True,329.46000000000004,0.0,0.0,0.0,3.0
Karachi,2026-01-16 00:00:00+00:00,3,16.29,33.47,0.12,0.22,101.04,131.57,0.0,0,0.0,0,16,1,4,False,282.71,0.0,0.0,0.0,3.0
Karachi,2026-04-23 00:00:00+00:00,3,32.68,99.14,0.09,0.34,54.28,103.37,0.0,0,0.0,0,23,4,3,False,289.9,0.0,0.0,0.0,3.0
Karachi,2026-03-05 23:00:00+00:00,3,25.85,53.12,0.08,0.25,75.26,114.76,0.0,0,0.0,23,5,3,3,False,269.32,0.0,0.0,0.0,3.0
Karachi,2026-01-26 08:00:00+00:00,4,44.68,114.78,1.26,5.39,128.66,328.01,0.0,0,0.0,8,26,1,0,False,622.78,0.0,0.0,0.0,4.0
Karachi,2026-03-27 14:00:00+00:00,1,4.12,9.41,0.02,0.07,40.56,99.03,0.0,0,0.0,14,27,3,4,False,153.21,0.0,0.0,0.0,1.0
Karachi,2026-03-16 07:00:00+00:00,3,16.47,50.85,0.13,0.37,102.28,124.73,0.0,0,0.0,7,16,3,0,False,294.83,0.0,0.0,0.0,3.0
Karachi,2026-03-22 22:00:00+00:00,2,19.65,39.99,0.07,0.08,61.48,107.1,0.0,0,0.0,22,22,3,6,True,228.37,0.0,0.0,0.0,2.0
Karachi,2026-04-18 06:00:00+00:00,4,51.49,163.4,0.07,0.22,84.94,115.17,0.0,0,0.0,6,18,4,5,True,415.29,0.0,0.0,0.0,4.0
Karachi,2026-04-15 08:00:00+00:00,3,21.17,59.71,0.21,0.6,119.81,126.14,0.0,0,0.0,8,15,4,2,False,327.64,0.0,0.0,0.0,3.0
Karachi,2026-04-02 06:00:00+00:00,3,12.12,27.09,0.09,0.17,100.43,119.29,0.0,0,0.0,6,2,4,3,False,259.19,0.0,0.0,0.0,2.0
Karachi,2026-02-08 18:00:00+00:00,3,49.79,96.06,0.09,0.14,93.55,203.72,0.0,0,0.0,18,8,2,6,True,443.35,0.0,0.0,-1.0,3.0
Karachi,2026-03-23 18:00:00+00:00,1,8.69,13.15,0.05,0.06,50.55,109.44,0.0,0,0.0,18,23,3,0,False,181.94,0.0,0.0,0.0,1.0
Karachi,2026-03-16 09:00:00+00:00,3,17.84,57.02,0.17,0.35,99.92,126.76,0.0,0,0.0,9,16,3,0,False,302.06,0.0,0.0,0.0,3.0
Karachi,2026-02-05 20:00:00+00:00,5,77.83,143.4,1.56,6.67,158.94,377.55,0.0,0,0.0,20,5,2,3,False,765.95,0.0,0.0,0.0,5.0
Karachi,2026-04-28 09:00:00+00:00,3,31.82,84.85,0.12,0.54,82.05,116.61,0.0,0,0.0,9,28,4,1,False,315.99,0.0,0.0,0.0,3.0
Karachi,2026-03-26 17:00:00+00:00,2,13.39,26.87,0.03,0.06,53.94,102.22,0.0,0,0.0,17,26,3,3,False,196.51,0.0,0.0,0.0,2.0
Karachi,2026-05-08 17:00:00+00:00,3,14.46,57.31,0.06,0.35,47.63,94.36,0.0,0,0.0,17,8,5,4,False,214.17000000000002,0.0,0.0,0.0,3.0
Karachi,2026-01-24 08:00:00+00:00,3,6.57,29.94,1.48,3.98,102.38,155.81,0.0,0,0.0,8,24,1,5,True,300.15999999999997,0.0,0.0,0.0,3.0
Karachi,2026-04-11 15:00:00+00:00,3,27.54,77.96,0.06,0.26,95.28,138.97,0.0,0,0.0,15,11,4,5,True,340.07000000000005,0.0,0.0,0.0,3.0
Karachi,2026-04-14 11:00:00+00:00,4,28.21,108.39,0.13,0.55,99.16,118.67,0.0,0,0.0,11,14,4,1,False,355.11,0.0,0.0,1.0,4.0
Karachi,2026-02-02 06:00:00+00:00,3,18.84,51.86,1.07,3.95,103.07,199.73,0.0,0,0.0,6,2,2,0,False,378.52,0.0,0.0,0.0,3.0
Karachi,2026-04-24 19:00:00+00:00,3,33.3,67.8,0.12,0.28,49.72,106.91,0.0,0,0.0,19,24,4,4,False,258.13,0.0,0.0,0.0,3.0
Karachi,2026-02-03 02:00:00+00:00,5,94.41,184.44,2.07,8.17,147.29,471.02,0.0,0,0.0,2,3,2,1,False,907.4,0.0,0.0,0.0,5.0
Karachi,2026-01-08 10:00:00+00:00,3,42.59,92.5,1.38,4.67,117.49,251.3,0.0,0,0.0,10,8,1,3,False,509.93,0.0,0.0,0.0,3.0
Karachi,2026-01-18 18:00:00+00:00,3,17.2,61.96,0.18,0.28,106.15,121.11,0.0,0,0.0,18,18,1,6,True,306.88,0.0,0.0,0.0,3.0
Karachi,2026-03-10 17:00:00+00:00,3,26.56,71.08,0.07,0.25,78.26,120.92,0.0,0,0.0,17,10,3,1,False,297.14,0.0,0.0,0.0,3.0
Karachi,2026-04-12 13:00:00+00:00,4,44.3,128.42,0.1,0.18,87.04,139.06,0.0,0,0.0,13,12,4,6,True,399.09999999999997,0.0,0.0,0.0,4.0
Karachi,2026-02-11 15:00:00+00:00,5,112.01,220.26,1.47,8.27,186.39,518.91,0.0,0,0.0,15,11,2,2,False,1047.31,0.0,0.0,0.0,5.0
Karachi,2026-01-27 04:00:00+00:00,3,40.46,90.52,1.47,7.97,127.85,334.26,0.0,0,0.0,4,27,1,1,False,602.53,0.0,0.0,0.0,3.0
Karachi,2026-05-04 04:00:00+00:00,4,38.01,109.45,0.15,0.67,104.92,126.56,0.0,0,0.0,4,4,5,0,False,379.76,0.0,0.0,0.0,4.0
Karachi,2026-03-19 06:00:00+00:00,3,37.08,96.06,0.06,0.24,74.2,125.02,0.0,0,0.0,6,19,3,3,False,332.65999999999997,0.0,0.0,0.0,3.0
Karachi,2026-02-10 16:00:00+00:00,3,35.33,68.28,0.1,0.43,91.8,167.88,0.0,0,0.0,16,10,2,1,False,363.82,0.0,0.0,0.0,3.0
Karachi,2026-03-07 23:00:00+00:00,3,19.81,53.51,0.14,0.5,109.53,133.88,0.0,0,0.0,23,7,3,5,True,317.37,0.0,0.0,0.0,3.0
Karachi,2026-02-24 16:00:00+00:00,3,33.35,90.97,0.06,0.29,90.75,161.71,0.0,0,0.0,16,24,2,1,False,377.13,0.0,0.0,0.0,3.0
Karachi,2026-01-05 14:00:00+00:00,4,65.68,136.17,0.84,14.05,141.02,317.57,0.0,0,0.0,14,5,1,0,False,675.3299999999999,0.0,0.0,0.0,4.0
Karachi,2026-03-18 07:00:00+00:00,3,34.76,90.11,0.09,0.39,73.53,122.07,0.0,0,0.0,7,18,3,2,False,320.95,0.0,0.0,0.0,3.0
Karachi,2026-01-15 22:00:00+00:00,2,15.4,32.1,0.12,0.2,99.74,130.64,0.0,0,0.0,22,15,1,3,False,278.2,0.0,0.0,0.0,3.0
Karachi,2026-01-04 15:00:00+00:00,3,42.72,72.7,0.43,6.97,127.6,250.23,0.0,0,0.0,15,4,1,6,True,500.65,0.0,0.0,0.0,3.0
Karachi,2026-04-06 01:00:00+00:00,3,24.37,81.39,0.07,0.25,96.89,125.89,0.0,0,0.0,1,6,4,0,False,328.86,0.0,0.0,0.0,3.0
Karachi,2026-05-01 08:00:00+00:00,4,37.58,111.96,0.14,0.57,73.84,104.87,0.0,0,0.0,8,1,5,4,False,328.96,0.0,0.0,0.0,4.0
Karachi,2026-04-20 01:00:00+00:00,3,29.12,77.49,0.1,0.62,107.93,119.42,0.0,0,0.0,1,20,4,0,False,334.68,0.0,0.0,0.0,3.0
Karachi,2026-01-23 09:00:00+00:00,3,4.2,22.47,0.34,0.38,104.78,149.57,0.0,0,0.0,9,23,1,4,False,281.74,0.0,0.0,0.0,3.0
Karachi,2026-05-11 16:00:00+00:00,3,15.57,62.74,0.05,0.34,54.62,87.62,0.0,0,0.0,16,11,5,0,False,220.94,0.0,0.0,0.0,3.0
Karachi,2026-04-30 09:00:00+00:00,3,37.17,95.87,0.12,0.53,82.53,116.27,0.0,0,0.0,9,30,4,3,False,332.49,0.0,0.0,0.0,3.0
Karachi,2026-03-30 12:00:00+00:00,3,9.76,34.79,0.16,0.79,125.82,122.1,0.0,0,0.0,12,30,3,0,False,293.41999999999996,0.0,0.0,0.0,3.0
Karachi,2026-01-02 20:00:00+00:00,4,53.37,96.46,1.0,8.34,141.67,280.54,0.0,0,0.0,20,2,1,4,False,581.38,0.0,0.0,0.0,4.0
Karachi,2026-03-19 05:00:00+00:00,3,36.95,95.97,0.07,0.24,71.3,124.09,0.0,0,0.0,5,19,3,3,False,328.62,0.0,0.0,0.0,3.0
Karachi,2026-01-16 20:00:00+00:00,3,27.69,67.4,0.2,0.37,105.96,135.25,0.0,0,0.0,20,16,1,4,False,336.87,0.0,0.0,0.0,3.0
Karachi,2026-05-05 03:00:00+00:00,3,34.61,92.72,0.08,0.57,99.03,126.06,0.0,0,0.0,3,5,5,1,False,353.07,0.0,0.0,0.0,3.0
Karachi,2026-03-29 13:00:00+00:00,2,4.74,12.69,0.14,0.23,63.81,118.85,0.0,0,0.0,13,29,3,6,True,200.45999999999998,0.0,0.0,0.0,2.0
Karachi,2026-04-23 20:00:00+00:00,3,33.47,79.64,0.12,0.31,50.46,106.49,0.0,0,0.0,20,23,4,3,False,270.49,0.0,0.0,0.0,3.0
Karachi,2026-05-15 01:31:28+00:00,2,7.36,43.42,0.08,0.33,32.34,70.33,29.08,70,5.14,1,15,5,4,False,153.86,20.355999999999998,0.17614804660726524,0.0,2.0
Karachi,2026-05-15 03:04:00+00:00,2,7.36,43.0,0.08,0.33,33.29,70.84,29.08,74,7.2,3,15,5,4,False,154.9,21.5192,0.24674434544208362,0.0,
Karachi,2026-05-14 22:17:57+00:00,2,7.36,43.0,0.08,0.33,33.29,70.84,29.08,74,7.2,22,14,5,3,False,154.9,21.5192,0.24674434544208362,0.0,
Karachi,2026-05-14 23:08:00+00:00,2,7.45,43.24,0.08,0.33,34.41,71.46,29.08,74,7.2,23,14,5,3,False,156.96999999999997,21.5192,0.24674434544208362,0.0,
Karachi,2026-05-15 04:01:38+00:00,2,8.13,45.37,0.07,0.34,37.08,74.85,32.08,55,7.72,4,15,5,4,False,165.84,17.644,0.2399005593536358,0.0,
Karachi,2026-05-15 07:00:23+00:00,2,8.24,44.57,0.04,0.31,37.78,75.89,34.08,46,8.23,7,15,5,4,False,166.82999999999998,15.676799999999998,0.24078408425980108,0.0,
Karachi,2026-05-15 08:01:32+00:00,2,8.3,44.41,0.04,0.31,37.37,76.0,35.08,43,9.77,8,15,5,4,False,166.43,15.084399999999999,0.2777146105741899,0.0,
Karachi,2026-05-15 11:26:15+00:00,2,8.45,44.08,0.04,0.3,35.44,76.2,34.08,49,10.8,11,15,5,4,False,164.51,16.699199999999998,0.3159742539496782,0.0,
Karachi,2026-05-15 14:25:30+00:00,2,8.48,43.73,0.06,0.28,38.65,77.54,31.08,66,8.75,14,15,5,4,False,168.74,20.5128,0.28062860808210394,0.0,
Karachi,2026-05-15 16:55:49+00:00,2,8.29,43.21,0.06,0.27,39.53,77.57,29.08,74,6.17,16,15,5,4,False,168.93,21.5192,0.21144619602467443,0.0,
Karachi,2026-05-15 18:26:19+00:00,2,8.31,43.56,0.06,0.28,40.05,77.82,29.08,74,6.69,18,15,5,4,False,170.07999999999998,21.5192,0.22926662097326939,0.0,
Karachi,2026-05-15 20:19:33+00:00,2,8.4,44.93,0.06,0.28,41.95,78.33,29.08,74,5.14,20,15,5,4,False,173.95,21.5192,0.17614804660726524,0.0,
Karachi,2026-05-15 22:05:04+00:00,2,8.53,46.16,0.06,0.29,44.26,78.91,29.09,70,7.2,22,15,5,4,False,178.20999999999998,20.363,0.24665981500513876,0.0,
Karachi,2026-05-15 23:59:33+00:00,2,8.58,46.17,0.06,0.3,45.53,79.13,28.08,74,5.14,23,15,5,4,False,179.76999999999998,20.7792,0.18239886444286726,0.0,
Karachi,2026-05-16 03:56:15+00:00,2,9.07,49.25,0.05,0.29,48.37,80.13,32.08,55,5.66,3,16,5,5,True,187.16,17.644,0.17588564325668118,0.0,
Karachi,2026-05-16 06:24:49+00:00,3,10.11,55.04,0.04,0.27,49.82,81.34,34.08,43,5.14,6,16,5,5,True,196.62,14.654399999999999,0.15038033937975423,0.0,
Karachi,2026-05-16 08:53:48+00:00,3,10.75,58.37,0.03,0.23,47.09,81.43,36.08,44,7.72,8,16,5,5,True,197.90000000000003,15.8752,0.21337755666113875,0.0,
Karachi,2026-05-16 10:22:36+00:00,3,10.76,58.38,0.03,0.21,46.13,81.53,35.08,43,7.72,10,16,5,5,True,197.04,15.084399999999999,0.21944286526435475,0.0,
Karachi,2026-05-16 11:57:57+00:00,3,10.62,57.13,0.03,0.2,45.17,81.47,34.08,49,7.2,11,16,5,5,True,194.62,16.699199999999998,0.2106495026331188,0.0,
Karachi,2026-05-16 13:52:51+00:00,3,9.46,50.95,0.05,0.19,43.34,80.71,31.08,58,7.2,13,16,5,5,True,184.7,18.0264,0.23091725465041693,0.0,
Karachi,2026-05-16 15:04:25+00:00,3,9.43,50.43,0.06,0.19,43.75,80.89,30.08,66,5.14,15,16,5,5,True,184.75,19.8528,0.17031146454605697,0.0,
Karachi,2026-05-16 17:03:08+00:00,3,9.46,50.08,0.06,0.19,45.1,81.15,29.08,74,4.12,17,16,5,5,True,186.04000000000002,21.5192,0.14119259766963674,0.0,
Karachi,2026-05-16 19:16:51+00:00,2,9.5,49.63,0.05,0.2,46.18,81.66,29.08,74,6.17,19,16,5,5,True,187.22,21.5192,0.21144619602467443,0.0,
Karachi,2026-05-16 20:59:04+00:00,2,9.57,49.38,0.05,0.2,47.18,82.16,28.08,74,5.66,20,16,5,5,True,188.54,20.7792,0.20085166784953867,0.0,
Karachi,2026-05-16 21:59:47+00:00,2,9.67,49.44,0.05,0.21,47.54,82.58,28.08,74,4.12,21,16,5,5,True,189.49,20.7792,0.14620298083747338,0.0,
Karachi,2026-05-16 23:01:36+00:00,2,9.82,49.64,0.05,0.21,47.88,82.98,28.08,74,4.63,23,16,5,5,True,190.57999999999998,20.7792,0.16430092264017032,0.0,
Karachi,2026-05-17 04:07:15+00:00,3,11.44,54.78,0.04,0.19,52.39,85.66,31.08,62,5.14,4,17,5,6,True,204.5,19.269599999999997,0.16484926234765876,0.0,
Karachi,2026-05-17 07:37:30+00:00,3,12.71,62.03,0.02,0.16,47.35,86.0,37.08,32,9.26,7,17,5,6,True,208.27,11.865599999999999,0.2490586336740183,0.0,
Karachi,2026-05-17 09:54:36+00:00,3,13.18,67.02,0.03,0.15,43.52,85.79,37.08,34,8.23,9,17,5,6,True,209.69,12.6072,0.22135556750941368,0.0,
Karachi,2026-05-17 11:16:46+00:00,3,13.33,69.52,0.03,0.15,42.34,85.55,35.08,38,7.72,11,17,5,6,True,210.92000000000002,13.3304,0.21944286526435475,0.0,
Karachi,2026-05-17 13:48:52+00:00,3,11.94,63.15,0.05,0.17,39.36,83.71,32.08,55,6.17,13,17,5,6,True,198.38,17.644,0.19173399627097576,0.0,
Karachi,2026-05-17 15:04:34+00:00,3,11.57,62.05,0.06,0.18,39.56,83.38,29.08,74,6.17,15,17,5,6,True,196.8,21.5192,0.21144619602467443,0.0,
Karachi,2026-05-17 17:05:57+00:00,3,10.91,59.9,0.06,0.19,41.58,83.24,29.08,74,5.66,17,17,5,6,True,195.88,21.5192,0.1939684715558602,0.0,
Karachi,2026-05-17 19:20:06+00:00,3,10.36,56.89,0.06,0.21,44.34,83.32,28.08,74,4.63,19,17,5,6,True,195.18,20.7792,0.16430092264017032,0.0,
Karachi,2026-05-17 21:03:10+00:00,3,9.95,54.17,0.06,0.21,46.09,83.22,28.08,74,4.12,21,17,5,6,True,193.7,20.7792,0.14620298083747338,0.0,
Karachi,2026-05-17 22:59:45+00:00,3,9.59,51.87,0.05,0.22,46.69,82.95,28.08,78,3.09,22,17,5,6,True,191.37,21.902399999999997,0.10965223562810504,0.0,
Karachi,2026-05-18 00:06:28+00:00,3,9.38,50.71,0.05,0.22,46.95,82.74,28.08,74,5.14,0,18,5,0,False,190.05,20.7792,0.18239886444286726,0.0,
Karachi,2026-05-18 05:12:32+00:00,3,10.36,62.27,0.03,0.21,55.06,84.49,33.09,49,7.2,5,18,5,0,False,212.42,16.214100000000002,0.21693281108767698,0.0,
Karachi,2026-05-18 10:20:24+00:00,3,11.33,71.79,0.03,0.2,48.8,83.43,34.08,46,12.86,10,18,5,0,False,215.58,15.676799999999998,0.3762434172030427,0.0,
Karachi,2026-05-18 14:26:36+00:00,3,10.26,63.62,0.05,0.23,47.54,83.04,30.09,66,7.72,14,18,5,0,False,204.74,19.8594,0.2557138125207022,0.0,
Karachi,2026-05-18 17:34:01+00:00,3,8.63,50.35,0.06,0.27,47.18,82.15,29.08,74,8.75,17,18,5,0,False,188.64000000000001,21.5192,0.2998629198080877,0.0,
Karachi,2026-05-18 19:56:06+00:00,3,9.48,53.19,0.06,0.29,50.09,83.37,29.08,74,8.75,19,18,5,0,False,196.48000000000002,21.5192,0.2998629198080877,0.0,
Karachi,2026-05-18 21:20:44+00:00,3,10.01,55.65,0.06,0.3,51.68,84.09,29.08,74,8.75,21,18,5,0,False,201.79,21.5192,0.2998629198080877,0.0,
Karachi,2026-05-18 23:08:16+00:00,3,10.72,58.96,0.06,0.32,53.76,85.26,29.08,74,8.75,23,18,5,0,False,209.07999999999998,21.5192,0.2998629198080877,0.0,
Karachi,2026-05-19 04:15:02+00:00,3,11.83,58.61,0.05,0.32,58.65,87.84,31.08,62,5.14,4,19,5,1,False,217.29999999999998,19.269599999999997,0.16484926234765876,0.0,
Karachi,2026-05-19 08:34:30+00:00,3,13.43,60.86,0.03,0.29,51.96,87.59,35.08,49,11.83,8,19,5,1,False,214.16,17.1892,0.3362706083001706,0.0,
Karachi,2026-05-19 12:17:37+00:00,3,14.81,66.76,0.04,0.29,49.86,87.66,33.08,55,9.26,12,19,5,1,False,219.42000000000002,18.194,0.27908378541289935,0.0,
Karachi,2026-05-19 16:28:48+00:00,3,14.66,65.15,0.07,0.3,50.57,88.87,30.08,74,6.69,16,19,5,1,False,219.62,22.2592,0.22166998011928432,0.0,
Karachi,2026-05-19 19:08:50+00:00,3,15.66,70.83,0.07,0.33,50.15,89.17,29.08,84,5.14,19,19,5,1,False,226.20999999999998,24.4272,0.17614804660726524,0.0,
Karachi,2026-05-19 21:27:18+00:00,3,16.05,76.44,0.08,0.35,49.38,88.9,29.08,79,5.14,21,19,5,1,False,231.2,22.9732,0.17614804660726524,0.0,
Karachi,2026-05-19 23:12:40+00:00,3,16.64,87.1,0.07,0.38,49.61,88.26,28.08,83,4.12,23,19,5,1,False,242.06,23.3064,0.14620298083747338,0.0,
Karachi,2026-05-20 04:16:04+00:00,4,22.22,142.32,0.07,0.37,55.34,87.52,31.08,62,6.69,4,20,5,2,False,307.84,19.269599999999997,0.21456061577934574,0.0,
Karachi,2026-05-20 08:29:01+00:00,4,23.49,158.18,0.04,0.34,53.98,87.68,35.08,46,9.26,8,20,5,2,False,323.71000000000004,16.136799999999997,0.2632177373507675,0.0,
Karachi,2026-05-20 11:54:25+00:00,4,21.4,131.11,0.05,0.32,48.66,86.87,35.08,36,8.75,11,20,5,2,False,288.41,12.628799999999998,0.2487208641273451,0.0,
Karachi,2026-05-20 15:43:24+00:00,3,17.15,89.12,0.08,0.32,47.99,87.08,30.08,62,8.75,15,20,5,2,False,241.74,18.6496,0.2899271040424122,0.0,
Karachi,2026-05-20 18:26:25+00:00,3,16.35,81.93,0.07,0.34,49.08,88.04,29.08,74,9.26,18,20,5,2,False,235.81,21.5192,0.317340644276902,0.0,
Karachi,2026-05-28 10:19:40+00:00,3,12.03,56.62,0.05,0.37,31.73,74.85,35.08,52,11.83,10,28,5,3,False,175.64999999999998,18.2416,0.3362706083001706,0.0,
Karachi,2026-05-28 14:43:26+00:00,3,12.98,59.69,0.09,0.41,31.84,75.09,31.08,70,8.75,14,28,5,3,False,180.10000000000002,21.756,0.28062860808210394,0.0,
Karachi,2026-05-28 18:12:20+00:00,3,12.34,56.66,0.09,0.41,33.11,76.16,31.08,74,6.17,18,28,5,3,False,178.76999999999998,22.999200000000002,0.19788325849903785,0.0,
Karachi,2026-05-28 21:14:50+00:00,3,12.42,58.16,0.1,0.42,33.62,77.5,30.08,79,7.2,21,28,5,3,False,182.22,23.763199999999998,0.2385685884691849,0.0,
Karachi,2026-05-28 23:25:28+00:00,3,13.0,61.59,0.1,0.43,33.63,78.18,30.08,79,7.2,23,28,5,3,False,186.93,23.763199999999998,0.2385685884691849,0.0,
Karachi,2026-05-29 04:22:09+00:00,3,15.77,73.72,0.09,0.45,35.51,78.43,32.08,66,5.66,4,29,5,4,False,203.97,21.1728,0.17588564325668118,0.0,
Karachi,2026-05-29 08:43:23+00:00,3,16.95,77.0,0.05,0.41,34.34,74.74,37.08,47,10.29,8,29,5,4,False,203.49,17.427599999999998,0.2767616998386229,0.0,
Karachi,2026-05-29 12:24:55+00:00,3,16.32,75.29,0.05,0.41,33.61,74.03,34.08,55,9.77,12,29,5,4,False,199.71,18.744,0.2858396723229959,0.0,
Karachi,2026-05-29 16:52:28+00:00,3,14.7,70.4,0.1,0.44,33.21,73.46,30.08,79,7.72,16,29,5,4,False,192.31,23.763199999999998,0.25579854208084823,0.0,
Karachi,2026-05-29 19:38:12+00:00,3,14.08,68.67,0.11,0.45,34.64,75.31,30.08,79,7.72,19,29,5,4,False,193.26,23.763199999999998,0.25579854208084823,0.0,
Karachi,2026-05-29 22:00:03+00:00,3,14.47,71.71,0.11,0.47,36.79,76.92,30.08,79,5.14,22,29,5,4,False,200.46999999999997,23.763199999999998,0.17031146454605697,0.0,
Karachi,2026-05-29 23:26:04+00:00,3,15.04,75.39,0.12,0.49,38.79,77.58,30.09,79,4.63,23,29,5,4,False,207.41000000000003,23.7711,0.153362040410732,0.0,
Karachi,2026-05-30 04:07:22+00:00,3,16.23,78.38,0.1,0.51,38.66,76.93,32.08,70,7.72,4,30,5,5,True,210.81,22.456,0.2399005593536358,0.0,
Karachi,2026-05-30 07:47:04+00:00,3,15.8,71.52,0.05,0.43,36.84,76.41,35.08,55,6.17,7,30,5,5,True,201.05,19.293999999999997,0.17538374076179647,0.0,
Karachi,2026-05-30 09:59:56+00:00,3,15.83,70.64,0.05,0.42,35.37,75.21,36.08,52,9.26,9,30,5,5,True,197.51999999999998,18.761599999999998,0.25594250967385296,0.0,
Karachi,2026-05-30 12:09:42+00:00,3,15.49,70.83,0.06,0.41,35.34,74.63,34.08,59,8.23,12,30,5,5,True,196.76,20.1072,0.24078408425980108,0.0,
Karachi,2026-05-30 14:45:48+00:00,3,15.56,75.08,0.09,0.45,37.29,75.74,31.08,74,7.2,14,30,5,5,True,204.20999999999998,22.999200000000002,0.23091725465041693,0.0,
Karachi,2026-05-30 16:12:05+00:00,3,15.8,76.24,0.09,0.46,37.52,75.64,31.09,74,6.17,16,30,5,5,True,205.75,23.0066,0.19781981404296248,0.0,
Karachi,2026-05-30 18:08:59+00:00,3,15.87,76.42,0.1,0.47,37.71,75.93,31.08,70,6.17,18,30,5,5,True,206.5,21.756,0.19788325849903785,0.0,
Karachi,2026-05-30 20:14:55+00:00,3,15.6,75.44,0.1,0.47,36.65,75.43,31.08,70,6.69,20,30,5,5,True,203.69,21.756,0.21456061577934574,0.0,
Karachi,2026-05-30 22:07:37+00:00,3,15.72,75.75,0.1,0.46,35.52,74.75,30.08,74,4.12,22,30,5,5,True,202.29999999999998,22.2592,0.1365142478462558,0.0,
Karachi,2026-05-31 00:10:01+00:00,3,15.76,75.5,0.1,0.46,34.87,74.93,30.09,70,5.14,0,31,5,6,True,201.62,21.063000000000002,0.1702550513415038,0.0,
Karachi,2026-05-31 05:26:03+00:00,3,14.63,71.17,0.06,0.4,34.71,74.97,33.08,58,6.69,5,31,5,6,True,195.94,19.1864,0.20162748643761302,0.0,
Karachi,2026-05-31 08:55:20+00:00,3,14.69,70.94,0.05,0.37,32.41,72.57,35.08,49,6.69,8,31,5,6,True,191.02999999999997,17.1892,0.19016486640136443,0.0,
Karachi,2026-05-31 11:06:59+00:00,3,14.73,71.75,0.05,0.37,32.34,72.54,34.08,55,7.72,11,31,5,6,True,191.78000000000003,18.744,0.22586307782328846,0.0,
Karachi,2026-05-31 14:03:41+00:00,3,14.19,68.27,0.07,0.37,33.12,72.68,32.08,62,7.2,14,31,5,6,True,188.7,19.889599999999998,0.22374145431945308,0.0,
Karachi,2026-05-31 16:20:23+00:00,3,14.3,68.43,0.08,0.37,33.64,72.85,31.08,70,5.66,16,31,5,6,True,189.67000000000002,21.756,0.18152661962796665,0.0,
Karachi,2026-05-31 18:10:53+00:00,3,14.34,68.6,0.08,0.39,33.32,73.27,31.08,70,4.63,18,31,5,6,True,190.0,21.756,0.14849262347658757,0.0,
Karachi,2026-05-31 20:19:47+00:00,3,14.11,67.86,0.09,0.39,32.99,74.11,30.08,74,2.06,20,31,5,6,True,189.55,22.2592,0.0682571239231279,0.0,
Karachi,2026-05-31 22:08:45+00:00,3,14.38,68.69,0.09,0.39,33.46,74.77,30.09,74,4.63,22,31,5,6,True,191.77999999999997,22.266599999999997,0.153362040410732,0.0,
Karachi,2026-06-01 00:13:46+00:00,3,15.14,71.31,0.09,0.39,34.34,74.75,30.08,74,2.57,0,1,6,0,False,196.02,22.2592,0.08515573227302849,0.0,
Karachi,2026-06-01 06:12:29+00:00,3,15.45,73.84,0.06,0.4,36.2,74.38,33.08,58,5.14,6,1,6,0,False,200.33,19.1864,0.15491259795057263,0.0,
Karachi,2026-06-01 12:46:01+00:00,3,14.94,74.91,0.06,0.38,33.09,74.56,33.08,55,7.2,12,1,6,0,False,197.94,18.194,0.21699819168173598,0.0,
Karachi,2026-06-01 18:46:02+00:00,3,14.82,72.91,0.08,0.38,35.68,76.82,30.08,74,5.14,18,1,6,0,False,200.68999999999997,22.2592,0.17031146454605697,0.0,
